solid JSCAD
facet normal 0 0 1
outer loop
vertex 0 46.48516073709845 4.70009802969159
vertex 0 29.999873192345486 4.70009802969159
vertex 6.999923253057627 29.999873192345486 4.70009802969159
endloop
endfacet
facet normal 0 0 1
outer loop
vertex 0 46.48516073709845 4.70009802969159
vertex 6.999923253057627 29.999873192345486 4.70009802969159
vertex 6.999923253057627 46.48516073709845 4.70009802969159
endloop
endfacet
facet normal 0 0 1
outer loop
vertex 1.5500052378935965 22.499975631993593 4.70009802969159
vertex 0 29.999873192345486 4.70009802969159
vertex -2.349907539376838 29.999873192345486 4.70009802969159
endloop
endfacet
facet normal 0 0 1
outer loop
vertex 1.5500052378935965 22.499975631993593 4.70009802969159
vertex -2.349907539376838 29.999873192345486 4.70009802969159
vertex -2.349907539376838 15.000078071641699 4.70009802969159
endloop
endfacet
facet normal 0 0 1
outer loop
vertex 1.5500052378935965 22.499975631993593 4.70009802969159
vertex -2.349907539376838 15.000078071641699 4.70009802969159
vertex 0 15.000078071641699 4.70009802969159
endloop
endfacet
facet normal 0 0 1
outer loop
vertex 1.5500052378935965 22.499975631993593 4.70009802969159
vertex 0 15.000078071641699 4.70009802969159
vertex 6.999923253057627 15.000078071641699 4.70009802969159
endloop
endfacet
facet normal 0 0 1
outer loop
vertex 1.5500052378935965 22.499975631993593 4.70009802969159
vertex 6.999923253057627 15.000078071641699 4.70009802969159
vertex 6.999923253057627 29.999873192345486 4.70009802969159
endloop
endfacet
facet normal 0 0 1
outer loop
vertex 1.5500052378935965 22.499975631993593 4.70009802969159
vertex 6.999923253057627 29.999873192345486 4.70009802969159
vertex 0 29.999873192345486 4.70009802969159
endloop
endfacet
facet normal 0 0 1
outer loop
vertex 0 15.000078071641699 4.70009802969159
vertex 0 6.999923253057627 4.70009802969159
vertex 6.999923253057627 6.999923253057627 4.70009802969159
endloop
endfacet
facet normal 0 0 1
outer loop
vertex 0 15.000078071641699 4.70009802969159
vertex 6.999923253057627 6.999923253057627 4.70009802969159
vertex 6.999923253057627 15.000078071641699 4.70009802969159
endloop
endfacet
facet normal 0 0 1
outer loop
vertex 10.599908036139086 4.199840771459411 4.70009802969159
vertex 6.999923253057627 6.999923253057627 4.70009802969159
vertex 0 6.999923253057627 4.70009802969159
endloop
endfacet
facet normal 0 0 1
outer loop
vertex 10.599908036139086 4.199840771459411 4.70009802969159
vertex 0 6.999923253057627 4.70009802969159
vertex 0 0 4.70009802969159
endloop
endfacet
facet normal 0 0 1
outer loop
vertex 10.599908036139086 4.199840771459411 4.70009802969159
vertex 0 0 4.70009802969159
vertex 22.999949939287855 0 4.70009802969159
endloop
endfacet
facet normal 0 0 0.9999999999999999
outer loop
vertex 10.599908036139086 4.199840771459411 4.70009802969159
vertex 22.999949939287855 0 4.70009802969159
vertex 22.999949939287855 6.999923253057627 4.70009802969159
endloop
endfacet
facet normal 0 0 1
outer loop
vertex 10.599908036139086 4.199840771459411 4.70009802969159
vertex 22.999949939287855 6.999923253057627 4.70009802969159
vertex 6.999923253057627 6.999923253057627 4.70009802969159
endloop
endfacet
facet normal 0 -0.9999999999999999 0
outer loop
vertex 13.80008314394788 0 2.679545382046798
vertex 0 0 4.70009802969159
vertex 0 0 1.1988631239421628
endloop
endfacet
facet normal 0 -1 0
outer loop
vertex 13.80008314394788 0 2.679545382046798
vertex 0 0 1.1988631239421628
vertex 22.999949939287855 0 1.1988631239421628
endloop
endfacet
facet normal 0 -1 0
outer loop
vertex 13.80008314394788 0 2.679545382046798
vertex 22.999949939287855 0 1.1988631239421628
vertex 22.999949939287855 0 1.6000875539043973
endloop
endfacet
facet normal 0 -1 0
outer loop
vertex 13.80008314394788 0 2.679545382046798
vertex 22.999949939287855 0 1.6000875539043973
vertex 22.999949939287855 0 4.70009802969159
endloop
endfacet
facet normal 0 -1 0
outer loop
vertex 13.80008314394788 0 2.679545382046798
vertex 22.999949939287855 0 4.70009802969159
vertex 0 0 4.70009802969159
endloop
endfacet
facet normal 0 0 -1
outer loop
vertex 14.457095221784487 41.8741922528498 0
vertex 21.799955011594037 45.285165809404624 0
vertex 27.485288207102624 39.600115564833956 0
endloop
endfacet
facet normal 0 0 -1
outer loop
vertex 14.457095221784487 41.8741922528498 0
vertex 27.485288207102624 39.600115564833956 0
vertex 22.999949939287855 39.600115564833956 0
endloop
endfacet
facet normal 0 0 -1
outer loop
vertex 14.457095221784487 41.8741922528498 0
vertex 22.999949939287855 39.600115564833956 0
vertex 0 39.600115564833956 0
endloop
endfacet
facet normal 0 0 -1
outer loop
vertex 14.457095221784487 41.8741922528498 0
vertex 0 39.600115564833956 0
vertex 0 45.285165809404624 0
endloop
endfacet
facet normal 0 0 -1
outer loop
vertex 14.457095221784487 41.8741922528498 0
vertex 0 45.285165809404624 0
vertex 21.799955011594037 45.285165809404624 0
endloop
endfacet
facet normal 0 0 -1
outer loop
vertex 22.999949939287855 39.600115564833956 0
vertex 22.687855054768573 39.56927391260131 0
vertex 0 39.56927391260131 0
endloop
endfacet
facet normal 0 0 -0.9999999999999999
outer loop
vertex 22.999949939287855 39.600115564833956 0
vertex 0 39.56927391260131 0
vertex 0 39.600115564833956 0
endloop
endfacet
facet normal 0 0 -1
outer loop
vertex 27.485288207102624 39.600115564833956 0
vertex 27.516129859335265 39.56927391260131 0
vertex 23.312044823807142 39.56927391260131 0
endloop
endfacet
facet normal 0 0 -1
outer loop
vertex 27.485288207102624 39.600115564833956 0
vertex 23.312044823807142 39.56927391260131 0
vertex 22.999949939287855 39.600115564833956 0
endloop
endfacet
facet normal 0 0 -1
outer loop
vertex 22.687855054768573 39.56927391260131 0
vertex 22.387644109641684 39.478163710592966 0
vertex 0 39.478163710592966 0
endloop
endfacet
facet normal 0 0 -1
outer loop
vertex 22.687855054768573 39.56927391260131 0
vertex 0 39.478163710592966 0
vertex 0 39.56927391260131 0
endloop
endfacet
facet normal 0 0 -0.9999999999999999
outer loop
vertex 27.516129859335265 39.56927391260131 0
vertex 27.6069571104057 39.478163710592966 0
vertex 23.61225576893403 39.478163710592966 0
endloop
endfacet
facet normal 0 0 -1
outer loop
vertex 27.516129859335265 39.56927391260131 0
vertex 23.61225576893403 39.478163710592966 0
vertex 23.312044823807142 39.56927391260131 0
endloop
endfacet
facet normal 0 0 -1
outer loop
vertex 22.387644109641684 39.478163710592966 0
vertex 22.11120104329958 39.33046332100179 0
vertex 0 39.33046332100179 0
endloop
endfacet
facet normal 0 0 -0.9999999999999999
outer loop
vertex 22.387644109641684 39.478163710592966 0
vertex 0 39.33046332100179 0
vertex 0 39.478163710592966 0
endloop
endfacet
facet normal 0 0 -1
outer loop
vertex 27.6069571104057 39.478163710592966 0
vertex 27.75494045093479 39.33046332100179 0
vertex 23.88898178621405 39.33046332100179 0
endloop
endfacet
facet normal 0 0 -1
outer loop
vertex 27.6069571104057 39.478163710592966 0
vertex 23.88898178621405 39.33046332100179 0
vertex 23.61225576893403 39.478163710592966 0
endloop
endfacet
facet normal 0 0 -1
outer loop
vertex 22.11120104329958 39.33046332100179 0
vertex 21.86871208950717 39.13126586071024 0
vertex 0 39.13126586071024 0
endloop
endfacet
facet normal 0 0 -1
outer loop
vertex 22.11120104329958 39.33046332100179 0
vertex 0 39.13126586071024 0
vertex 0 39.33046332100179 0
endloop
endfacet
facet normal 0 0 -1
outer loop
vertex 26.275107045643896 39.24161672649675 0
vertex 27.75494045093479 39.33046332100179 0
vertex 27.799929650063135 39.285191170935526 0
endloop
endfacet
facet normal 0 0 -1
outer loop
vertex 26.275107045643896 39.24161672649675 0
vertex 27.799929650063135 39.285191170935526 0
vertex 27.799929650063135 39.13126586071024 0
endloop
endfacet
facet normal 0 0 -1
outer loop
vertex 26.275107045643896 39.24161672649675 0
vertex 27.799929650063135 39.13126586071024 0
vertex 24.131470740006456 39.13126586071024 0
endloop
endfacet
facet normal 0 0 -0.9999999999999999
outer loop
vertex 26.275107045643896 39.24161672649675 0
vertex 24.131470740006456 39.13126586071024 0
vertex 23.88898178621405 39.33046332100179 0
endloop
endfacet
facet normal 0 0 -1
outer loop
vertex 26.275107045643896 39.24161672649675 0
vertex 23.88898178621405 39.33046332100179 0
vertex 27.75494045093479 39.33046332100179 0
endloop
endfacet
facet normal 0 0 -1
outer loop
vertex 21.86871208950717 39.13126586071024 0
vertex 21.669514629215623 38.88877690691783 0
vertex 0 38.88877690691783 0
endloop
endfacet
facet normal 0 0 -1
outer loop
vertex 21.86871208950717 39.13126586071024 0
vertex 0 38.88877690691783 0
vertex 0 39.13126586071024 0
endloop
endfacet
facet normal 0 0 -1
outer loop
vertex 27.799929650063135 39.13126586071024 0
vertex 27.799929650063135 38.88877690691783 0
vertex 24.33038524936009 38.88877690691783 0
endloop
endfacet
facet normal 0 0 -1
outer loop
vertex 27.799929650063135 39.13126586071024 0
vertex 24.33038524936009 38.88877690691783 0
vertex 24.131470740006456 39.13126586071024 0
endloop
endfacet
facet normal 0 0 -1
outer loop
vertex 21.669514629215623 38.88877690691783 0
vertex 21.52181423962445 38.61233384057573 0
vertex 0 38.61233384057573 0
endloop
endfacet
facet normal 0 0 -0.9999999999999999
outer loop
vertex 21.669514629215623 38.88877690691783 0
vertex 0 38.61233384057573 0
vertex 0 38.88877690691783 0
endloop
endfacet
facet normal 0 0 -0.9999999999999999
outer loop
vertex 27.799929650063135 38.88877690691783 0
vertex 27.799929650063135 38.61233384057573 0
vertex 24.478085638951264 38.61233384057573 0
endloop
endfacet
facet normal 0 0 -0.9999999999999999
outer loop
vertex 27.799929650063135 38.88877690691783 0
vertex 24.478085638951264 38.61233384057573 0
vertex 24.33038524936009 38.88877690691783 0
endloop
endfacet
facet normal 0 0 -1
outer loop
vertex 21.52181423962445 38.61233384057573 0
vertex 21.4307040376161 38.31212289544884 0
vertex 0 38.31212289544884 0
endloop
endfacet
facet normal 0 0 -1
outer loop
vertex 21.52181423962445 38.61233384057573 0
vertex 0 38.31212289544884 0
vertex 0 38.61233384057573 0
endloop
endfacet
facet normal 0 0 -0.9999999999999999
outer loop
vertex 27.799929650063135 38.61233384057573 0
vertex 27.799929650063135 38.31212289544884 0
vertex 24.569195840959615 38.31212289544884 0
endloop
endfacet
facet normal 0 0 -1
outer loop
vertex 27.799929650063135 38.61233384057573 0
vertex 24.569195840959615 38.31212289544884 0
vertex 24.478085638951264 38.61233384057573 0
endloop
endfacet
facet normal 0 0 -1
outer loop
vertex 21.4307040376161 38.31212289544884 0
vertex 21.39986238538346 38.000028010929555 0
vertex 0 38.000028010929555 0
endloop
endfacet
facet normal 0 0 -1
outer loop
vertex 21.4307040376161 38.31212289544884 0
vertex 0 38.000028010929555 0
vertex 0 38.31212289544884 0
endloop
endfacet
facet normal 0 0 -1
outer loop
vertex 27.799929650063135 38.31212289544884 0
vertex 27.799929650063135 38.000028010929555 0
vertex 24.600037493192254 38.000028010929555 0
endloop
endfacet
facet normal 0 0 -1
outer loop
vertex 27.799929650063135 38.31212289544884 0
vertex 24.600037493192254 38.000028010929555 0
vertex 24.569195840959615 38.31212289544884 0
endloop
endfacet
facet normal 0 0 -1
outer loop
vertex 21.39986238538346 38.000028010929555 0
vertex 21.4307040376161 37.68793312641027 0
vertex 0 37.68793312641027 0
endloop
endfacet
facet normal 0 0 -1
outer loop
vertex 21.39986238538346 38.000028010929555 0
vertex 0 37.68793312641027 0
vertex 0 38.000028010929555 0
endloop
endfacet
facet normal 0 0 -1
outer loop
vertex 27.799929650063135 38.000028010929555 0
vertex 27.799929650063135 37.68793312641027 0
vertex 24.569195840959615 37.68793312641027 0
endloop
endfacet
facet normal 0 0 -1
outer loop
vertex 27.799929650063135 38.000028010929555 0
vertex 24.569195840959615 37.68793312641027 0
vertex 24.600037493192254 38.000028010929555 0
endloop
endfacet
facet normal 0 0 -1
outer loop
vertex 21.4307040376161 37.68793312641027 0
vertex 21.52181423962445 37.38772218128338 0
vertex 0 37.38772218128338 0
endloop
endfacet
facet normal 0 0 -1
outer loop
vertex 21.4307040376161 37.68793312641027 0
vertex 0 37.38772218128338 0
vertex 0 37.68793312641027 0
endloop
endfacet
facet normal 0 0 -1
outer loop
vertex 27.799929650063135 37.68793312641027 0
vertex 27.799929650063135 37.38772218128338 0
vertex 24.478085638951264 37.38772218128338 0
endloop
endfacet
facet normal 0 0 -0.9999999999999999
outer loop
vertex 27.799929650063135 37.68793312641027 0
vertex 24.478085638951264 37.38772218128338 0
vertex 24.569195840959615 37.68793312641027 0
endloop
endfacet
facet normal 0 0 -1
outer loop
vertex 21.52181423962445 37.38772218128338 0
vertex 21.669514629215623 37.11099616400337 0
vertex 0 37.11099616400337 0
endloop
endfacet
facet normal 0 0 -0.9999999999999999
outer loop
vertex 21.52181423962445 37.38772218128338 0
vertex 0 37.11099616400337 0
vertex 0 37.38772218128338 0
endloop
endfacet
facet normal 0 0 -1
outer loop
vertex 27.799929650063135 37.38772218128338 0
vertex 27.799929650063135 37.11099616400337 0
vertex 24.33038524936009 37.11099616400337 0
endloop
endfacet
facet normal 0 0 -1
outer loop
vertex 27.799929650063135 37.38772218128338 0
vertex 24.33038524936009 37.11099616400337 0
vertex 24.478085638951264 37.38772218128338 0
endloop
endfacet
facet normal 0 0 -1
outer loop
vertex 21.669514629215623 37.11099616400337 0
vertex 21.86871208950717 36.86850721021096 0
vertex 0 36.86850721021096 0
endloop
endfacet
facet normal 0 0 -1
outer loop
vertex 21.669514629215623 37.11099616400337 0
vertex 0 36.86850721021096 0
vertex 0 37.11099616400337 0
endloop
endfacet
facet normal 0 0 -1
outer loop
vertex 27.799929650063135 37.11099616400337 0
vertex 27.799929650063135 36.86850721021096 0
vertex 24.131470740006456 36.86850721021096 0
endloop
endfacet
facet normal 0 0 -1
outer loop
vertex 27.799929650063135 37.11099616400337 0
vertex 24.131470740006456 36.86850721021096 0
vertex 24.33038524936009 37.11099616400337 0
endloop
endfacet
facet normal 0 0 -1
outer loop
vertex 21.86871208950717 36.86850721021096 0
vertex 22.11120104329958 36.66959270085732 0
vertex 0 36.66959270085732 0
endloop
endfacet
facet normal 0 0 -1
outer loop
vertex 21.86871208950717 36.86850721021096 0
vertex 0 36.66959270085732 0
vertex 0 36.86850721021096 0
endloop
endfacet
facet normal 0 0 -1
outer loop
vertex 27.799929650063135 36.86850721021096 0
vertex 27.799929650063135 36.66959270085732 0
vertex 23.88898178621405 36.66959270085732 0
endloop
endfacet
facet normal 0 0 -1
outer loop
vertex 27.799929650063135 36.86850721021096 0
vertex 23.88898178621405 36.66959270085732 0
vertex 24.131470740006456 36.86850721021096 0
endloop
endfacet
facet normal 0 0 -1
outer loop
vertex 22.11120104329958 36.66959270085732 0
vertex 22.387644109641684 36.52189231126615 0
vertex 0 36.52189231126615 0
endloop
endfacet
facet normal 0 0 -1
outer loop
vertex 22.11120104329958 36.66959270085732 0
vertex 0 36.52189231126615 0
vertex 0 36.66959270085732 0
endloop
endfacet
facet normal 0 0 -1
outer loop
vertex 27.799929650063135 36.66959270085732 0
vertex 27.799929650063135 36.52189231126615 0
vertex 23.61225576893403 36.52189231126615 0
endloop
endfacet
facet normal 0 0 -1
outer loop
vertex 27.799929650063135 36.66959270085732 0
vertex 23.61225576893403 36.52189231126615 0
vertex 23.88898178621405 36.66959270085732 0
endloop
endfacet
facet normal 0 0 -1
outer loop
vertex 22.387644109641684 36.52189231126615 0
vertex 22.687855054768573 36.4307821092578 0
vertex 0 36.4307821092578 0
endloop
endfacet
facet normal 0 0 -1
outer loop
vertex 22.387644109641684 36.52189231126615 0
vertex 0 36.4307821092578 0
vertex 0 36.52189231126615 0
endloop
endfacet
facet normal 0 0 -1
outer loop
vertex 27.799929650063135 36.52189231126615 0
vertex 27.799929650063135 36.4307821092578 0
vertex 23.312044823807142 36.4307821092578 0
endloop
endfacet
facet normal 0 0 -1
outer loop
vertex 27.799929650063135 36.52189231126615 0
vertex 23.312044823807142 36.4307821092578 0
vertex 23.61225576893403 36.52189231126615 0
endloop
endfacet
facet normal 0 0 -1
outer loop
vertex 22.687855054768573 36.4307821092578 0
vertex 22.999949939287855 36.39994045702516 0
vertex 0 36.39994045702516 0
endloop
endfacet
facet normal 0 0 -1
outer loop
vertex 22.687855054768573 36.4307821092578 0
vertex 0 36.39994045702516 0
vertex 0 36.4307821092578 0
endloop
endfacet
facet normal 0 0 -1
outer loop
vertex 27.799929650063135 36.4307821092578 0
vertex 27.799929650063135 36.39994045702516 0
vertex 22.999949939287855 36.39994045702516 0
endloop
endfacet
facet normal 0 0 -1
outer loop
vertex 27.799929650063135 36.4307821092578 0
vertex 22.999949939287855 36.39994045702516 0
vertex 23.312044823807142 36.4307821092578 0
endloop
endfacet
facet normal 0 0 -0.9999999999999999
outer loop
vertex 15.719905257695242 33.83980037077812 0
vertex 22.999949939287855 36.39994045702516 0
vertex 27.799929650063135 36.39994045702516 0
endloop
endfacet
facet normal 0 0 -1
outer loop
vertex 15.719905257695242 33.83980037077812 0
vertex 27.799929650063135 36.39994045702516 0
vertex 27.799929650063135 29.999873192345486 0
endloop
endfacet
facet normal 0 0 -1
outer loop
vertex 15.719905257695242 33.83980037077812 0
vertex 27.799929650063135 29.999873192345486 0
vertex 0 29.999873192345486 0
endloop
endfacet
facet normal 0 0 -1
outer loop
vertex 15.719905257695242 33.83980037077812 0
vertex 0 29.999873192345486 0
vertex 0 36.39994045702516 0
endloop
endfacet
facet normal 0 0 -1
outer loop
vertex 15.719905257695242 33.83980037077812 0
vertex 0 36.39994045702516 0
vertex 22.999949939287855 36.39994045702516 0
endloop
endfacet
facet normal 0 0 -1
outer loop
vertex 11.992026650676598 27.299955342768868 0
vertex 0 29.999873192345486 0
vertex 27.799929650063135 29.999873192345486 0
endloop
endfacet
facet normal 0 0 -1
outer loop
vertex 11.992026650676598 27.299955342768868 0
vertex 27.799929650063135 29.999873192345486 0
vertex 27.799929650063135 24.600037493192254 0
endloop
endfacet
facet normal 0 0 -1
outer loop
vertex 11.992026650676598 27.299955342768868 0
vertex 27.799929650063135 24.600037493192254 0
vertex 22.999949939287855 24.600037493192254 0
endloop
endfacet
facet normal 0 0 -1
outer loop
vertex 11.992026650676598 27.299955342768868 0
vertex 22.999949939287855 24.600037493192254 0
vertex -3.3235417167393546 24.600037493192254 0
endloop
endfacet
facet normal 0 0 -1
outer loop
vertex 11.992026650676598 27.299955342768868 0
vertex -3.3235417167393546 24.600037493192254 0
vertex -3.3235417167393546 29.999873192345486 0
endloop
endfacet
facet normal 0 0 -1
outer loop
vertex 11.992026650676598 27.299955342768868 0
vertex -3.3235417167393546 29.999873192345486 0
vertex 0 29.999873192345486 0
endloop
endfacet
facet normal 0 0 -0.9999999999999999
outer loop
vertex 22.999949939287855 24.600037493192254 0
vertex 22.687855054768573 24.569195840959615 0
vertex -3.3235417167393546 24.569195840959615 0
endloop
endfacet
facet normal 0 0 -1
outer loop
vertex 22.999949939287855 24.600037493192254 0
vertex -3.3235417167393546 24.569195840959615 0
vertex -3.3235417167393546 24.600037493192254 0
endloop
endfacet
facet normal 0 0 -1
outer loop
vertex 27.799929650063135 24.600037493192254 0
vertex 27.799929650063135 24.569195840959615 0
vertex 23.312044823807142 24.569195840959615 0
endloop
endfacet
facet normal 0 0 -1
outer loop
vertex 27.799929650063135 24.600037493192254 0
vertex 23.312044823807142 24.569195840959615 0
vertex 22.999949939287855 24.600037493192254 0
endloop
endfacet
facet normal 0 0 -1
outer loop
vertex 22.687855054768573 24.569195840959615 0
vertex 22.387644109641684 24.478085638951264 0
vertex -3.3235417167393546 24.478085638951264 0
endloop
endfacet
facet normal 0 0 -1
outer loop
vertex 22.687855054768573 24.569195840959615 0
vertex -3.3235417167393546 24.478085638951264 0
vertex -3.3235417167393546 24.569195840959615 0
endloop
endfacet
facet normal 0 0 -1
outer loop
vertex 27.799929650063135 24.569195840959615 0
vertex 27.799929650063135 24.478085638951264 0
vertex 23.61225576893403 24.478085638951264 0
endloop
endfacet
facet normal 0 0 -1
outer loop
vertex 27.799929650063135 24.569195840959615 0
vertex 23.61225576893403 24.478085638951264 0
vertex 23.312044823807142 24.569195840959615 0
endloop
endfacet
facet normal 0 0 -0.9999999999999999
outer loop
vertex 22.387644109641684 24.478085638951264 0
vertex 22.11120104329958 24.33038524936009 0
vertex -3.3235417167393546 24.33038524936009 0
endloop
endfacet
facet normal 0 0 -1
outer loop
vertex 22.387644109641684 24.478085638951264 0
vertex -3.3235417167393546 24.33038524936009 0
vertex -3.3235417167393546 24.478085638951264 0
endloop
endfacet
facet normal 0 0 -1
outer loop
vertex 27.799929650063135 24.478085638951264 0
vertex 27.799929650063135 24.33038524936009 0
vertex 23.88898178621405 24.33038524936009 0
endloop
endfacet
facet normal 0 0 -1
outer loop
vertex 27.799929650063135 24.478085638951264 0
vertex 23.88898178621405 24.33038524936009 0
vertex 23.61225576893403 24.478085638951264 0
endloop
endfacet
facet normal 0 0 -1
outer loop
vertex 22.11120104329958 24.33038524936009 0
vertex 21.86871208950717 24.131470740006456 0
vertex -3.3235417167393546 24.131470740006456 0
endloop
endfacet
facet normal 0 0 -1
outer loop
vertex 22.11120104329958 24.33038524936009 0
vertex -3.3235417167393546 24.131470740006456 0
vertex -3.3235417167393546 24.33038524936009 0
endloop
endfacet
facet normal 0 0 -1
outer loop
vertex 27.799929650063135 24.33038524936009 0
vertex 27.799929650063135 24.131470740006456 0
vertex 24.131470740006456 24.131470740006456 0
endloop
endfacet
facet normal 0 0 -1
outer loop
vertex 27.799929650063135 24.33038524936009 0
vertex 24.131470740006456 24.131470740006456 0
vertex 23.88898178621405 24.33038524936009 0
endloop
endfacet
facet normal 0 0 -1
outer loop
vertex 21.86871208950717 24.131470740006456 0
vertex 21.669514629215623 23.88898178621405 0
vertex -3.3235417167393546 23.88898178621405 0
endloop
endfacet
facet normal 0 0 -0.9999999999999999
outer loop
vertex 21.86871208950717 24.131470740006456 0
vertex -3.3235417167393546 23.88898178621405 0
vertex -3.3235417167393546 24.131470740006456 0
endloop
endfacet
facet normal 0 0 -1
outer loop
vertex 27.799929650063135 24.131470740006456 0
vertex 27.799929650063135 23.88898178621405 0
vertex 24.33038524936009 23.88898178621405 0
endloop
endfacet
facet normal 0 0 -1
outer loop
vertex 27.799929650063135 24.131470740006456 0
vertex 24.33038524936009 23.88898178621405 0
vertex 24.131470740006456 24.131470740006456 0
endloop
endfacet
facet normal 0 0 -1
outer loop
vertex 21.669514629215623 23.88898178621405 0
vertex 21.52181423962445 23.61225576893403 0
vertex -3.3235417167393546 23.61225576893403 0
endloop
endfacet
facet normal 0 0 -0.9999999999999999
outer loop
vertex 21.669514629215623 23.88898178621405 0
vertex -3.3235417167393546 23.61225576893403 0
vertex -3.3235417167393546 23.88898178621405 0
endloop
endfacet
facet normal 0 0 -1
outer loop
vertex 27.799929650063135 23.88898178621405 0
vertex 27.799929650063135 23.61225576893403 0
vertex 24.478085638951264 23.61225576893403 0
endloop
endfacet
facet normal 0 0 -1
outer loop
vertex 27.799929650063135 23.88898178621405 0
vertex 24.478085638951264 23.61225576893403 0
vertex 24.33038524936009 23.88898178621405 0
endloop
endfacet
facet normal 0 0 -0.9999999999999999
outer loop
vertex 21.52181423962445 23.61225576893403 0
vertex 21.4307040376161 23.312044823807142 0
vertex -3.3235417167393546 23.312044823807142 0
endloop
endfacet
facet normal 0 0 -1
outer loop
vertex 21.52181423962445 23.61225576893403 0
vertex -3.3235417167393546 23.312044823807142 0
vertex -3.3235417167393546 23.61225576893403 0
endloop
endfacet
facet normal 0 0 -1
outer loop
vertex 27.799929650063135 23.61225576893403 0
vertex 27.799929650063135 23.312044823807142 0
vertex 24.569195840959615 23.312044823807142 0
endloop
endfacet
facet normal 0 0 -1
outer loop
vertex 27.799929650063135 23.61225576893403 0
vertex 24.569195840959615 23.312044823807142 0
vertex 24.478085638951264 23.61225576893403 0
endloop
endfacet
facet normal 0 0 -1
outer loop
vertex 21.4307040376161 23.312044823807142 0
vertex 21.39986238538346 22.999949939287855 0
vertex -3.3235417167393546 22.999949939287855 0
endloop
endfacet
facet normal 0 0 -0.9999999999999999
outer loop
vertex 21.4307040376161 23.312044823807142 0
vertex -3.3235417167393546 22.999949939287855 0
vertex -3.3235417167393546 23.312044823807142 0
endloop
endfacet
facet normal 0 0 -1
outer loop
vertex 27.799929650063135 23.312044823807142 0
vertex 27.799929650063135 22.999949939287855 0
vertex 24.600037493192254 22.999949939287855 0
endloop
endfacet
facet normal 0 0 -1
outer loop
vertex 27.799929650063135 23.312044823807142 0
vertex 24.600037493192254 22.999949939287855 0
vertex 24.569195840959615 23.312044823807142 0
endloop
endfacet
facet normal 0 0 -0.9999999999999999
outer loop
vertex 21.39986238538346 22.999949939287855 0
vertex 21.4307040376161 22.687855054768573 0
vertex -3.3235417167393546 22.687855054768573 0
endloop
endfacet
facet normal 0 0 -1
outer loop
vertex 21.39986238538346 22.999949939287855 0
vertex -3.3235417167393546 22.687855054768573 0
vertex -3.3235417167393546 22.999949939287855 0
endloop
endfacet
facet normal 0 0 -1
outer loop
vertex 27.799929650063135 22.999949939287855 0
vertex 27.799929650063135 22.687855054768573 0
vertex 24.569195840959615 22.687855054768573 0
endloop
endfacet
facet normal 0 0 -1
outer loop
vertex 27.799929650063135 22.999949939287855 0
vertex 24.569195840959615 22.687855054768573 0
vertex 24.600037493192254 22.999949939287855 0
endloop
endfacet
facet normal 0 0 -1
outer loop
vertex 21.4307040376161 22.687855054768573 0
vertex 21.52181423962445 22.387644109641684 0
vertex -3.3235417167393546 22.387644109641684 0
endloop
endfacet
facet normal 0 0 -0.9999999999999999
outer loop
vertex 21.4307040376161 22.687855054768573 0
vertex -3.3235417167393546 22.387644109641684 0
vertex -3.3235417167393546 22.687855054768573 0
endloop
endfacet
facet normal 0 0 -1
outer loop
vertex 27.799929650063135 22.687855054768573 0
vertex 27.799929650063135 22.387644109641684 0
vertex 24.478085638951264 22.387644109641684 0
endloop
endfacet
facet normal 0 0 -1
outer loop
vertex 27.799929650063135 22.687855054768573 0
vertex 24.478085638951264 22.387644109641684 0
vertex 24.569195840959615 22.687855054768573 0
endloop
endfacet
facet normal 0 0 -1
outer loop
vertex 21.52181423962445 22.387644109641684 0
vertex 21.669514629215623 22.11120104329958 0
vertex -3.3235417167393546 22.11120104329958 0
endloop
endfacet
facet normal 0 0 -1
outer loop
vertex 21.52181423962445 22.387644109641684 0
vertex -3.3235417167393546 22.11120104329958 0
vertex -3.3235417167393546 22.387644109641684 0
endloop
endfacet
facet normal 0 0 -0.9999999999999999
outer loop
vertex 27.799929650063135 22.387644109641684 0
vertex 27.799929650063135 22.11120104329958 0
vertex 24.33038524936009 22.11120104329958 0
endloop
endfacet
facet normal 0 0 -0.9999999999999999
outer loop
vertex 27.799929650063135 22.387644109641684 0
vertex 24.33038524936009 22.11120104329958 0
vertex 24.478085638951264 22.387644109641684 0
endloop
endfacet
facet normal 0 0 -1
outer loop
vertex 21.669514629215623 22.11120104329958 0
vertex 21.86871208950717 21.86871208950717 0
vertex -3.3235417167393546 21.86871208950717 0
endloop
endfacet
facet normal 0 0 -1
outer loop
vertex 21.669514629215623 22.11120104329958 0
vertex -3.3235417167393546 21.86871208950717 0
vertex -3.3235417167393546 22.11120104329958 0
endloop
endfacet
facet normal 0 0 -1
outer loop
vertex 27.799929650063135 22.11120104329958 0
vertex 27.799929650063135 21.86871208950717 0
vertex 24.131470740006456 21.86871208950717 0
endloop
endfacet
facet normal 0 0 -1
outer loop
vertex 27.799929650063135 22.11120104329958 0
vertex 24.131470740006456 21.86871208950717 0
vertex 24.33038524936009 22.11120104329958 0
endloop
endfacet
facet normal 0 0 -1
outer loop
vertex 21.86871208950717 21.86871208950717 0
vertex 22.11120104329958 21.669514629215623 0
vertex -3.3235417167393546 21.669514629215623 0
endloop
endfacet
facet normal 0 0 -1
outer loop
vertex 21.86871208950717 21.86871208950717 0
vertex -3.3235417167393546 21.669514629215623 0
vertex -3.3235417167393546 21.86871208950717 0
endloop
endfacet
facet normal 0 0 -1
outer loop
vertex 26.275107045643896 21.758361223720662 0
vertex 27.799929650063135 21.86871208950717 0
vertex 27.799929650063135 21.714786779281884 0
endloop
endfacet
facet normal 0 0 -1
outer loop
vertex 26.275107045643896 21.758361223720662 0
vertex 27.799929650063135 21.714786779281884 0
vertex 27.75494045093479 21.669514629215623 0
endloop
endfacet
facet normal 0 0 -0.9999999999999999
outer loop
vertex 26.275107045643896 21.758361223720662 0
vertex 27.75494045093479 21.669514629215623 0
vertex 23.88898178621405 21.669514629215623 0
endloop
endfacet
facet normal 0 0 -1
outer loop
vertex 26.275107045643896 21.758361223720662 0
vertex 23.88898178621405 21.669514629215623 0
vertex 24.131470740006456 21.86871208950717 0
endloop
endfacet
facet normal 0 0 -1
outer loop
vertex 26.275107045643896 21.758361223720662 0
vertex 24.131470740006456 21.86871208950717 0
vertex 27.799929650063135 21.86871208950717 0
endloop
endfacet
facet normal 0 0 -1
outer loop
vertex 22.11120104329958 21.669514629215623 0
vertex 22.387644109641684 21.52181423962445 0
vertex -3.3235417167393546 21.52181423962445 0
endloop
endfacet
facet normal 0 0 -0.9999999999999999
outer loop
vertex 22.11120104329958 21.669514629215623 0
vertex -3.3235417167393546 21.52181423962445 0
vertex -3.3235417167393546 21.669514629215623 0
endloop
endfacet
facet normal 0 0 -1
outer loop
vertex 27.75494045093479 21.669514629215623 0
vertex 27.6069571104057 21.52181423962445 0
vertex 23.61225576893403 21.52181423962445 0
endloop
endfacet
facet normal 0 0 -1
outer loop
vertex 27.75494045093479 21.669514629215623 0
vertex 23.61225576893403 21.52181423962445 0
vertex 23.88898178621405 21.669514629215623 0
endloop
endfacet
facet normal 0 0 -1
outer loop
vertex 22.387644109641684 21.52181423962445 0
vertex 22.687855054768573 21.4307040376161 0
vertex -3.3235417167393546 21.4307040376161 0
endloop
endfacet
facet normal 0 0 -1
outer loop
vertex 22.387644109641684 21.52181423962445 0
vertex -3.3235417167393546 21.4307040376161 0
vertex -3.3235417167393546 21.52181423962445 0
endloop
endfacet
facet normal 0 0 -1
outer loop
vertex 27.6069571104057 21.52181423962445 0
vertex 27.516129859335265 21.4307040376161 0
vertex 23.312044823807142 21.4307040376161 0
endloop
endfacet
facet normal 0 0 -1
outer loop
vertex 27.6069571104057 21.52181423962445 0
vertex 23.312044823807142 21.4307040376161 0
vertex 23.61225576893403 21.52181423962445 0
endloop
endfacet
facet normal 0 0 -1
outer loop
vertex 22.687855054768573 21.4307040376161 0
vertex 22.999949939287855 21.39986238538346 0
vertex -3.3235417167393546 21.39986238538346 0
endloop
endfacet
facet normal 0 0 -0.9999999999999999
outer loop
vertex 22.687855054768573 21.4307040376161 0
vertex -3.3235417167393546 21.39986238538346 0
vertex -3.3235417167393546 21.4307040376161 0
endloop
endfacet
facet normal 0 0 -1
outer loop
vertex 27.516129859335265 21.4307040376161 0
vertex 27.485288207102624 21.39986238538346 0
vertex 22.999949939287855 21.39986238538346 0
endloop
endfacet
facet normal 0 0 -1
outer loop
vertex 27.516129859335265 21.4307040376161 0
vertex 22.999949939287855 21.39986238538346 0
vertex 23.312044823807142 21.4307040376161 0
endloop
endfacet
facet normal 0 0 -1
outer loop
vertex 13.127508764525997 19.125785697367608 0
vertex 22.999949939287855 21.39986238538346 0
vertex 27.485288207102624 21.39986238538346 0
endloop
endfacet
facet normal 0 0 -1
outer loop
vertex 13.127508764525997 19.125785697367608 0
vertex 27.485288207102624 21.39986238538346 0
vertex 21.799955011594037 15.714812140812787 0
endloop
endfacet
facet normal 0 0 -1
outer loop
vertex 13.127508764525997 19.125785697367608 0
vertex 21.799955011594037 15.714812140812787 0
vertex -3.3235417167393546 15.714812140812787 0
endloop
endfacet
facet normal 0 0 -1
outer loop
vertex 13.127508764525997 19.125785697367608 0
vertex -3.3235417167393546 15.714812140812787 0
vertex -3.3235417167393546 21.39986238538346 0
endloop
endfacet
facet normal 0 0 -1
outer loop
vertex 13.127508764525997 19.125785697367608 0
vertex -3.3235417167393546 21.39986238538346 0
vertex 22.999949939287855 21.39986238538346 0
endloop
endfacet
facet normal 0 0 -1
outer loop
vertex 7.390678498317039 15.285858518934969 0
vertex 21.799955011594037 15.714812140812787 0
vertex 21.799955011594037 15.000078071641699 0
endloop
endfacet
facet normal 0 0 -1
outer loop
vertex 7.390678498317039 15.285858518934969 0
vertex 21.799955011594037 15.000078071641699 0
vertex 0 15.000078071641699 0
endloop
endfacet
facet normal 0 0 -1
outer loop
vertex 7.390678498317039 15.285858518934969 0
vertex 0 15.000078071641699 0
vertex -3.3235417167393546 15.000078071641699 0
endloop
endfacet
facet normal 0 0 -0.9999999999999999
outer loop
vertex 7.390678498317039 15.285858518934969 0
vertex -3.3235417167393546 15.000078071641699 0
vertex -3.3235417167393546 15.714812140812787 0
endloop
endfacet
facet normal 0 0 -1
outer loop
vertex 7.390678498317039 15.285858518934969 0
vertex -3.3235417167393546 15.714812140812787 0
vertex 21.799955011594037 15.714812140812787 0
endloop
endfacet
facet normal 0 0 -1
outer loop
vertex 21.799955011594037 15.000078071641699 0
vertex 21.799955011594037 1.1999949276938193 0
vertex 0 1.1999949276938193 0
endloop
endfacet
facet normal 0 0 -1
outer loop
vertex 21.799955011594037 15.000078071641699 0
vertex 0 1.1999949276938193 0
vertex 0 15.000078071641699 0
endloop
endfacet
facet normal 0 -0.7067730829028648 -0.7074403220653881
outer loop
vertex 0 0 1.1988631239421628
vertex 0 1.1999949276938193 0
vertex 21.799955011594037 1.1999949276938193 0
endloop
endfacet
facet normal 0 -0.7067730829028649 -0.7074403220653883
outer loop
vertex 0 0 1.1988631239421628
vertex 21.799955011594037 1.1999949276938193 0
vertex 22.999949939287855 0 1.1988631239421628
endloop
endfacet
facet normal 0 0.9999999999999999 0
outer loop
vertex 6.999923253057627 46.48516073709845 4.70009802969159
vertex 6.999923253057627 46.48516073709845 1.6000875539043973
vertex 0 46.48516073709845 1.6000875539043973
endloop
endfacet
facet normal 0 0.9999999999999999 0
outer loop
vertex 6.999923253057627 46.48516073709845 4.70009802969159
vertex 0 46.48516073709845 1.6000875539043973
vertex 0 46.48516073709845 4.70009802969159
endloop
endfacet
facet normal 0 1 0
outer loop
vertex 10.599908036139086 46.48516073709845 1.4396543721070862
vertex 6.999923253057627 46.48516073709845 1.6000875539043973
vertex 22.999949939287855 46.48516073709845 1.6000875539043973
endloop
endfacet
facet normal 0 1 0
outer loop
vertex 10.599908036139086 46.48516073709845 1.4396543721070862
vertex 22.999949939287855 46.48516073709845 1.6000875539043973
vertex 22.999949939287855 46.48516073709845 1.1988631239421628
endloop
endfacet
facet normal 0 1 0
outer loop
vertex 10.599908036139086 46.48516073709845 1.4396543721070862
vertex 22.999949939287855 46.48516073709845 1.1988631239421628
vertex 0 46.48516073709845 1.1988631239421628
endloop
endfacet
facet normal 0 0.9999999999999999 0
outer loop
vertex 10.599908036139086 46.48516073709845 1.4396543721070862
vertex 0 46.48516073709845 1.1988631239421628
vertex 0 46.48516073709845 1.6000875539043973
endloop
endfacet
facet normal 0 1 0
outer loop
vertex 10.599908036139086 46.48516073709845 1.4396543721070862
vertex 0 46.48516073709845 1.6000875539043973
vertex 6.999923253057627 46.48516073709845 1.6000875539043973
endloop
endfacet
facet normal 0 0.706773082902864 -0.7074403220653891
outer loop
vertex 21.799955011594037 45.285165809404624 0
vertex 0 45.285165809404624 0
vertex 0 46.48516073709845 1.1988631239421628
endloop
endfacet
facet normal 0 0.7067730829028638 -0.7074403220653891
outer loop
vertex 21.799955011594037 45.285165809404624 0
vertex 0 46.48516073709845 1.1988631239421628
vertex 22.999949939287855 46.48516073709845 1.1988631239421628
endloop
endfacet
facet normal 0.9999999999999999 0 0
outer loop
vertex 22.999949939287855 0 4.70009802969159
vertex 22.999949939287855 0 1.6000875539043973
vertex 22.999949939287855 6.999923253057627 1.6000875539043973
endloop
endfacet
facet normal 0.9999999999999999 0 0
outer loop
vertex 22.999949939287855 0 4.70009802969159
vertex 22.999949939287855 6.999923253057627 1.6000875539043973
vertex 22.999949939287855 6.999923253057627 4.70009802969159
endloop
endfacet
facet normal 1 0 0
outer loop
vertex 22.999949939287855 7.205911535859113 1.4396543721070862
vertex 22.999949939287855 6.999923253057627 1.6000875539043973
vertex 22.999949939287855 0 1.6000875539043973
endloop
endfacet
facet normal 1 0 0
outer loop
vertex 22.999949939287855 7.205911535859113 1.4396543721070862
vertex 22.999949939287855 0 1.6000875539043973
vertex 22.999949939287855 0 1.1988631239421628
endloop
endfacet
facet normal 1 0 0
outer loop
vertex 22.999949939287855 7.205911535859113 1.4396543721070862
vertex 22.999949939287855 0 1.1988631239421628
vertex 22.999949939287855 14.514817213118969 1.1988631239421628
endloop
endfacet
facet normal 0.9999999999999999 0 0
outer loop
vertex 22.999949939287855 7.205911535859113 1.4396543721070862
vertex 22.999949939287855 14.514817213118969 1.1988631239421628
vertex 22.999949939287855 14.514817213118969 1.6000875539043973
endloop
endfacet
facet normal 1 0 0
outer loop
vertex 22.999949939287855 7.205911535859113 1.4396543721070862
vertex 22.999949939287855 14.514817213118969 1.6000875539043973
vertex 22.999949939287855 6.999923253057627 1.6000875539043973
endloop
endfacet
facet normal 0.7066896501689157 0 -0.7075236662784753
outer loop
vertex 22.2798398022964 9.285883880465873 0.479601839764448
vertex 22.999949939287855 14.514817213118969 1.1988631239421628
vertex 22.999949939287855 0 1.1988631239421628
endloop
endfacet
facet normal 0.7067800955390339 0.000014012258331635875 -0.7074333158351327
outer loop
vertex 22.2798398022964 9.285883880465873 0.479601839764448
vertex 22.999949939287855 0 1.1988631239421628
vertex 21.799955011594037 1.1999949276938193 0
endloop
endfacet
facet normal 0.7068982258893733 0 -0.7073152749901961
outer loop
vertex 22.2798398022964 9.285883880465873 0.479601839764448
vertex 21.799955011594037 1.1999949276938193 0
vertex 21.799955011594037 15.000078071641699 0
endloop
endfacet
facet normal 0.7068982258893736 0 -0.7073152749901958
outer loop
vertex 22.2798398022964 9.285883880465873 0.479601839764448
vertex 21.799955011594037 15.000078071641699 0
vertex 21.799955011594037 15.714812140812787 0
endloop
endfacet
facet normal 0.706762985097653 -0.000020176140141374838 -0.7074504099149127
outer loop
vertex 22.2798398022964 9.285883880465873 0.479601839764448
vertex 21.799955011594037 15.714812140812787 0
vertex 22.999949939287855 14.514817213118969 1.1988631239421628
endloop
endfacet
facet normal 1 0 0
outer loop
vertex 6.999923253057627 29.353330299211702 1.9025621065346008
vertex 6.999923253057627 14.514817213118969 1.6000875539043973
vertex 6.999923253057627 21.39986238538346 1.6000875539043973
endloop
endfacet
facet normal 1 0 0
outer loop
vertex 6.999923253057627 29.353330299211702 1.9025621065346008
vertex 6.999923253057627 21.39986238538346 1.6000875539043973
vertex 6.999923253057627 21.4307040376161 1.6000875539043973
endloop
endfacet
facet normal 0.9999999999999999 0 0
outer loop
vertex 6.999923253057627 29.353330299211702 1.9025621065346008
vertex 6.999923253057627 21.4307040376161 1.6000875539043973
vertex 6.999923253057627 21.52181423962445 1.6000875539043973
endloop
endfacet
facet normal 1 0 0
outer loop
vertex 6.999923253057627 29.353330299211702 1.9025621065346008
vertex 6.999923253057627 21.52181423962445 1.6000875539043973
vertex 6.999923253057627 21.669514629215623 1.6000875539043973
endloop
endfacet
facet normal 1 0 0
outer loop
vertex 6.999923253057627 29.353330299211702 1.9025621065346008
vertex 6.999923253057627 21.669514629215623 1.6000875539043973
vertex 6.999923253057627 21.86871208950717 1.6000875539043973
endloop
endfacet
facet normal 1 0 0
outer loop
vertex 6.999923253057627 29.353330299211702 1.9025621065346008
vertex 6.999923253057627 21.86871208950717 1.6000875539043973
vertex 6.999923253057627 22.11120104329958 1.6000875539043973
endloop
endfacet
facet normal 1 0 0
outer loop
vertex 6.999923253057627 29.353330299211702 1.9025621065346008
vertex 6.999923253057627 22.11120104329958 1.6000875539043973
vertex 6.999923253057627 22.387644109641684 1.6000875539043973
endloop
endfacet
facet normal 0.9999999999999999 0 0
outer loop
vertex 6.999923253057627 29.353330299211702 1.9025621065346008
vertex 6.999923253057627 22.387644109641684 1.6000875539043973
vertex 6.999923253057627 22.687855054768573 1.6000875539043973
endloop
endfacet
facet normal 1 0 0
outer loop
vertex 6.999923253057627 29.353330299211702 1.9025621065346008
vertex 6.999923253057627 22.687855054768573 1.6000875539043973
vertex 6.999923253057627 22.999949939287855 1.6000875539043973
endloop
endfacet
facet normal 1 0 0
outer loop
vertex 6.999923253057627 29.353330299211702 1.9025621065346008
vertex 6.999923253057627 22.999949939287855 1.6000875539043973
vertex 6.999923253057627 23.312044823807142 1.6000875539043973
endloop
endfacet
facet normal 0.9999999999999999 0 0
outer loop
vertex 6.999923253057627 29.353330299211702 1.9025621065346008
vertex 6.999923253057627 23.312044823807142 1.6000875539043973
vertex 6.999923253057627 23.61225576893403 1.6000875539043973
endloop
endfacet
facet normal 1 0 0
outer loop
vertex 6.999923253057627 29.353330299211702 1.9025621065346008
vertex 6.999923253057627 23.61225576893403 1.6000875539043973
vertex 6.999923253057627 23.88898178621405 1.6000875539043973
endloop
endfacet
facet normal 1 0 0
outer loop
vertex 6.999923253057627 29.353330299211702 1.9025621065346008
vertex 6.999923253057627 23.88898178621405 1.6000875539043973
vertex 6.999923253057627 24.131470740006456 1.6000875539043973
endloop
endfacet
facet normal 1 0 0
outer loop
vertex 6.999923253057627 29.353330299211702 1.9025621065346008
vertex 6.999923253057627 24.131470740006456 1.6000875539043973
vertex 6.999923253057627 24.33038524936009 1.6000875539043973
endloop
endfacet
facet normal 1 0 0
outer loop
vertex 6.999923253057627 29.353330299211702 1.9025621065346008
vertex 6.999923253057627 24.33038524936009 1.6000875539043973
vertex 6.999923253057627 24.478085638951264 1.6000875539043973
endloop
endfacet
facet normal 1 0 0
outer loop
vertex 6.999923253057627 29.353330299211702 1.9025621065346008
vertex 6.999923253057627 24.478085638951264 1.6000875539043973
vertex 6.999923253057627 24.569195840959615 1.6000875539043973
endloop
endfacet
facet normal 1 0 0
outer loop
vertex 6.999923253057627 29.353330299211702 1.9025621065346008
vertex 6.999923253057627 24.569195840959615 1.6000875539043973
vertex 6.999923253057627 24.600037493192254 1.6000875539043973
endloop
endfacet
facet normal 1 0 0
outer loop
vertex 6.999923253057627 29.353330299211702 1.9025621065346008
vertex 6.999923253057627 24.600037493192254 1.6000875539043973
vertex 6.999923253057627 36.39994045702516 1.6000875539043973
endloop
endfacet
facet normal 1 0 0
outer loop
vertex 6.999923253057627 29.353330299211702 1.9025621065346008
vertex 6.999923253057627 36.39994045702516 1.6000875539043973
vertex 6.999923253057627 36.4307821092578 1.6000875539043973
endloop
endfacet
facet normal 0.9999999999999999 0 0
outer loop
vertex 6.999923253057627 29.353330299211702 1.9025621065346008
vertex 6.999923253057627 36.4307821092578 1.6000875539043973
vertex 6.999923253057627 36.52189231126615 1.6000875539043973
endloop
endfacet
facet normal 1 0 0
outer loop
vertex 6.999923253057627 29.353330299211702 1.9025621065346008
vertex 6.999923253057627 36.52189231126615 1.6000875539043973
vertex 6.999923253057627 36.66959270085732 1.6000875539043973
endloop
endfacet
facet normal 1 0 0
outer loop
vertex 6.999923253057627 29.353330299211702 1.9025621065346008
vertex 6.999923253057627 36.66959270085732 1.6000875539043973
vertex 6.999923253057627 36.86850721021096 1.6000875539043973
endloop
endfacet
facet normal 1 0 0
outer loop
vertex 6.999923253057627 29.353330299211702 1.9025621065346008
vertex 6.999923253057627 36.86850721021096 1.6000875539043973
vertex 6.999923253057627 37.11099616400337 1.6000875539043973
endloop
endfacet
facet normal 1 0 0
outer loop
vertex 6.999923253057627 29.353330299211702 1.9025621065346008
vertex 6.999923253057627 37.11099616400337 1.6000875539043973
vertex 6.999923253057627 37.38772218128338 1.6000875539043973
endloop
endfacet
facet normal 1 0 0
outer loop
vertex 6.999923253057627 29.353330299211702 1.9025621065346008
vertex 6.999923253057627 37.38772218128338 1.6000875539043973
vertex 6.999923253057627 37.68793312641027 1.6000875539043973
endloop
endfacet
facet normal 0.9999999999999999 0 0
outer loop
vertex 6.999923253057627 29.353330299211702 1.9025621065346008
vertex 6.999923253057627 37.68793312641027 1.6000875539043973
vertex 6.999923253057627 38.000028010929555 1.6000875539043973
endloop
endfacet
facet normal 1 0 0
outer loop
vertex 6.999923253057627 29.353330299211702 1.9025621065346008
vertex 6.999923253057627 38.000028010929555 1.6000875539043973
vertex 6.999923253057627 38.31212289544884 1.6000875539043973
endloop
endfacet
facet normal 1 0 0
outer loop
vertex 6.999923253057627 29.353330299211702 1.9025621065346008
vertex 6.999923253057627 38.31212289544884 1.6000875539043973
vertex 6.999923253057627 38.61233384057573 1.6000875539043973
endloop
endfacet
facet normal 1 0 0
outer loop
vertex 6.999923253057627 29.353330299211702 1.9025621065346008
vertex 6.999923253057627 38.61233384057573 1.6000875539043973
vertex 6.999923253057627 38.88877690691783 1.6000875539043973
endloop
endfacet
facet normal 1 0 0
outer loop
vertex 6.999923253057627 29.353330299211702 1.9025621065346008
vertex 6.999923253057627 38.88877690691783 1.6000875539043973
vertex 6.999923253057627 39.13126586071024 1.6000875539043973
endloop
endfacet
facet normal 1 0 0
outer loop
vertex 6.999923253057627 29.353330299211702 1.9025621065346008
vertex 6.999923253057627 39.13126586071024 1.6000875539043973
vertex 6.999923253057627 39.33046332100179 1.6000875539043973
endloop
endfacet
facet normal 0.9999999999999999 0 0
outer loop
vertex 6.999923253057627 29.353330299211702 1.9025621065346008
vertex 6.999923253057627 39.33046332100179 1.6000875539043973
vertex 6.999923253057627 39.478163710592966 1.6000875539043973
endloop
endfacet
facet normal 0.9999999999999999 0 0
outer loop
vertex 6.999923253057627 29.353330299211702 1.9025621065346008
vertex 6.999923253057627 39.478163710592966 1.6000875539043973
vertex 6.999923253057627 39.56927391260131 1.6000875539043973
endloop
endfacet
facet normal 1 0 0
outer loop
vertex 6.999923253057627 29.353330299211702 1.9025621065346008
vertex 6.999923253057627 39.56927391260131 1.6000875539043973
vertex 6.999923253057627 39.600115564833956 1.6000875539043973
endloop
endfacet
facet normal 0.9999999999999999 0 0
outer loop
vertex 6.999923253057627 29.353330299211702 1.9025621065346008
vertex 6.999923253057627 39.600115564833956 1.6000875539043973
vertex 6.999923253057627 46.48516073709845 1.6000875539043973
endloop
endfacet
facet normal 1 0 0
outer loop
vertex 6.999923253057627 29.353330299211702 1.9025621065346008
vertex 6.999923253057627 46.48516073709845 1.6000875539043973
vertex 6.999923253057627 46.48516073709845 4.70009802969159
endloop
endfacet
facet normal 1 0 0
outer loop
vertex 6.999923253057627 29.353330299211702 1.9025621065346008
vertex 6.999923253057627 46.48516073709845 4.70009802969159
vertex 6.999923253057627 29.999873192345486 4.70009802969159
endloop
endfacet
facet normal 1 0 0
outer loop
vertex 6.999923253057627 29.353330299211702 1.9025621065346008
vertex 6.999923253057627 29.999873192345486 4.70009802969159
vertex 6.999923253057627 15.000078071641699 4.70009802969159
endloop
endfacet
facet normal 0.9999999999999999 0 0
outer loop
vertex 6.999923253057627 29.353330299211702 1.9025621065346008
vertex 6.999923253057627 15.000078071641699 4.70009802969159
vertex 6.999923253057627 6.999923253057627 4.70009802969159
endloop
endfacet
facet normal 1 0 0
outer loop
vertex 6.999923253057627 29.353330299211702 1.9025621065346008
vertex 6.999923253057627 6.999923253057627 4.70009802969159
vertex 6.999923253057627 6.999923253057627 1.6000875539043973
endloop
endfacet
facet normal 1 0 0
outer loop
vertex 6.999923253057627 29.353330299211702 1.9025621065346008
vertex 6.999923253057627 6.999923253057627 1.6000875539043973
vertex 6.999923253057627 14.514817213118969 1.6000875539043973
endloop
endfacet
facet normal 0 1 0
outer loop
vertex 6.999923253057627 6.999923253057627 1.6000875539043973
vertex 6.999923253057627 6.999923253057627 4.70009802969159
vertex 22.999949939287855 6.999923253057627 4.70009802969159
endloop
endfacet
facet normal 0 1 0
outer loop
vertex 6.999923253057627 6.999923253057627 1.6000875539043973
vertex 22.999949939287855 6.999923253057627 4.70009802969159
vertex 22.999949939287855 6.999923253057627 1.6000875539043973
endloop
endfacet
facet normal -0.9999999999999999 0 0
outer loop
vertex 0 12.409945185975767 2.191172063207012
vertex 0 6.999923253057627 4.70009802969159
vertex 0 15.000078071641699 4.70009802969159
endloop
endfacet
facet normal -1 0 0
outer loop
vertex 0 12.409945185975767 2.191172063207012
vertex 0 15.000078071641699 4.70009802969159
vertex 0 15.000078071641699 3.949995093281235
endloop
endfacet
facet normal -1 0 0
outer loop
vertex 0 12.409945185975767 2.191172063207012
vertex 0 15.000078071641699 3.949995093281235
vertex 0 15.000078071641699 3.4814283400954382
endloop
endfacet
facet normal -1 0 0
outer loop
vertex 0 12.409945185975767 2.191172063207012
vertex 0 15.000078071641699 3.4814283400954382
vertex 0 15.000078071641699 3.2389393863030302
endloop
endfacet
facet normal -1 0 0
outer loop
vertex 0 12.409945185975767 2.191172063207012
vertex 0 15.000078071641699 3.2389393863030302
vertex 0 15.000078071641699 2.9622133690230124
endloop
endfacet
facet normal -1 0 0
outer loop
vertex 0 12.409945185975767 2.191172063207012
vertex 0 15.000078071641699 2.9622133690230124
vertex 0 15.000078071641699 2.662285374834036
endloop
endfacet
facet normal -1 0 0
outer loop
vertex 0 12.409945185975767 2.191172063207012
vertex 0 15.000078071641699 2.662285374834036
vertex 0 15.000078071641699 2.349907539376838
endloop
endfacet
facet normal -0.9999999999999999 0 0
outer loop
vertex 0 12.409945185975767 2.191172063207012
vertex 0 15.000078071641699 2.349907539376838
vertex 0 15.000078071641699 2.037812654857554
endloop
endfacet
facet normal -1 0 0
outer loop
vertex 0 12.409945185975767 2.191172063207012
vertex 0 15.000078071641699 2.037812654857554
vertex 0 15.000078071641699 1.7376017097306637
endloop
endfacet
facet normal -1 0 0
outer loop
vertex 0 12.409945185975767 2.191172063207012
vertex 0 15.000078071641699 1.7376017097306637
vertex 0 15.000078071641699 1.4611586433885602
endloop
endfacet
facet normal -1 0 0
outer loop
vertex 0 12.409945185975767 2.191172063207012
vertex 0 15.000078071641699 1.4611586433885602
vertex 0 15.000078071641699 1.218669689596152
endloop
endfacet
facet normal -1 0 0
outer loop
vertex 0 12.409945185975767 2.191172063207012
vertex 0 15.000078071641699 1.218669689596152
vertex 0 15.000078071641699 1.0197551802425195
endloop
endfacet
facet normal -0.9999999999999999 0 0
outer loop
vertex 0 12.409945185975767 2.191172063207012
vertex 0 15.000078071641699 1.0197551802425195
vertex 0 15.000078071641699 0.8717718397134302
endloop
endfacet
facet normal -1 0 0
outer loop
vertex 0 12.409945185975767 2.191172063207012
vertex 0 15.000078071641699 0.8717718397134302
vertex 0 15.000078071641699 0.7806616377050808
endloop
endfacet
facet normal -1 0 0
outer loop
vertex 0 12.409945185975767 2.191172063207012
vertex 0 15.000078071641699 0.7806616377050808
vertex 0 15.000078071641699 0.7501029364103549
endloop
endfacet
facet normal -1 0 0
outer loop
vertex 0 12.409945185975767 2.191172063207012
vertex 0 15.000078071641699 0.7501029364103549
vertex 0 15.000078071641699 0
endloop
endfacet
facet normal -1 0 0
outer loop
vertex 0 12.409945185975767 2.191172063207012
vertex 0 15.000078071641699 0
vertex 0 1.1999949276938193 0
endloop
endfacet
facet normal -1 0 0
outer loop
vertex 0 12.409945185975767 2.191172063207012
vertex 0 1.1999949276938193 0
vertex 0 0 1.1988631239421628
endloop
endfacet
facet normal -0.9999999999999999 0 0
outer loop
vertex 0 12.409945185975767 2.191172063207012
vertex 0 0 1.1988631239421628
vertex 0 0 4.70009802969159
endloop
endfacet
facet normal -1 0 0
outer loop
vertex 0 12.409945185975767 2.191172063207012
vertex 0 0 4.70009802969159
vertex 0 6.999923253057627 4.70009802969159
endloop
endfacet
facet normal -1 0 0
outer loop
vertex 0 35.4254574268489 1.1006791484859602
vertex 0 46.48516073709845 4.70009802969159
vertex 0 46.48516073709845 1.6000875539043973
endloop
endfacet
facet normal -1 0 0
outer loop
vertex 0 35.4254574268489 1.1006791484859602
vertex 0 46.48516073709845 1.6000875539043973
vertex 0 46.48516073709845 1.1988631239421628
endloop
endfacet
facet normal -0.9999999999999999 0 0
outer loop
vertex 0 35.4254574268489 1.1006791484859602
vertex 0 46.48516073709845 1.1988631239421628
vertex 0 45.285165809404624 0
endloop
endfacet
facet normal -1 0 0
outer loop
vertex 0 35.4254574268489 1.1006791484859602
vertex 0 45.285165809404624 0
vertex 0 39.600115564833956 0
endloop
endfacet
facet normal -1 0 0
outer loop
vertex 0 35.4254574268489 1.1006791484859602
vertex 0 39.600115564833956 0
vertex 0 39.56927391260131 0
endloop
endfacet
facet normal -1 0 0
outer loop
vertex 0 35.4254574268489 1.1006791484859602
vertex 0 39.56927391260131 0
vertex 0 39.478163710592966 0
endloop
endfacet
facet normal -0.9999999999999999 0 0
outer loop
vertex 0 35.4254574268489 1.1006791484859602
vertex 0 39.478163710592966 0
vertex 0 39.33046332100179 0
endloop
endfacet
facet normal -0.9999999999999999 0 0
outer loop
vertex 0 35.4254574268489 1.1006791484859602
vertex 0 39.33046332100179 0
vertex 0 39.13126586071024 0
endloop
endfacet
facet normal -1 0 0
outer loop
vertex 0 35.4254574268489 1.1006791484859602
vertex 0 39.13126586071024 0
vertex 0 38.88877690691783 0
endloop
endfacet
facet normal -1 0 0
outer loop
vertex 0 35.4254574268489 1.1006791484859602
vertex 0 38.88877690691783 0
vertex 0 38.61233384057573 0
endloop
endfacet
facet normal -1 0 0
outer loop
vertex 0 35.4254574268489 1.1006791484859602
vertex 0 38.61233384057573 0
vertex 0 38.31212289544884 0
endloop
endfacet
facet normal -1 0 0
outer loop
vertex 0 35.4254574268489 1.1006791484859602
vertex 0 38.31212289544884 0
vertex 0 38.000028010929555 0
endloop
endfacet
facet normal -1 0 0
outer loop
vertex 0 35.4254574268489 1.1006791484859602
vertex 0 38.000028010929555 0
vertex 0 37.68793312641027 0
endloop
endfacet
facet normal -1 0 0
outer loop
vertex 0 35.4254574268489 1.1006791484859602
vertex 0 37.68793312641027 0
vertex 0 37.38772218128338 0
endloop
endfacet
facet normal -1 0 0
outer loop
vertex 0 35.4254574268489 1.1006791484859602
vertex 0 37.38772218128338 0
vertex 0 37.11099616400337 0
endloop
endfacet
facet normal -1 0 0
outer loop
vertex 0 35.4254574268489 1.1006791484859602
vertex 0 37.11099616400337 0
vertex 0 36.86850721021096 0
endloop
endfacet
facet normal -1 0 0
outer loop
vertex 0 35.4254574268489 1.1006791484859602
vertex 0 36.86850721021096 0
vertex 0 36.66959270085732 0
endloop
endfacet
facet normal -1 0 0
outer loop
vertex 0 35.4254574268489 1.1006791484859602
vertex 0 36.66959270085732 0
vertex 0 36.52189231126615 0
endloop
endfacet
facet normal -1 0 0
outer loop
vertex 0 35.4254574268489 1.1006791484859602
vertex 0 36.52189231126615 0
vertex 0 36.4307821092578 0
endloop
endfacet
facet normal -1 0 0
outer loop
vertex 0 35.4254574268489 1.1006791484859602
vertex 0 36.4307821092578 0
vertex 0 36.39994045702516 0
endloop
endfacet
facet normal -0.9999999999999999 0 0
outer loop
vertex 0 35.4254574268489 1.1006791484859602
vertex 0 36.39994045702516 0
vertex 0 29.999873192345486 0
endloop
endfacet
facet normal -1 0 0
outer loop
vertex 0 35.4254574268489 1.1006791484859602
vertex 0 29.999873192345486 0
vertex 0 29.999873192345486 0.7501029364103549
endloop
endfacet
facet normal -1 0 0
outer loop
vertex 0 35.4254574268489 1.1006791484859602
vertex 0 29.999873192345486 0.7501029364103549
vertex 0 29.999873192345486 0.7806616377050808
endloop
endfacet
facet normal -0.9999999999999999 0 0
outer loop
vertex 0 35.4254574268489 1.1006791484859602
vertex 0 29.999873192345486 0.7806616377050808
vertex 0 29.999873192345486 0.8717718397134302
endloop
endfacet
facet normal -1 0 0
outer loop
vertex 0 35.4254574268489 1.1006791484859602
vertex 0 29.999873192345486 0.8717718397134302
vertex 0 29.999873192345486 1.0197551802425195
endloop
endfacet
facet normal -0.9999999999999999 0 0
outer loop
vertex 0 35.4254574268489 1.1006791484859602
vertex 0 29.999873192345486 1.0197551802425195
vertex 0 29.999873192345486 1.218669689596152
endloop
endfacet
facet normal -1 0 0
outer loop
vertex 0 35.4254574268489 1.1006791484859602
vertex 0 29.999873192345486 1.218669689596152
vertex 0 29.999873192345486 1.4611586433885602
endloop
endfacet
facet normal -1 0 0
outer loop
vertex 0 35.4254574268489 1.1006791484859602
vertex 0 29.999873192345486 1.4611586433885602
vertex 0 29.999873192345486 1.7376017097306637
endloop
endfacet
facet normal -1 0 0
outer loop
vertex 0 35.4254574268489 1.1006791484859602
vertex 0 29.999873192345486 1.7376017097306637
vertex 0 29.999873192345486 2.037812654857554
endloop
endfacet
facet normal -1 0 0
outer loop
vertex 0 35.4254574268489 1.1006791484859602
vertex 0 29.999873192345486 2.037812654857554
vertex 0 29.999873192345486 2.349907539376838
endloop
endfacet
facet normal -1 0 0
outer loop
vertex 0 35.4254574268489 1.1006791484859602
vertex 0 29.999873192345486 2.349907539376838
vertex 0 29.999873192345486 2.662285374834036
endloop
endfacet
facet normal -1 0 0
outer loop
vertex 0 35.4254574268489 1.1006791484859602
vertex 0 29.999873192345486 2.662285374834036
vertex 0 29.999873192345486 2.9622133690230124
endloop
endfacet
facet normal -1 0 0
outer loop
vertex 0 35.4254574268489 1.1006791484859602
vertex 0 29.999873192345486 2.9622133690230124
vertex 0 29.999873192345486 3.2389393863030302
endloop
endfacet
facet normal -1 0 0
outer loop
vertex 0 35.4254574268489 1.1006791484859602
vertex 0 29.999873192345486 3.2389393863030302
vertex 0 29.999873192345486 3.4814283400954382
endloop
endfacet
facet normal -1 0 0
outer loop
vertex 0 35.4254574268489 1.1006791484859602
vertex 0 29.999873192345486 3.4814283400954382
vertex 0 29.999873192345486 3.949995093281235
endloop
endfacet
facet normal -1 0 0
outer loop
vertex 0 35.4254574268489 1.1006791484859602
vertex 0 29.999873192345486 3.949995093281235
vertex 0 29.999873192345486 4.70009802969159
endloop
endfacet
facet normal -0.9999999999999999 0 0
outer loop
vertex 0 35.4254574268489 1.1006791484859602
vertex 0 29.999873192345486 4.70009802969159
vertex 0 46.48516073709845 4.70009802969159
endloop
endfacet
facet normal -0.7071067811865475 0 -0.7071067811865475
outer loop
vertex -3.386073874018377 22.578070090857892 0.06253215727902242
vertex -3.3235417167393546 24.600037493192254 0
vertex -3.3235417167393546 24.569195840959615 0
endloop
endfacet
facet normal -0.7071067811865483 0 -0.7071067811865467
outer loop
vertex -3.386073874018377 22.578070090857892 0.06253215727902242
vertex -3.3235417167393546 24.569195840959615 0
vertex -3.3235417167393546 24.478085638951264 0
endloop
endfacet
facet normal -0.7071067811865481 0 -0.707106781186547
outer loop
vertex -3.386073874018377 22.578070090857892 0.06253215727902242
vertex -3.3235417167393546 24.478085638951264 0
vertex -3.3235417167393546 24.33038524936009 0
endloop
endfacet
facet normal -0.7071067811865483 0 -0.7071067811865468
outer loop
vertex -3.386073874018377 22.578070090857892 0.06253215727902242
vertex -3.3235417167393546 24.33038524936009 0
vertex -3.3235417167393546 24.131470740006456 0
endloop
endfacet
facet normal -0.7071067811865485 0 -0.7071067811865466
outer loop
vertex -3.386073874018377 22.578070090857892 0.06253215727902242
vertex -3.3235417167393546 24.131470740006456 0
vertex -3.3235417167393546 23.88898178621405 0
endloop
endfacet
facet normal -0.7071067811865483 0 -0.7071067811865467
outer loop
vertex -3.386073874018377 22.578070090857892 0.06253215727902242
vertex -3.3235417167393546 23.88898178621405 0
vertex -3.3235417167393546 23.61225576893403 0
endloop
endfacet
facet normal -0.7071067811865481 0 -0.7071067811865469
outer loop
vertex -3.386073874018377 22.578070090857892 0.06253215727902242
vertex -3.3235417167393546 23.61225576893403 0
vertex -3.3235417167393546 23.312044823807142 0
endloop
endfacet
facet normal -0.7071067811865483 0 -0.7071067811865468
outer loop
vertex -3.386073874018377 22.578070090857892 0.06253215727902242
vertex -3.3235417167393546 23.312044823807142 0
vertex -3.3235417167393546 22.999949939287855 0
endloop
endfacet
facet normal -0.7071067811865483 0 -0.7071067811865468
outer loop
vertex -3.386073874018377 22.578070090857892 0.06253215727902242
vertex -3.3235417167393546 22.999949939287855 0
vertex -3.3235417167393546 22.687855054768573 0
endloop
endfacet
facet normal -0.7071067811865483 0 -0.7071067811865467
outer loop
vertex -3.386073874018377 22.578070090857892 0.06253215727902242
vertex -3.3235417167393546 22.687855054768573 0
vertex -3.3235417167393546 22.387644109641684 0
endloop
endfacet
facet normal -0.7071067811865482 0 -0.7071067811865468
outer loop
vertex -3.386073874018377 22.578070090857892 0.06253215727902242
vertex -3.3235417167393546 22.387644109641684 0
vertex -3.3235417167393546 22.11120104329958 0
endloop
endfacet
facet normal -0.7071067811865483 0 -0.7071067811865467
outer loop
vertex -3.386073874018377 22.578070090857892 0.06253215727902242
vertex -3.3235417167393546 22.11120104329958 0
vertex -3.3235417167393546 21.86871208950717 0
endloop
endfacet
facet normal -0.7071067811865485 0 -0.7071067811865465
outer loop
vertex -3.386073874018377 22.578070090857892 0.06253215727902242
vertex -3.3235417167393546 21.86871208950717 0
vertex -3.3235417167393546 21.669514629215623 0
endloop
endfacet
facet normal -0.7071067811865483 0 -0.7071067811865468
outer loop
vertex -3.386073874018377 22.578070090857892 0.06253215727902242
vertex -3.3235417167393546 21.669514629215623 0
vertex -3.3235417167393546 21.52181423962445 0
endloop
endfacet
facet normal -0.7071067811865483 0 -0.7071067811865467
outer loop
vertex -3.386073874018377 22.578070090857892 0.06253215727902242
vertex -3.3235417167393546 21.52181423962445 0
vertex -3.3235417167393546 21.4307040376161 0
endloop
endfacet
facet normal -0.7071067811865475 0 -0.7071067811865475
outer loop
vertex -3.386073874018377 22.578070090857892 0.06253215727902242
vertex -3.3235417167393546 21.4307040376161 0
vertex -3.3235417167393546 21.39986238538346 0
endloop
endfacet
facet normal -0.7071067811865483 0 -0.7071067811865468
outer loop
vertex -3.386073874018377 22.578070090857892 0.06253215727902242
vertex -3.3235417167393546 21.39986238538346 0
vertex -3.3235417167393546 15.714812140812787 0
endloop
endfacet
facet normal -0.7071067811865483 0 -0.7071067811865466
outer loop
vertex -3.386073874018377 22.578070090857892 0.06253215727902242
vertex -3.3235417167393546 15.714812140812787 0
vertex -3.3235417167393546 15.000078071641699 0
endloop
endfacet
facet normal -0.7072521119334142 -0.0000023987302502426485 -0.706961420559829
outer loop
vertex -3.386073874018377 22.578070090857892 0.06253215727902242
vertex -3.3235417167393546 15.000078071641699 0
vertex -4.011678397746516 15.000078071641699 0.6884196319450748
endloop
endfacet
facet normal -0.7072666335102906 0 -0.7069468927175651
outer loop
vertex -3.386073874018377 22.578070090857892 0.06253215727902242
vertex -4.011678397746516 15.000078071641699 0.6884196319450748
vertex -4.011678397746516 29.999873192345486 0.6884196319450748
endloop
endfacet
facet normal -0.7072521119333276 0.0000024492105818524874 -0.7069614205597424
outer loop
vertex -3.386073874018377 22.578070090857892 0.06253215727902242
vertex -4.011678397746516 29.999873192345486 0.6884196319450748
vertex -3.3235417167393546 29.999873192345486 0
endloop
endfacet
facet normal -0.7071067811865485 0 -0.7071067811865468
outer loop
vertex -3.386073874018377 22.578070090857892 0.06253215727902242
vertex -3.3235417167393546 29.999873192345486 0
vertex -3.3235417167393546 24.600037493192254 0
endloop
endfacet
facet normal -0.09822717020667703 0 0.9951640181563985
outer loop
vertex -2.8085710097356404 15.000078071641699 4.65482587962533
vertex -2.349907539376838 15.000078071641699 4.70009802969159
vertex -2.349907539376838 29.999873192345486 4.70009802969159
endloop
endfacet
facet normal -0.09822717020667703 0 0.9951640181563985
outer loop
vertex -2.8085710097356404 15.000078071641699 4.65482587962533
vertex -2.349907539376838 29.999873192345486 4.70009802969159
vertex -2.8085710097356404 29.999873192345486 4.65482587962533
endloop
endfacet
facet normal -0.29050168731705217 0 0.9568744795770998
outer loop
vertex -2.8085710097356404 15.000078071641699 4.65482587962533
vertex -2.8085710097356404 29.999873192345486 4.65482587962533
vertex -3.2494085710058527 29.999873192345486 4.520990085991947
endloop
endfacet
facet normal -0.29050168731705217 0 0.9568744795770998
outer loop
vertex -2.8085710097356404 15.000078071641699 4.65482587962533
vertex -3.2494085710058527 29.999873192345486 4.520990085991947
vertex -3.2494085710058527 15.000078071641699 4.520990085991947
endloop
endfacet
facet normal -0.7728303808575773 1.1214157330752129e-7 -0.634612639665741
outer loop
vertex -4.125990576663823 22.499975631993593 0.8276314933988261
vertex -4.30396671661181 29.999873192345486 1.0443719118410486
vertex -4.062326615633144 29.999873192345486 0.7501029364103549
endloop
endfacet
facet normal -0.7728504427277262 5.350012099251743e-7 -0.6345882075608335
outer loop
vertex -4.125990576663823 22.499975631993593 0.8276314933988261
vertex -4.062326615633144 29.999873192345486 0.7501029364103549
vertex -4.011678397746516 29.999873192345486 0.6884196319450748
endloop
endfacet
facet normal -0.7728363069646846 0 -0.6346054227921374
outer loop
vertex -4.125990576663823 22.499975631993593 0.8276314933988261
vertex -4.011678397746516 29.999873192345486 0.6884196319450748
vertex -4.011678397746516 15.000078071641699 0.6884196319450748
endloop
endfacet
facet normal -0.7728504427277262 -5.350012099251743e-7 -0.6345882075608335
outer loop
vertex -4.125990576663823 22.499975631993593 0.8276314933988261
vertex -4.011678397746516 15.000078071641699 0.6884196319450748
vertex -4.062326615633144 15.000078071641699 0.7501029364103549
endloop
endfacet
facet normal -0.7728303808575773 -1.1214157330752129e-7 -0.634612639665741
outer loop
vertex -4.125990576663823 22.499975631993593 0.8276314933988261
vertex -4.062326615633144 15.000078071641699 0.7501029364103549
vertex -4.30396671661181 15.000078071641699 1.0443719118410486
endloop
endfacet
facet normal -0.7728322840173546 0 -0.6346103219933623
outer loop
vertex -4.125990576663823 22.499975631993593 0.8276314933988261
vertex -4.30396671661181 15.000078071641699 1.0443719118410486
vertex -4.30396671661181 29.999873192345486 1.0443719118410486
endloop
endfacet
facet normal -0.9568744795770998 0 0.29050168731705217
outer loop
vertex -4.65482587962533 15.000078071641699 2.8085710097356404
vertex -4.520990085991947 15.000078071641699 3.2494085710058527
vertex -4.520990085991947 29.999873192345486 3.2494085710058527
endloop
endfacet
facet normal -0.9568744795770998 0 0.29050168731705217
outer loop
vertex -4.65482587962533 15.000078071641699 2.8085710097356404
vertex -4.520990085991947 29.999873192345486 3.2494085710058527
vertex -4.65482587962533 29.999873192345486 2.8085710097356404
endloop
endfacet
facet normal -0.9568744795770999 0 -0.29050168731705206
outer loop
vertex -4.520990085991947 15.000078071641699 1.4506894586857373
vertex -4.65482587962533 15.000078071641699 1.8915270199559497
vertex -4.65482587962533 29.999873192345486 1.8915270199559497
endloop
endfacet
facet normal -0.9568744795770999 0 -0.29050168731705206
outer loop
vertex -4.520990085991947 15.000078071641699 1.4506894586857373
vertex -4.65482587962533 29.999873192345486 1.8915270199559497
vertex -4.520990085991947 29.999873192345486 1.4506894586857373
endloop
endfacet
facet normal -0.8820549992782463 0.000010713750950498334 -0.47114645083399337
outer loop
vertex -4.407243808950467 22.499975631993593 1.2379103533743125
vertex -4.397057575185558 15.000078071641699 1.218669689596152
vertex -4.520990085991947 15.000078071641699 1.4506894586857373
endloop
endfacet
facet normal -0.8818980434562849 0 -0.471440177485942
outer loop
vertex -4.407243808950467 22.499975631993593 1.2379103533743125
vertex -4.520990085991947 15.000078071641699 1.4506894586857373
vertex -4.520990085991947 29.999873192345486 1.4506894586857373
endloop
endfacet
facet normal -0.8820549992782463 -0.000010713750950498334 -0.47114645083399337
outer loop
vertex -4.407243808950467 22.499975631993593 1.2379103533743125
vertex -4.520990085991947 29.999873192345486 1.4506894586857373
vertex -4.397057575185558 29.999873192345486 1.218669689596152
endloop
endfacet
facet normal -0.8820753183197934 -0.000010588558385099952 -0.4711084086480706
outer loop
vertex -4.407243808950467 22.499975631993593 1.2379103533743125
vertex -4.397057575185558 29.999873192345486 1.218669689596152
vertex -4.30396671661181 29.999873192345486 1.0443719118410486
endloop
endfacet
facet normal -0.882245804156145 0 -0.4707890621593467
outer loop
vertex -4.407243808950467 22.499975631993593 1.2379103533743125
vertex -4.30396671661181 29.999873192345486 1.0443719118410486
vertex -4.30396671661181 15.000078071641699 1.0443719118410486
endloop
endfacet
facet normal -0.8820753183197934 0.000010588558385099952 -0.4711084086480706
outer loop
vertex -4.407243808950467 22.499975631993593 1.2379103533743125
vertex -4.30396671661181 15.000078071641699 1.0443719118410486
vertex -4.397057575185558 15.000078071641699 1.218669689596152
endloop
endfacet
facet normal -0.47113013225063205 0 0.8820637156608938
outer loop
vertex -3.6557261178505414 29.999873192345486 4.30396671661181
vertex -3.6557261178505414 15.000078071641699 4.30396671661181
vertex -3.2494085710058527 15.000078071641699 4.520990085991947
endloop
endfacet
facet normal -0.47113013225063205 0 0.8820637156608938
outer loop
vertex -3.6557261178505414 29.999873192345486 4.30396671661181
vertex -3.2494085710058527 15.000078071641699 4.520990085991947
vertex -3.2494085710058527 29.999873192345486 4.520990085991947
endloop
endfacet
facet normal -0.8820753183197932 -0.000010588558385115472 0.471108408648071
outer loop
vertex -4.407243808950467 22.499975631993593 3.4621876763172774
vertex -4.30396671661181 29.999873192345486 3.6557261178505414
vertex -4.397057575185558 29.999873192345486 3.4814283400954382
endloop
endfacet
facet normal -0.8820549992782465 -0.000010713750950511077 0.47114645083399304
outer loop
vertex -4.407243808950467 22.499975631993593 3.4621876763172774
vertex -4.397057575185558 29.999873192345486 3.4814283400954382
vertex -4.520990085991947 29.999873192345486 3.2494085710058527
endloop
endfacet
facet normal -0.8818980434562849 0 0.471440177485942
outer loop
vertex -4.407243808950467 22.499975631993593 3.4621876763172774
vertex -4.520990085991947 29.999873192345486 3.2494085710058527
vertex -4.520990085991947 15.000078071641699 3.2494085710058527
endloop
endfacet
facet normal -0.8820549992782465 0.000010713750950511077 0.47114645083399304
outer loop
vertex -4.407243808950467 22.499975631993593 3.4621876763172774
vertex -4.520990085991947 15.000078071641699 3.2494085710058527
vertex -4.397057575185558 15.000078071641699 3.4814283400954382
endloop
endfacet
facet normal -0.8820753183197932 0.000010588558385115472 0.471108408648071
outer loop
vertex -4.407243808950467 22.499975631993593 3.4621876763172774
vertex -4.397057575185558 15.000078071641699 3.4814283400954382
vertex -4.30396671661181 15.000078071641699 3.6557261178505414
endloop
endfacet
facet normal -0.882245804156145 0 0.4707890621593467
outer loop
vertex -4.407243808950467 22.499975631993593 3.4621876763172774
vertex -4.30396671661181 15.000078071641699 3.6557261178505414
vertex -4.30396671661181 29.999873192345486 3.6557261178505414
endloop
endfacet
facet normal -0.7728504427277284 -5.350012100005207e-7 0.6345882075608307
outer loop
vertex -4.125990576663823 22.499975631993593 3.872466536292764
vertex -4.062326615633144 15.000078071641699 3.949995093281235
vertex -4.011678397746516 15.000078071641699 4.011678397746516
endloop
endfacet
facet normal -0.772836306964685 0 0.634605422792137
outer loop
vertex -4.125990576663823 22.499975631993593 3.872466536292764
vertex -4.011678397746516 15.000078071641699 4.011678397746516
vertex -4.011678397746516 29.999873192345486 4.011678397746516
endloop
endfacet
facet normal -0.7728504427277284 5.350012100005207e-7 0.6345882075608307
outer loop
vertex -4.125990576663823 22.499975631993593 3.872466536292764
vertex -4.011678397746516 29.999873192345486 4.011678397746516
vertex -4.062326615633144 29.999873192345486 3.949995093281235
endloop
endfacet
facet normal -0.7728303808575773 1.1214157333546426e-7 0.634612639665741
outer loop
vertex -4.125990576663823 22.499975631993593 3.872466536292764
vertex -4.062326615633144 29.999873192345486 3.949995093281235
vertex -4.30396671661181 29.999873192345486 3.6557261178505414
endloop
endfacet
facet normal -0.7728322840173552 0 0.6346103219933618
outer loop
vertex -4.125990576663823 22.499975631993593 3.872466536292764
vertex -4.30396671661181 29.999873192345486 3.6557261178505414
vertex -4.30396671661181 15.000078071641699 3.6557261178505414
endloop
endfacet
facet normal -0.7728303808575773 -1.1214157333546426e-7 0.634612639665741
outer loop
vertex -4.125990576663823 22.499975631993593 3.872466536292764
vertex -4.30396671661181 15.000078071641699 3.6557261178505414
vertex -4.062326615633144 15.000078071641699 3.949995093281235
endloop
endfacet
facet normal -0.6346084059396714 0 0.7728338573786149
outer loop
vertex -4.011678397746516 15.000078071641699 4.011678397746516
vertex -3.6557261178505414 15.000078071641699 4.30396671661181
vertex -3.6557261178505414 29.999873192345486 4.30396671661181
endloop
endfacet
facet normal -0.6346084059396714 0 0.7728338573786149
outer loop
vertex -4.011678397746516 15.000078071641699 4.011678397746516
vertex -3.6557261178505414 29.999873192345486 4.30396671661181
vertex -4.011678397746516 29.999873192345486 4.011678397746516
endloop
endfacet
facet normal -0.9951613541358725 0.000013195077974084603 0.0982541554355163
outer loop
vertex -4.674632445279318 22.499975631993593 2.6068269910028667
vertex -4.70009802969159 15.000078071641699 2.349907539376838
vertex -4.66925637745895 15.000078071641699 2.662285374834036
endloop
endfacet
facet normal -0.9951697042310873 0.000012563438345093191 0.09816954529165428
outer loop
vertex -4.674632445279318 22.499975631993593 2.6068269910028667
vertex -4.66925637745895 15.000078071641699 2.662285374834036
vertex -4.65482587962533 15.000078071641699 2.8085710097356404
endloop
endfacet
facet normal -0.9952152274878092 0 0.09770696483049786
outer loop
vertex -4.674632445279318 22.499975631993593 2.6068269910028667
vertex -4.65482587962533 15.000078071641699 2.8085710097356404
vertex -4.65482587962533 29.999873192345486 2.8085710097356404
endloop
endfacet
facet normal -0.9951697042310873 -0.000012563438345093191 0.09816954529165428
outer loop
vertex -4.674632445279318 22.499975631993593 2.6068269910028667
vertex -4.65482587962533 29.999873192345486 2.8085710097356404
vertex -4.66925637745895 29.999873192345486 2.662285374834036
endloop
endfacet
facet normal -0.9951613541358725 -0.000013195077974084603 0.0982541554355163
outer loop
vertex -4.674632445279318 22.499975631993593 2.6068269910028667
vertex -4.66925637745895 29.999873192345486 2.662285374834036
vertex -4.70009802969159 29.999873192345486 2.349907539376838
endloop
endfacet
facet normal -0.9951236195588996 0 0.09863560105760169
outer loop
vertex -4.674632445279318 22.499975631993593 2.6068269910028667
vertex -4.70009802969159 29.999873192345486 2.349907539376838
vertex -4.70009802969159 15.000078071641699 2.349907539376838
endloop
endfacet
facet normal -0.9951580892710008 0 -0.09828721869343209
outer loop
vertex -4.70009802969159 15.000078071641699 2.349907539376838
vertex -4.70009802969159 29.999873192345486 2.349907539376838
vertex -4.65482587962533 29.999873192345486 1.8915270199559497
endloop
endfacet
facet normal -0.9951580892710008 0 -0.09828721869343209
outer loop
vertex -4.70009802969159 15.000078071641699 2.349907539376838
vertex -4.65482587962533 29.999873192345486 1.8915270199559497
vertex -4.65482587962533 15.000078071641699 1.8915270199559497
endloop
endfacet
facet normal 0 0 -1
outer loop
vertex -3.0128615869096413 29.999873192345486 3.949995093281235
vertex -1.6872364427819488 29.999873192345486 3.949995093281235
vertex -1.6872364427819488 15.000078071641699 3.949995093281235
endloop
endfacet
facet normal 0 0 -1
outer loop
vertex -3.0128615869096413 29.999873192345486 3.949995093281235
vertex -1.6872364427819488 15.000078071641699 3.949995093281235
vertex -3.0128615869096413 15.000078071641699 3.949995093281235
endloop
endfacet
facet normal -0.956902956419107 0 0.2904078717878912
outer loop
vertex -0.7806616377050808 29.999873192345486 2.037812654857554
vertex -0.8717718397134302 29.999873192345486 1.7376017097306637
vertex -0.8717718397134302 15.000078071641699 1.7376017097306637
endloop
endfacet
facet normal -0.956902956419107 0 0.2904078717878912
outer loop
vertex -0.7806616377050808 29.999873192345486 2.037812654857554
vertex -0.8717718397134302 15.000078071641699 1.7376017097306637
vertex -0.7806616377050808 15.000078071641699 2.037812654857554
endloop
endfacet
facet normal -0.7071067811865476 0 -0.7071067811865476
outer loop
vertex -1.218669689596152 15.000078071641699 3.4814283400954382
vertex -1.6872364427819488 15.000078071641699 3.949995093281235
vertex -1.6872364427819488 29.999873192345486 3.949995093281235
endloop
endfacet
facet normal -0.7071067811865476 0 -0.7071067811865476
outer loop
vertex -1.218669689596152 15.000078071641699 3.4814283400954382
vertex -1.6872364427819488 29.999873192345486 3.949995093281235
vertex -1.218669689596152 29.999873192345486 3.4814283400954382
endloop
endfacet
facet normal 0.8818282426491129 0 -0.4715707268972251
outer loop
vertex -3.82832618997816 15.000078071641699 2.9622133690230124
vertex -3.82832618997816 29.999873192345486 2.9622133690230124
vertex -3.6803428494490706 29.999873192345486 3.2389393863030302
endloop
endfacet
facet normal 0.8818282426491129 0 -0.4715707268972251
outer loop
vertex -3.82832618997816 15.000078071641699 2.9622133690230124
vertex -3.6803428494490706 29.999873192345486 3.2389393863030302
vertex -3.6803428494490706 15.000078071641699 3.2389393863030302
endloop
endfacet
facet normal -0.9952405436897019 0 0.09744875677106801
outer loop
vertex -0.7806616377050808 29.999873192345486 2.037812654857554
vertex -0.7806616377050808 15.000078071641699 2.037812654857554
vertex -0.7501029364103549 15.000078071641699 2.349907539376838
endloop
endfacet
facet normal -0.9952405436897019 0 0.09744875677106801
outer loop
vertex -0.7806616377050808 29.999873192345486 2.037812654857554
vertex -0.7501029364103549 15.000078071641699 2.349907539376838
vertex -0.7501029364103549 29.999873192345486 2.349907539376838
endloop
endfacet
facet normal -0.9952491006685259 0 -0.09736132506539934
outer loop
vertex -0.7501029364103549 29.999873192345486 2.349907539376838
vertex -0.7501029364103549 15.000078071641699 2.349907539376838
vertex -0.7806616377050808 15.000078071641699 2.662285374834036
endloop
endfacet
facet normal -0.9952491006685259 0 -0.09736132506539934
outer loop
vertex -0.7501029364103549 29.999873192345486 2.349907539376838
vertex -0.7806616377050808 15.000078071641699 2.662285374834036
vertex -0.7806616377050808 29.999873192345486 2.662285374834036
endloop
endfacet
facet normal -0.9568267955737834 0 -0.2906587058252436
outer loop
vertex -0.7806616377050808 15.000078071641699 2.662285374834036
vertex -0.8717718397134302 15.000078071641699 2.9622133690230124
vertex -0.8717718397134302 29.999873192345486 2.9622133690230124
endloop
endfacet
facet normal -0.9568267955737834 0 -0.2906587058252436
outer loop
vertex -0.7806616377050808 15.000078071641699 2.662285374834036
vertex -0.8717718397134302 29.999873192345486 2.9622133690230124
vertex -0.7806616377050808 29.999873192345486 2.662285374834036
endloop
endfacet
facet normal -0.8818282426491129 0 -0.4715707268972251
outer loop
vertex -1.0197551802425195 29.999873192345486 3.2389393863030302
vertex -0.8717718397134302 29.999873192345486 2.9622133690230124
vertex -0.8717718397134302 15.000078071641699 2.9622133690230124
endloop
endfacet
facet normal -0.8818282426491129 0 -0.4715707268972251
outer loop
vertex -1.0197551802425195 29.999873192345486 3.2389393863030302
vertex -0.8717718397134302 15.000078071641699 2.9622133690230124
vertex -1.0197551802425195 15.000078071641699 3.2389393863030302
endloop
endfacet
facet normal -0.7731527688541173 0 -0.6342198325606127
outer loop
vertex -1.218669689596152 15.000078071641699 3.4814283400954382
vertex -1.218669689596152 29.999873192345486 3.4814283400954382
vertex -1.0197551802425195 29.999873192345486 3.2389393863030302
endloop
endfacet
facet normal -0.7731527688541173 0 -0.6342198325606127
outer loop
vertex -1.218669689596152 15.000078071641699 3.4814283400954382
vertex -1.0197551802425195 29.999873192345486 3.2389393863030302
vertex -1.0197551802425195 15.000078071641699 3.2389393863030302
endloop
endfacet
facet normal -0.8816274919822349 0 0.47194593480727665
outer loop
vertex -0.8717718397134302 15.000078071641699 1.7376017097306637
vertex -0.8717718397134302 29.999873192345486 1.7376017097306637
vertex -1.0197551802425195 29.999873192345486 1.4611586433885602
endloop
endfacet
facet normal -0.8816274919822349 0 0.47194593480727665
outer loop
vertex -0.8717718397134302 15.000078071641699 1.7376017097306637
vertex -1.0197551802425195 29.999873192345486 1.4611586433885602
vertex -1.0197551802425195 15.000078071641699 1.4611586433885602
endloop
endfacet
facet normal 0.9570775449879066 0 -0.289831973529356
outer loop
vertex -3.919153441048595 29.999873192345486 2.662285374834036
vertex -3.82832618997816 29.999873192345486 2.9622133690230124
vertex -3.82832618997816 15.000078071641699 2.9622133690230124
endloop
endfacet
facet normal 0.9570775449879066 0 -0.289831973529356
outer loop
vertex -3.919153441048595 29.999873192345486 2.662285374834036
vertex -3.82832618997816 15.000078071641699 2.9622133690230124
vertex -3.919153441048595 15.000078071641699 2.662285374834036
endloop
endfacet
facet normal 0.9951613542225064 0 -0.09825415544406985
outer loop
vertex -3.919153441048595 29.999873192345486 2.662285374834036
vertex -3.919153441048595 15.000078071641699 2.662285374834036
vertex -3.949995093281235 15.000078071641699 2.349907539376838
endloop
endfacet
facet normal 0.9951613542225064 0 -0.09825415544406985
outer loop
vertex -3.919153441048595 29.999873192345486 2.662285374834036
vertex -3.949995093281235 15.000078071641699 2.349907539376838
vertex -3.949995093281235 29.999873192345486 2.349907539376838
endloop
endfacet
facet normal 0.7071067811865476 0 -0.7071067811865476
outer loop
vertex -3.4814283400954382 29.999873192345486 3.4814283400954382
vertex -3.0128615869096413 29.999873192345486 3.949995093281235
vertex -3.0128615869096413 15.000078071641699 3.949995093281235
endloop
endfacet
facet normal 0.7071067811865476 0 -0.7071067811865476
outer loop
vertex -3.4814283400954382 29.999873192345486 3.4814283400954382
vertex -3.0128615869096413 15.000078071641699 3.949995093281235
vertex -3.4814283400954382 15.000078071641699 3.4814283400954382
endloop
endfacet
facet normal 0.7731527688541173 0 -0.6342198325606127
outer loop
vertex -3.6803428494490706 15.000078071641699 3.2389393863030302
vertex -3.6803428494490706 29.999873192345486 3.2389393863030302
vertex -3.4814283400954382 29.999873192345486 3.4814283400954382
endloop
endfacet
facet normal 0.7731527688541173 0 -0.6342198325606127
outer loop
vertex -3.6803428494490706 15.000078071641699 3.2389393863030302
vertex -3.4814283400954382 29.999873192345486 3.4814283400954382
vertex -3.4814283400954382 15.000078071641699 3.4814283400954382
endloop
endfacet
facet normal 0.09736132506539934 0 0.9952491006685259
outer loop
vertex -2.349907539376838 15.000078071641699 0.7501029364103549
vertex -2.349907539376838 29.999873192345486 0.7501029364103549
vertex -2.662285374834036 29.999873192345486 0.7806616377050808
endloop
endfacet
facet normal 0.09736132506539934 0 0.9952491006685259
outer loop
vertex -2.349907539376838 15.000078071641699 0.7501029364103549
vertex -2.662285374834036 29.999873192345486 0.7806616377050808
vertex -2.662285374834036 15.000078071641699 0.7806616377050808
endloop
endfacet
facet normal 0.2906587058252436 0 0.9568267955737834
outer loop
vertex -2.662285374834036 29.999873192345486 0.7806616377050808
vertex -2.9622133690230124 29.999873192345486 0.8717718397134302
vertex -2.9622133690230124 15.000078071641699 0.8717718397134302
endloop
endfacet
facet normal 0.2906587058252436 0 0.9568267955737834
outer loop
vertex -2.662285374834036 29.999873192345486 0.7806616377050808
vertex -2.9622133690230124 15.000078071641699 0.8717718397134302
vertex -2.662285374834036 15.000078071641699 0.7806616377050808
endloop
endfacet
facet normal 0.6342198325606127 0 0.7731527688541173
outer loop
vertex -3.4814283400954382 29.999873192345486 1.218669689596152
vertex -3.4814283400954382 15.000078071641699 1.218669689596152
vertex -3.2389393863030302 15.000078071641699 1.0197551802425195
endloop
endfacet
facet normal 0.6342198325606127 0 0.7731527688541173
outer loop
vertex -3.4814283400954382 29.999873192345486 1.218669689596152
vertex -3.2389393863030302 15.000078071641699 1.0197551802425195
vertex -3.2389393863030302 29.999873192345486 1.0197551802425195
endloop
endfacet
facet normal 0.4715707268972251 0 0.8818282426491129
outer loop
vertex -3.2389393863030302 15.000078071641699 1.0197551802425195
vertex -2.9622133690230124 15.000078071641699 0.8717718397134302
vertex -2.9622133690230124 29.999873192345486 0.8717718397134302
endloop
endfacet
facet normal 0.4715707268972251 0 0.8818282426491129
outer loop
vertex -3.2389393863030302 15.000078071641699 1.0197551802425195
vertex -2.9622133690230124 29.999873192345486 0.8717718397134302
vertex -3.2389393863030302 29.999873192345486 1.0197551802425195
endloop
endfacet
facet normal -0.47194593480727665 0 0.8816274919822349
outer loop
vertex -1.7376017097306637 29.999873192345486 0.8717718397134302
vertex -1.7376017097306637 15.000078071641699 0.8717718397134302
vertex -1.4611586433885602 15.000078071641699 1.0197551802425195
endloop
endfacet
facet normal -0.47194593480727665 0 0.8816274919822349
outer loop
vertex -1.7376017097306637 29.999873192345486 0.8717718397134302
vertex -1.4611586433885602 15.000078071641699 1.0197551802425195
vertex -1.4611586433885602 29.999873192345486 1.0197551802425195
endloop
endfacet
facet normal 0.9951526403547486 0 0.09834237334421364
outer loop
vertex -3.919153441048595 29.999873192345486 2.037812654857554
vertex -3.949995093281235 29.999873192345486 2.349907539376838
vertex -3.949995093281235 15.000078071641699 2.349907539376838
endloop
endfacet
facet normal 0.9951526403547486 0 0.09834237334421364
outer loop
vertex -3.919153441048595 29.999873192345486 2.037812654857554
vertex -3.949995093281235 15.000078071641699 2.349907539376838
vertex -3.919153441048595 15.000078071641699 2.037812654857554
endloop
endfacet
facet normal 0.9571532929888811 0 0.2895817220070031
outer loop
vertex -3.82832618997816 15.000078071641699 1.7376017097306637
vertex -3.82832618997816 29.999873192345486 1.7376017097306637
vertex -3.919153441048595 29.999873192345486 2.037812654857554
endloop
endfacet
facet normal 0.9571532929888811 0 0.2895817220070031
outer loop
vertex -3.82832618997816 15.000078071641699 1.7376017097306637
vertex -3.919153441048595 29.999873192345486 2.037812654857554
vertex -3.919153441048595 15.000078071641699 2.037812654857554
endloop
endfacet
facet normal 0.8816274919822349 0 0.47194593480727665
outer loop
vertex -3.6803428494490706 29.999873192345486 1.4611586433885602
vertex -3.82832618997816 29.999873192345486 1.7376017097306637
vertex -3.82832618997816 15.000078071641699 1.7376017097306637
endloop
endfacet
facet normal 0.8816274919822349 0 0.47194593480727665
outer loop
vertex -3.6803428494490706 29.999873192345486 1.4611586433885602
vertex -3.82832618997816 15.000078071641699 1.7376017097306637
vertex -3.6803428494490706 15.000078071641699 1.4611586433885602
endloop
endfacet
facet normal 0.7731527688541177 0 0.6342198325606123
outer loop
vertex -3.4814283400954382 15.000078071641699 1.218669689596152
vertex -3.4814283400954382 29.999873192345486 1.218669689596152
vertex -3.6803428494490706 29.999873192345486 1.4611586433885602
endloop
endfacet
facet normal 0.7731527688541177 0 0.6342198325606123
outer loop
vertex -3.4814283400954382 15.000078071641699 1.218669689596152
vertex -3.6803428494490706 29.999873192345486 1.4611586433885602
vertex -3.6803428494490706 15.000078071641699 1.4611586433885602
endloop
endfacet
facet normal -0.09744875677106801 0 0.9952405436897019
outer loop
vertex -2.037812654857554 29.999873192345486 0.7806616377050808
vertex -2.349907539376838 29.999873192345486 0.7501029364103549
vertex -2.349907539376838 15.000078071641699 0.7501029364103549
endloop
endfacet
facet normal -0.09744875677106801 0 0.9952405436897019
outer loop
vertex -2.037812654857554 29.999873192345486 0.7806616377050808
vertex -2.349907539376838 15.000078071641699 0.7501029364103549
vertex -2.037812654857554 15.000078071641699 0.7806616377050808
endloop
endfacet
facet normal -0.2904078717878912 0 0.956902956419107
outer loop
vertex -1.7376017097306637 15.000078071641699 0.8717718397134302
vertex -1.7376017097306637 29.999873192345486 0.8717718397134302
vertex -2.037812654857554 29.999873192345486 0.7806616377050808
endloop
endfacet
facet normal -0.2904078717878912 0 0.956902956419107
outer loop
vertex -1.7376017097306637 15.000078071641699 0.8717718397134302
vertex -2.037812654857554 29.999873192345486 0.7806616377050808
vertex -2.037812654857554 15.000078071641699 0.7806616377050808
endloop
endfacet
facet normal -0.6342198325606123 0 0.7731527688541177
outer loop
vertex -1.4611586433885602 29.999873192345486 1.0197551802425195
vertex -1.4611586433885602 15.000078071641699 1.0197551802425195
vertex -1.218669689596152 15.000078071641699 1.218669689596152
endloop
endfacet
facet normal -0.6342198325606123 0 0.7731527688541177
outer loop
vertex -1.4611586433885602 29.999873192345486 1.0197551802425195
vertex -1.218669689596152 15.000078071641699 1.218669689596152
vertex -1.218669689596152 29.999873192345486 1.218669689596152
endloop
endfacet
facet normal -0.7731527688541177 0 0.6342198325606123
outer loop
vertex -1.218669689596152 15.000078071641699 1.218669689596152
vertex -1.0197551802425195 15.000078071641699 1.4611586433885602
vertex -1.0197551802425195 29.999873192345486 1.4611586433885602
endloop
endfacet
facet normal -0.7731527688541177 0 0.6342198325606123
outer loop
vertex -1.218669689596152 15.000078071641699 1.218669689596152
vertex -1.0197551802425195 29.999873192345486 1.4611586433885602
vertex -1.218669689596152 29.999873192345486 1.218669689596152
endloop
endfacet
facet normal 0 1 0
outer loop
vertex -2.4837433330102208 29.999873192345486 4.269163751248373
vertex 0 29.999873192345486 4.70009802969159
vertex 0 29.999873192345486 3.949995093281235
endloop
endfacet
facet normal 0 1 0
outer loop
vertex -2.4837433330102208 29.999873192345486 4.269163751248373
vertex 0 29.999873192345486 3.949995093281235
vertex -1.6872364427819488 29.999873192345486 3.949995093281235
endloop
endfacet
facet normal 0 1 0
outer loop
vertex -2.4837433330102208 29.999873192345486 4.269163751248373
vertex -1.6872364427819488 29.999873192345486 3.949995093281235
vertex -3.0128615869096413 29.999873192345486 3.949995093281235
endloop
endfacet
facet normal 0 1 0
outer loop
vertex -2.4837433330102208 29.999873192345486 4.269163751248373
vertex -3.0128615869096413 29.999873192345486 3.949995093281235
vertex -4.062326615633144 29.999873192345486 3.949995093281235
endloop
endfacet
facet normal 0 1 0
outer loop
vertex -2.4837433330102208 29.999873192345486 4.269163751248373
vertex -4.062326615633144 29.999873192345486 3.949995093281235
vertex -4.011678397746516 29.999873192345486 4.011678397746516
endloop
endfacet
facet normal 0 1 0
outer loop
vertex -2.4837433330102208 29.999873192345486 4.269163751248373
vertex -4.011678397746516 29.999873192345486 4.011678397746516
vertex -3.6557261178505414 29.999873192345486 4.30396671661181
endloop
endfacet
facet normal 0 1 0
outer loop
vertex -2.4837433330102208 29.999873192345486 4.269163751248373
vertex -3.6557261178505414 29.999873192345486 4.30396671661181
vertex -3.2494085710058527 29.999873192345486 4.520990085991947
endloop
endfacet
facet normal 0 1 0
outer loop
vertex -2.4837433330102208 29.999873192345486 4.269163751248373
vertex -3.2494085710058527 29.999873192345486 4.520990085991947
vertex -2.8085710097356404 29.999873192345486 4.65482587962533
endloop
endfacet
facet normal 0 1 0
outer loop
vertex -2.4837433330102208 29.999873192345486 4.269163751248373
vertex -2.8085710097356404 29.999873192345486 4.65482587962533
vertex -2.349907539376838 29.999873192345486 4.70009802969159
endloop
endfacet
facet normal 0 1 0
outer loop
vertex -2.4837433330102208 29.999873192345486 4.269163751248373
vertex -2.349907539376838 29.999873192345486 4.70009802969159
vertex 0 29.999873192345486 4.70009802969159
endloop
endfacet
facet normal 0 1 0
outer loop
vertex -3.8515281668871184 29.999873192345486 3.703827777295943
vertex -3.0128615869096413 29.999873192345486 3.949995093281235
vertex -3.4814283400954382 29.999873192345486 3.4814283400954382
endloop
endfacet
facet normal 0 1 0
outer loop
vertex -3.8515281668871184 29.999873192345486 3.703827777295943
vertex -3.4814283400954382 29.999873192345486 3.4814283400954382
vertex -4.397057575185558 29.999873192345486 3.4814283400954382
endloop
endfacet
facet normal 0 1 0
outer loop
vertex -3.8515281668871184 29.999873192345486 3.703827777295943
vertex -4.397057575185558 29.999873192345486 3.4814283400954382
vertex -4.30396671661181 29.999873192345486 3.6557261178505414
endloop
endfacet
facet normal 0 0.9999999999999999 0
outer loop
vertex -3.8515281668871184 29.999873192345486 3.703827777295943
vertex -4.30396671661181 29.999873192345486 3.6557261178505414
vertex -4.062326615633144 29.999873192345486 3.949995093281235
endloop
endfacet
facet normal 0 1 0
outer loop
vertex -3.8515281668871184 29.999873192345486 3.703827777295943
vertex -4.062326615633144 29.999873192345486 3.949995093281235
vertex -3.0128615869096413 29.999873192345486 3.949995093281235
endloop
endfacet
facet normal 0 1 0
outer loop
vertex 0 29.999873192345486 3.949995093281235
vertex 0 29.999873192345486 3.4814283400954382
vertex -1.218669689596152 29.999873192345486 3.4814283400954382
endloop
endfacet
facet normal 0 1 0
outer loop
vertex 0 29.999873192345486 3.949995093281235
vertex -1.218669689596152 29.999873192345486 3.4814283400954382
vertex -1.6872364427819488 29.999873192345486 3.949995093281235
endloop
endfacet
facet normal 0 1 0
outer loop
vertex -4.120897459781369 29.999873192345486 3.337972214572975
vertex -3.4814283400954382 29.999873192345486 3.4814283400954382
vertex -3.6803428494490706 29.999873192345486 3.2389393863030302
endloop
endfacet
facet normal 0 1 0
outer loop
vertex -4.120897459781369 29.999873192345486 3.337972214572975
vertex -3.6803428494490706 29.999873192345486 3.2389393863030302
vertex -4.524385497246916 29.999873192345486 3.2389393863030302
endloop
endfacet
facet normal 0 0.9999999999999999 0
outer loop
vertex -4.120897459781369 29.999873192345486 3.337972214572975
vertex -4.524385497246916 29.999873192345486 3.2389393863030302
vertex -4.520990085991947 29.999873192345486 3.2494085710058527
endloop
endfacet
facet normal 0 0.9999999999999999 0
outer loop
vertex -4.120897459781369 29.999873192345486 3.337972214572975
vertex -4.520990085991947 29.999873192345486 3.2494085710058527
vertex -4.397057575185558 29.999873192345486 3.4814283400954382
endloop
endfacet
facet normal 0 1 0
outer loop
vertex -4.120897459781369 29.999873192345486 3.337972214572975
vertex -4.397057575185558 29.999873192345486 3.4814283400954382
vertex -3.4814283400954382 29.999873192345486 3.4814283400954382
endloop
endfacet
facet normal 0 1 0
outer loop
vertex 0 29.999873192345486 3.4814283400954382
vertex 0 29.999873192345486 3.2389393863030302
vertex -1.0197551802425195 29.999873192345486 3.2389393863030302
endloop
endfacet
facet normal 0 1 0
outer loop
vertex 0 29.999873192345486 3.4814283400954382
vertex -1.0197551802425195 29.999873192345486 3.2389393863030302
vertex -1.218669689596152 29.999873192345486 3.4814283400954382
endloop
endfacet
facet normal 0 1 0
outer loop
vertex -3.6803428494490706 29.999873192345486 3.2389393863030302
vertex -3.82832618997816 29.999873192345486 2.9622133690230124
vertex -4.608138974869498 29.999873192345486 2.9622133690230124
endloop
endfacet
facet normal 0 1 0
outer loop
vertex -3.6803428494490706 29.999873192345486 3.2389393863030302
vertex -4.608138974869498 29.999873192345486 2.9622133690230124
vertex -4.524385497246916 29.999873192345486 3.2389393863030302
endloop
endfacet
facet normal 0 1 0
outer loop
vertex 0 29.999873192345486 3.2389393863030302
vertex 0 29.999873192345486 2.9622133690230124
vertex -0.8717718397134302 29.999873192345486 2.9622133690230124
endloop
endfacet
facet normal 0 1 0
outer loop
vertex 0 29.999873192345486 3.2389393863030302
vertex -0.8717718397134302 29.999873192345486 2.9622133690230124
vertex -1.0197551802425195 29.999873192345486 3.2389393863030302
endloop
endfacet
facet normal 0 1 0
outer loop
vertex -4.335940172596106 29.999873192345486 2.8114005191147817
vertex -3.82832618997816 29.999873192345486 2.9622133690230124
vertex -3.919153441048595 29.999873192345486 2.662285374834036
endloop
endfacet
facet normal 0 1 0
outer loop
vertex -4.335940172596106 29.999873192345486 2.8114005191147817
vertex -3.919153441048595 29.999873192345486 2.662285374834036
vertex -4.66925637745895 29.999873192345486 2.662285374834036
endloop
endfacet
facet normal 0 1 0
outer loop
vertex -4.335940172596106 29.999873192345486 2.8114005191147817
vertex -4.66925637745895 29.999873192345486 2.662285374834036
vertex -4.65482587962533 29.999873192345486 2.8085710097356404
endloop
endfacet
facet normal 0 1 0
outer loop
vertex -4.335940172596106 29.999873192345486 2.8114005191147817
vertex -4.65482587962533 29.999873192345486 2.8085710097356404
vertex -4.608138974869498 29.999873192345486 2.9622133690230124
endloop
endfacet
facet normal 0 1 0
outer loop
vertex -4.335940172596106 29.999873192345486 2.8114005191147817
vertex -4.608138974869498 29.999873192345486 2.9622133690230124
vertex -3.82832618997816 29.999873192345486 2.9622133690230124
endloop
endfacet
facet normal 0 1 0
outer loop
vertex 0 29.999873192345486 2.9622133690230124
vertex 0 29.999873192345486 2.662285374834036
vertex -0.7806616377050808 29.999873192345486 2.662285374834036
endloop
endfacet
facet normal 0 1 0
outer loop
vertex 0 29.999873192345486 2.9622133690230124
vertex -0.7806616377050808 29.999873192345486 2.662285374834036
vertex -0.8717718397134302 29.999873192345486 2.9622133690230124
endloop
endfacet
facet normal 0 1 0
outer loop
vertex -3.919153441048595 29.999873192345486 2.662285374834036
vertex -3.949995093281235 29.999873192345486 2.349907539376838
vertex -4.70009802969159 29.999873192345486 2.349907539376838
endloop
endfacet
facet normal 0 1 0
outer loop
vertex -3.919153441048595 29.999873192345486 2.662285374834036
vertex -4.70009802969159 29.999873192345486 2.349907539376838
vertex -4.66925637745895 29.999873192345486 2.662285374834036
endloop
endfacet
facet normal 0 0.9999999999999999 0
outer loop
vertex 0 29.999873192345486 2.662285374834036
vertex 0 29.999873192345486 2.349907539376838
vertex -0.7501029364103549 29.999873192345486 2.349907539376838
endloop
endfacet
facet normal 0 1 0
outer loop
vertex 0 29.999873192345486 2.662285374834036
vertex -0.7501029364103549 29.999873192345486 2.349907539376838
vertex -0.7806616377050808 29.999873192345486 2.662285374834036
endloop
endfacet
facet normal 0 1 0
outer loop
vertex -3.949995093281235 29.999873192345486 2.349907539376838
vertex -3.919153441048595 29.999873192345486 2.037812654857554
vertex -4.66925637745895 29.999873192345486 2.037812654857554
endloop
endfacet
facet normal 0 1 0
outer loop
vertex -3.949995093281235 29.999873192345486 2.349907539376838
vertex -4.66925637745895 29.999873192345486 2.037812654857554
vertex -4.70009802969159 29.999873192345486 2.349907539376838
endloop
endfacet
facet normal 0 1 0
outer loop
vertex 0 29.999873192345486 2.349907539376838
vertex 0 29.999873192345486 2.037812654857554
vertex -0.7806616377050808 29.999873192345486 2.037812654857554
endloop
endfacet
facet normal 0 0.9999999999999999 0
outer loop
vertex 0 29.999873192345486 2.349907539376838
vertex -0.7806616377050808 29.999873192345486 2.037812654857554
vertex -0.7501029364103549 29.999873192345486 2.349907539376838
endloop
endfacet
facet normal 0 1 0
outer loop
vertex -4.335940172596106 29.999873192345486 1.8884145596388944
vertex -3.919153441048595 29.999873192345486 2.037812654857554
vertex -3.82832618997816 29.999873192345486 1.7376017097306637
endloop
endfacet
facet normal 0 1 0
outer loop
vertex -4.335940172596106 29.999873192345486 1.8884145596388944
vertex -3.82832618997816 29.999873192345486 1.7376017097306637
vertex -4.608138974869498 29.999873192345486 1.7376017097306637
endloop
endfacet
facet normal 0 1 0
outer loop
vertex -4.335940172596106 29.999873192345486 1.8884145596388944
vertex -4.608138974869498 29.999873192345486 1.7376017097306637
vertex -4.65482587962533 29.999873192345486 1.8915270199559497
endloop
endfacet
facet normal 0 1 0
outer loop
vertex -4.335940172596106 29.999873192345486 1.8884145596388944
vertex -4.65482587962533 29.999873192345486 1.8915270199559497
vertex -4.66925637745895 29.999873192345486 2.037812654857554
endloop
endfacet
facet normal 0 1 0
outer loop
vertex -4.335940172596106 29.999873192345486 1.8884145596388944
vertex -4.66925637745895 29.999873192345486 2.037812654857554
vertex -3.919153441048595 29.999873192345486 2.037812654857554
endloop
endfacet
facet normal 0 1 0
outer loop
vertex 0 29.999873192345486 2.037812654857554
vertex 0 29.999873192345486 1.7376017097306637
vertex -0.8717718397134302 29.999873192345486 1.7376017097306637
endloop
endfacet
facet normal 0 1 0
outer loop
vertex 0 29.999873192345486 2.037812654857554
vertex -0.8717718397134302 29.999873192345486 1.7376017097306637
vertex -0.7806616377050808 29.999873192345486 2.037812654857554
endloop
endfacet
facet normal 0 1 0
outer loop
vertex -3.82832618997816 29.999873192345486 1.7376017097306637
vertex -3.6803428494490706 29.999873192345486 1.4611586433885602
vertex -4.524385497246916 29.999873192345486 1.4611586433885602
endloop
endfacet
facet normal 0 1 0
outer loop
vertex -3.82832618997816 29.999873192345486 1.7376017097306637
vertex -4.524385497246916 29.999873192345486 1.4611586433885602
vertex -4.608138974869498 29.999873192345486 1.7376017097306637
endloop
endfacet
facet normal 0 1 0
outer loop
vertex 0 29.999873192345486 1.7376017097306637
vertex 0 29.999873192345486 1.4611586433885602
vertex -1.0197551802425195 29.999873192345486 1.4611586433885602
endloop
endfacet
facet normal 0 1 0
outer loop
vertex 0 29.999873192345486 1.7376017097306637
vertex -1.0197551802425195 29.999873192345486 1.4611586433885602
vertex -0.8717718397134302 29.999873192345486 1.7376017097306637
endloop
endfacet
facet normal 0 1 0
outer loop
vertex -4.120897459781369 29.999873192345486 1.362125815118615
vertex -3.6803428494490706 29.999873192345486 1.4611586433885602
vertex -3.4814283400954382 29.999873192345486 1.218669689596152
endloop
endfacet
facet normal 0 1 0
outer loop
vertex -4.120897459781369 29.999873192345486 1.362125815118615
vertex -3.4814283400954382 29.999873192345486 1.218669689596152
vertex -4.397057575185558 29.999873192345486 1.218669689596152
endloop
endfacet
facet normal 0 1 0
outer loop
vertex -4.120897459781369 29.999873192345486 1.362125815118615
vertex -4.397057575185558 29.999873192345486 1.218669689596152
vertex -4.520990085991947 29.999873192345486 1.4506894586857373
endloop
endfacet
facet normal 0 0.9999999999999999 0
outer loop
vertex -4.120897459781369 29.999873192345486 1.362125815118615
vertex -4.520990085991947 29.999873192345486 1.4506894586857373
vertex -4.524385497246916 29.999873192345486 1.4611586433885602
endloop
endfacet
facet normal 0 1 0
outer loop
vertex -4.120897459781369 29.999873192345486 1.362125815118615
vertex -4.524385497246916 29.999873192345486 1.4611586433885602
vertex -3.6803428494490706 29.999873192345486 1.4611586433885602
endloop
endfacet
facet normal 0 1 0
outer loop
vertex 0 29.999873192345486 1.4611586433885602
vertex 0 29.999873192345486 1.218669689596152
vertex -1.218669689596152 29.999873192345486 1.218669689596152
endloop
endfacet
facet normal 0 1 0
outer loop
vertex 0 29.999873192345486 1.4611586433885602
vertex -1.218669689596152 29.999873192345486 1.218669689596152
vertex -1.0197551802425195 29.999873192345486 1.4611586433885602
endloop
endfacet
facet normal 0 1 0
outer loop
vertex -3.940940663267983 29.999873192345486 1.104357510678844
vertex -3.4814283400954382 29.999873192345486 1.218669689596152
vertex -3.2389393863030302 29.999873192345486 1.0197551802425195
endloop
endfacet
facet normal 0 1 0
outer loop
vertex -3.940940663267983 29.999873192345486 1.104357510678844
vertex -3.2389393863030302 29.999873192345486 1.0197551802425195
vertex -4.283594249081993 29.999873192345486 1.0197551802425195
endloop
endfacet
facet normal 0 0.9999999999999999 0
outer loop
vertex -3.940940663267983 29.999873192345486 1.104357510678844
vertex -4.283594249081993 29.999873192345486 1.0197551802425195
vertex -4.30396671661181 29.999873192345486 1.0443719118410486
endloop
endfacet
facet normal 0 1 0
outer loop
vertex -3.940940663267983 29.999873192345486 1.104357510678844
vertex -4.30396671661181 29.999873192345486 1.0443719118410486
vertex -4.397057575185558 29.999873192345486 1.218669689596152
endloop
endfacet
facet normal 0 1 0
outer loop
vertex -3.940940663267983 29.999873192345486 1.104357510678844
vertex -4.397057575185558 29.999873192345486 1.218669689596152
vertex -3.4814283400954382 29.999873192345486 1.218669689596152
endloop
endfacet
facet normal 0 1 0
outer loop
vertex 0 29.999873192345486 1.218669689596152
vertex 0 29.999873192345486 1.0197551802425195
vertex -1.4611586433885602 29.999873192345486 1.0197551802425195
endloop
endfacet
facet normal 0 1 0
outer loop
vertex 0 29.999873192345486 1.218669689596152
vertex -1.4611586433885602 29.999873192345486 1.0197551802425195
vertex -1.218669689596152 29.999873192345486 1.218669689596152
endloop
endfacet
facet normal 0 1 0
outer loop
vertex -3.2389393863030302 29.999873192345486 1.0197551802425195
vertex -2.9622133690230124 29.999873192345486 0.8717718397134302
vertex -4.162208296716832 29.999873192345486 0.8717718397134302
endloop
endfacet
facet normal 0 1 0
outer loop
vertex -3.2389393863030302 29.999873192345486 1.0197551802425195
vertex -4.162208296716832 29.999873192345486 0.8717718397134302
vertex -4.283594249081993 29.999873192345486 1.0197551802425195
endloop
endfacet
facet normal 0 1 0
outer loop
vertex 0 29.999873192345486 1.0197551802425195
vertex 0 29.999873192345486 0.8717718397134302
vertex -1.7376017097306637 29.999873192345486 0.8717718397134302
endloop
endfacet
facet normal 0 0.9999999999999999 0
outer loop
vertex 0 29.999873192345486 1.0197551802425195
vertex -1.7376017097306637 29.999873192345486 0.8717718397134302
vertex -1.4611586433885602 29.999873192345486 1.0197551802425195
endloop
endfacet
facet normal 0 1 0
outer loop
vertex -2.9622133690230124 29.999873192345486 0.8717718397134302
vertex -2.662285374834036 29.999873192345486 0.7806616377050808
vertex -4.087509249107502 29.999873192345486 0.7806616377050808
endloop
endfacet
facet normal 0 1 0
outer loop
vertex -2.9622133690230124 29.999873192345486 0.8717718397134302
vertex -4.087509249107502 29.999873192345486 0.7806616377050808
vertex -4.162208296716832 29.999873192345486 0.8717718397134302
endloop
endfacet
facet normal 0 0.9999999999999999 0
outer loop
vertex 0 29.999873192345486 0.8717718397134302
vertex 0 29.999873192345486 0.7806616377050808
vertex -2.037812654857554 29.999873192345486 0.7806616377050808
endloop
endfacet
facet normal 0 1 0
outer loop
vertex 0 29.999873192345486 0.8717718397134302
vertex -2.037812654857554 29.999873192345486 0.7806616377050808
vertex -1.7376017097306637 29.999873192345486 0.8717718397134302
endloop
endfacet
facet normal 0 1 0
outer loop
vertex -2.662285374834036 29.999873192345486 0.7806616377050808
vertex -2.349907539376838 29.999873192345486 0.7501029364103549
vertex -4.062326615633144 29.999873192345486 0.7501029364103549
endloop
endfacet
facet normal 0 1 0
outer loop
vertex -2.662285374834036 29.999873192345486 0.7806616377050808
vertex -4.062326615633144 29.999873192345486 0.7501029364103549
vertex -4.087509249107502 29.999873192345486 0.7806616377050808
endloop
endfacet
facet normal 0 1 0
outer loop
vertex 0 29.999873192345486 0.7806616377050808
vertex 0 29.999873192345486 0.7501029364103549
vertex -2.349907539376838 29.999873192345486 0.7501029364103549
endloop
endfacet
facet normal 0 1 0
outer loop
vertex 0 29.999873192345486 0.7806616377050808
vertex -2.349907539376838 29.999873192345486 0.7501029364103549
vertex -2.037812654857554 29.999873192345486 0.7806616377050808
endloop
endfacet
facet normal 0 1 0
outer loop
vertex -2.2913366952286136 29.999873192345486 0.4897880735293566
vertex -2.349907539376838 29.999873192345486 0.7501029364103549
vertex 0 29.999873192345486 0.7501029364103549
endloop
endfacet
facet normal 0 0.9999999999999999 0
outer loop
vertex -2.2913366952286136 29.999873192345486 0.4897880735293566
vertex 0 29.999873192345486 0.7501029364103549
vertex 0 29.999873192345486 0
endloop
endfacet
facet normal 0 0.9999999999999999 0
outer loop
vertex -2.2913366952286136 29.999873192345486 0.4897880735293566
vertex 0 29.999873192345486 0
vertex -3.3235417167393546 29.999873192345486 0
endloop
endfacet
facet normal 0 1 0
outer loop
vertex -2.2913366952286136 29.999873192345486 0.4897880735293566
vertex -3.3235417167393546 29.999873192345486 0
vertex -4.011678397746516 29.999873192345486 0.6884196319450748
endloop
endfacet
facet normal 0 1 0
outer loop
vertex -2.2913366952286136 29.999873192345486 0.4897880735293566
vertex -4.011678397746516 29.999873192345486 0.6884196319450748
vertex -4.062326615633144 29.999873192345486 0.7501029364103549
endloop
endfacet
facet normal 0 1 0
outer loop
vertex -2.2913366952286136 29.999873192345486 0.4897880735293566
vertex -4.062326615633144 29.999873192345486 0.7501029364103549
vertex -2.349907539376838 29.999873192345486 0.7501029364103549
endloop
endfacet
facet normal 0 -1 0
outer loop
vertex -2.4837433330102208 15.000078071641699 4.269163751248373
vertex -2.349907539376838 15.000078071641699 4.70009802969159
vertex -2.8085710097356404 15.000078071641699 4.65482587962533
endloop
endfacet
facet normal 0 -1 0
outer loop
vertex -2.4837433330102208 15.000078071641699 4.269163751248373
vertex -2.8085710097356404 15.000078071641699 4.65482587962533
vertex -3.2494085710058527 15.000078071641699 4.520990085991947
endloop
endfacet
facet normal 0 -1 0
outer loop
vertex -2.4837433330102208 15.000078071641699 4.269163751248373
vertex -3.2494085710058527 15.000078071641699 4.520990085991947
vertex -3.6557261178505414 15.000078071641699 4.30396671661181
endloop
endfacet
facet normal 0 -1 0
outer loop
vertex -2.4837433330102208 15.000078071641699 4.269163751248373
vertex -3.6557261178505414 15.000078071641699 4.30396671661181
vertex -4.011678397746516 15.000078071641699 4.011678397746516
endloop
endfacet
facet normal 0 -1 0
outer loop
vertex -2.4837433330102208 15.000078071641699 4.269163751248373
vertex -4.011678397746516 15.000078071641699 4.011678397746516
vertex -4.062326615633144 15.000078071641699 3.949995093281235
endloop
endfacet
facet normal 0 -1 0
outer loop
vertex -2.4837433330102208 15.000078071641699 4.269163751248373
vertex -4.062326615633144 15.000078071641699 3.949995093281235
vertex -3.0128615869096413 15.000078071641699 3.949995093281235
endloop
endfacet
facet normal 0 -1 0
outer loop
vertex -2.4837433330102208 15.000078071641699 4.269163751248373
vertex -3.0128615869096413 15.000078071641699 3.949995093281235
vertex -1.6872364427819488 15.000078071641699 3.949995093281235
endloop
endfacet
facet normal 0 -1 0
outer loop
vertex -2.4837433330102208 15.000078071641699 4.269163751248373
vertex -1.6872364427819488 15.000078071641699 3.949995093281235
vertex 0 15.000078071641699 3.949995093281235
endloop
endfacet
facet normal 0 -1 0
outer loop
vertex -2.4837433330102208 15.000078071641699 4.269163751248373
vertex 0 15.000078071641699 3.949995093281235
vertex 0 15.000078071641699 4.70009802969159
endloop
endfacet
facet normal 0 -1 0
outer loop
vertex -2.4837433330102208 15.000078071641699 4.269163751248373
vertex 0 15.000078071641699 4.70009802969159
vertex -2.349907539376838 15.000078071641699 4.70009802969159
endloop
endfacet
facet normal 0 -1 0
outer loop
vertex -1.6872364427819488 15.000078071641699 3.949995093281235
vertex -1.218669689596152 15.000078071641699 3.4814283400954382
vertex 0 15.000078071641699 3.4814283400954382
endloop
endfacet
facet normal 0 -1 0
outer loop
vertex -1.6872364427819488 15.000078071641699 3.949995093281235
vertex 0 15.000078071641699 3.4814283400954382
vertex 0 15.000078071641699 3.949995093281235
endloop
endfacet
facet normal 0 -0.9999999999999999 0
outer loop
vertex -3.8515281668871184 15.000078071641699 3.703827777295943
vertex -4.062326615633144 15.000078071641699 3.949995093281235
vertex -4.30396671661181 15.000078071641699 3.6557261178505414
endloop
endfacet
facet normal 0 -1 0
outer loop
vertex -3.8515281668871184 15.000078071641699 3.703827777295943
vertex -4.30396671661181 15.000078071641699 3.6557261178505414
vertex -4.397057575185558 15.000078071641699 3.4814283400954382
endloop
endfacet
facet normal 0 -1 0
outer loop
vertex -3.8515281668871184 15.000078071641699 3.703827777295943
vertex -4.397057575185558 15.000078071641699 3.4814283400954382
vertex -3.4814283400954382 15.000078071641699 3.4814283400954382
endloop
endfacet
facet normal 0 -1 0
outer loop
vertex -3.8515281668871184 15.000078071641699 3.703827777295943
vertex -3.4814283400954382 15.000078071641699 3.4814283400954382
vertex -3.0128615869096413 15.000078071641699 3.949995093281235
endloop
endfacet
facet normal 0 -1 0
outer loop
vertex -3.8515281668871184 15.000078071641699 3.703827777295943
vertex -3.0128615869096413 15.000078071641699 3.949995093281235
vertex -4.062326615633144 15.000078071641699 3.949995093281235
endloop
endfacet
facet normal 0 -1 0
outer loop
vertex -1.218669689596152 15.000078071641699 3.4814283400954382
vertex -1.0197551802425195 15.000078071641699 3.2389393863030302
vertex 0 15.000078071641699 3.2389393863030302
endloop
endfacet
facet normal 0 -1 0
outer loop
vertex -1.218669689596152 15.000078071641699 3.4814283400954382
vertex 0 15.000078071641699 3.2389393863030302
vertex 0 15.000078071641699 3.4814283400954382
endloop
endfacet
facet normal 0 -0.9999999999999999 0
outer loop
vertex -4.120897459781369 15.000078071641699 3.337972214572975
vertex -4.397057575185558 15.000078071641699 3.4814283400954382
vertex -4.520990085991947 15.000078071641699 3.2494085710058527
endloop
endfacet
facet normal 0 -0.9999999999999999 0
outer loop
vertex -4.120897459781369 15.000078071641699 3.337972214572975
vertex -4.520990085991947 15.000078071641699 3.2494085710058527
vertex -4.524385497246916 15.000078071641699 3.2389393863030302
endloop
endfacet
facet normal 0 -1 0
outer loop
vertex -4.120897459781369 15.000078071641699 3.337972214572975
vertex -4.524385497246916 15.000078071641699 3.2389393863030302
vertex -3.6803428494490706 15.000078071641699 3.2389393863030302
endloop
endfacet
facet normal 0 -1 0
outer loop
vertex -4.120897459781369 15.000078071641699 3.337972214572975
vertex -3.6803428494490706 15.000078071641699 3.2389393863030302
vertex -3.4814283400954382 15.000078071641699 3.4814283400954382
endloop
endfacet
facet normal 0 -1 0
outer loop
vertex -4.120897459781369 15.000078071641699 3.337972214572975
vertex -3.4814283400954382 15.000078071641699 3.4814283400954382
vertex -4.397057575185558 15.000078071641699 3.4814283400954382
endloop
endfacet
facet normal 0 -1 0
outer loop
vertex -1.0197551802425195 15.000078071641699 3.2389393863030302
vertex -0.8717718397134302 15.000078071641699 2.9622133690230124
vertex 0 15.000078071641699 2.9622133690230124
endloop
endfacet
facet normal 0 -1 0
outer loop
vertex -1.0197551802425195 15.000078071641699 3.2389393863030302
vertex 0 15.000078071641699 2.9622133690230124
vertex 0 15.000078071641699 3.2389393863030302
endloop
endfacet
facet normal 0 -1 0
outer loop
vertex -4.524385497246916 15.000078071641699 3.2389393863030302
vertex -4.608138974869498 15.000078071641699 2.9622133690230124
vertex -3.82832618997816 15.000078071641699 2.9622133690230124
endloop
endfacet
facet normal 0 -1 0
outer loop
vertex -4.524385497246916 15.000078071641699 3.2389393863030302
vertex -3.82832618997816 15.000078071641699 2.9622133690230124
vertex -3.6803428494490706 15.000078071641699 3.2389393863030302
endloop
endfacet
facet normal 0 -1 0
outer loop
vertex -0.8717718397134302 15.000078071641699 2.9622133690230124
vertex -0.7806616377050808 15.000078071641699 2.662285374834036
vertex 0 15.000078071641699 2.662285374834036
endloop
endfacet
facet normal 0 -1 0
outer loop
vertex -0.8717718397134302 15.000078071641699 2.9622133690230124
vertex 0 15.000078071641699 2.662285374834036
vertex 0 15.000078071641699 2.9622133690230124
endloop
endfacet
facet normal 0 -1 0
outer loop
vertex -4.335940172596106 15.000078071641699 2.8114005191147817
vertex -4.608138974869498 15.000078071641699 2.9622133690230124
vertex -4.65482587962533 15.000078071641699 2.8085710097356404
endloop
endfacet
facet normal 0 -1 0
outer loop
vertex -4.335940172596106 15.000078071641699 2.8114005191147817
vertex -4.65482587962533 15.000078071641699 2.8085710097356404
vertex -4.66925637745895 15.000078071641699 2.662285374834036
endloop
endfacet
facet normal 0 -1 0
outer loop
vertex -4.335940172596106 15.000078071641699 2.8114005191147817
vertex -4.66925637745895 15.000078071641699 2.662285374834036
vertex -3.919153441048595 15.000078071641699 2.662285374834036
endloop
endfacet
facet normal 0 -1 0
outer loop
vertex -4.335940172596106 15.000078071641699 2.8114005191147817
vertex -3.919153441048595 15.000078071641699 2.662285374834036
vertex -3.82832618997816 15.000078071641699 2.9622133690230124
endloop
endfacet
facet normal 0 -1 0
outer loop
vertex -4.335940172596106 15.000078071641699 2.8114005191147817
vertex -3.82832618997816 15.000078071641699 2.9622133690230124
vertex -4.608138974869498 15.000078071641699 2.9622133690230124
endloop
endfacet
facet normal 0 -0.9999999999999999 0
outer loop
vertex -0.7806616377050808 15.000078071641699 2.662285374834036
vertex -0.7501029364103549 15.000078071641699 2.349907539376838
vertex 0 15.000078071641699 2.349907539376838
endloop
endfacet
facet normal 0 -1 0
outer loop
vertex -0.7806616377050808 15.000078071641699 2.662285374834036
vertex 0 15.000078071641699 2.349907539376838
vertex 0 15.000078071641699 2.662285374834036
endloop
endfacet
facet normal 0 -1 0
outer loop
vertex -4.66925637745895 15.000078071641699 2.662285374834036
vertex -4.70009802969159 15.000078071641699 2.349907539376838
vertex -3.949995093281235 15.000078071641699 2.349907539376838
endloop
endfacet
facet normal 0 -1 0
outer loop
vertex -4.66925637745895 15.000078071641699 2.662285374834036
vertex -3.949995093281235 15.000078071641699 2.349907539376838
vertex -3.919153441048595 15.000078071641699 2.662285374834036
endloop
endfacet
facet normal 0 -1 0
outer loop
vertex -0.7501029364103549 15.000078071641699 2.349907539376838
vertex -0.7806616377050808 15.000078071641699 2.037812654857554
vertex 0 15.000078071641699 2.037812654857554
endloop
endfacet
facet normal 0 -0.9999999999999999 0
outer loop
vertex -0.7501029364103549 15.000078071641699 2.349907539376838
vertex 0 15.000078071641699 2.037812654857554
vertex 0 15.000078071641699 2.349907539376838
endloop
endfacet
facet normal 0 -1 0
outer loop
vertex -4.70009802969159 15.000078071641699 2.349907539376838
vertex -4.66925637745895 15.000078071641699 2.037812654857554
vertex -3.919153441048595 15.000078071641699 2.037812654857554
endloop
endfacet
facet normal 0 -1 0
outer loop
vertex -4.70009802969159 15.000078071641699 2.349907539376838
vertex -3.919153441048595 15.000078071641699 2.037812654857554
vertex -3.949995093281235 15.000078071641699 2.349907539376838
endloop
endfacet
facet normal 0 -1 0
outer loop
vertex -0.7806616377050808 15.000078071641699 2.037812654857554
vertex -0.8717718397134302 15.000078071641699 1.7376017097306637
vertex 0 15.000078071641699 1.7376017097306637
endloop
endfacet
facet normal 0 -1 0
outer loop
vertex -0.7806616377050808 15.000078071641699 2.037812654857554
vertex 0 15.000078071641699 1.7376017097306637
vertex 0 15.000078071641699 2.037812654857554
endloop
endfacet
facet normal 0 -1 0
outer loop
vertex -4.335940172596106 15.000078071641699 1.8884145596388944
vertex -4.66925637745895 15.000078071641699 2.037812654857554
vertex -4.65482587962533 15.000078071641699 1.8915270199559497
endloop
endfacet
facet normal 0 -1 0
outer loop
vertex -4.335940172596106 15.000078071641699 1.8884145596388944
vertex -4.65482587962533 15.000078071641699 1.8915270199559497
vertex -4.608138974869498 15.000078071641699 1.7376017097306637
endloop
endfacet
facet normal 0 -1 0
outer loop
vertex -4.335940172596106 15.000078071641699 1.8884145596388944
vertex -4.608138974869498 15.000078071641699 1.7376017097306637
vertex -3.82832618997816 15.000078071641699 1.7376017097306637
endloop
endfacet
facet normal 0 -1 0
outer loop
vertex -4.335940172596106 15.000078071641699 1.8884145596388944
vertex -3.82832618997816 15.000078071641699 1.7376017097306637
vertex -3.919153441048595 15.000078071641699 2.037812654857554
endloop
endfacet
facet normal 0 -1 0
outer loop
vertex -4.335940172596106 15.000078071641699 1.8884145596388944
vertex -3.919153441048595 15.000078071641699 2.037812654857554
vertex -4.66925637745895 15.000078071641699 2.037812654857554
endloop
endfacet
facet normal 0 -1 0
outer loop
vertex -0.8717718397134302 15.000078071641699 1.7376017097306637
vertex -1.0197551802425195 15.000078071641699 1.4611586433885602
vertex 0 15.000078071641699 1.4611586433885602
endloop
endfacet
facet normal 0 -1 0
outer loop
vertex -0.8717718397134302 15.000078071641699 1.7376017097306637
vertex 0 15.000078071641699 1.4611586433885602
vertex 0 15.000078071641699 1.7376017097306637
endloop
endfacet
facet normal 0 -1 0
outer loop
vertex -4.608138974869498 15.000078071641699 1.7376017097306637
vertex -4.524385497246916 15.000078071641699 1.4611586433885602
vertex -3.6803428494490706 15.000078071641699 1.4611586433885602
endloop
endfacet
facet normal 0 -1 0
outer loop
vertex -4.608138974869498 15.000078071641699 1.7376017097306637
vertex -3.6803428494490706 15.000078071641699 1.4611586433885602
vertex -3.82832618997816 15.000078071641699 1.7376017097306637
endloop
endfacet
facet normal 0 -1 0
outer loop
vertex -1.0197551802425195 15.000078071641699 1.4611586433885602
vertex -1.218669689596152 15.000078071641699 1.218669689596152
vertex 0 15.000078071641699 1.218669689596152
endloop
endfacet
facet normal 0 -1 0
outer loop
vertex -1.0197551802425195 15.000078071641699 1.4611586433885602
vertex 0 15.000078071641699 1.218669689596152
vertex 0 15.000078071641699 1.4611586433885602
endloop
endfacet
facet normal 0 -0.9999999999999999 0
outer loop
vertex -4.120897459781369 15.000078071641699 1.362125815118615
vertex -4.524385497246916 15.000078071641699 1.4611586433885602
vertex -4.520990085991947 15.000078071641699 1.4506894586857373
endloop
endfacet
facet normal 0 -1 0
outer loop
vertex -4.120897459781369 15.000078071641699 1.362125815118615
vertex -4.520990085991947 15.000078071641699 1.4506894586857373
vertex -4.397057575185558 15.000078071641699 1.218669689596152
endloop
endfacet
facet normal 0 -1 0
outer loop
vertex -4.120897459781369 15.000078071641699 1.362125815118615
vertex -4.397057575185558 15.000078071641699 1.218669689596152
vertex -3.4814283400954382 15.000078071641699 1.218669689596152
endloop
endfacet
facet normal 0 -1 0
outer loop
vertex -4.120897459781369 15.000078071641699 1.362125815118615
vertex -3.4814283400954382 15.000078071641699 1.218669689596152
vertex -3.6803428494490706 15.000078071641699 1.4611586433885602
endloop
endfacet
facet normal 0 -1 0
outer loop
vertex -4.120897459781369 15.000078071641699 1.362125815118615
vertex -3.6803428494490706 15.000078071641699 1.4611586433885602
vertex -4.524385497246916 15.000078071641699 1.4611586433885602
endloop
endfacet
facet normal 0 -1 0
outer loop
vertex -1.218669689596152 15.000078071641699 1.218669689596152
vertex -1.4611586433885602 15.000078071641699 1.0197551802425195
vertex 0 15.000078071641699 1.0197551802425195
endloop
endfacet
facet normal 0 -1 0
outer loop
vertex -1.218669689596152 15.000078071641699 1.218669689596152
vertex 0 15.000078071641699 1.0197551802425195
vertex 0 15.000078071641699 1.218669689596152
endloop
endfacet
facet normal 0 -1 0
outer loop
vertex -3.940940663267983 15.000078071641699 1.104357510678844
vertex -4.397057575185558 15.000078071641699 1.218669689596152
vertex -4.30396671661181 15.000078071641699 1.0443719118410486
endloop
endfacet
facet normal 0 -0.9999999999999999 0
outer loop
vertex -3.940940663267983 15.000078071641699 1.104357510678844
vertex -4.30396671661181 15.000078071641699 1.0443719118410486
vertex -4.283594249081993 15.000078071641699 1.0197551802425195
endloop
endfacet
facet normal 0 -1 0
outer loop
vertex -3.940940663267983 15.000078071641699 1.104357510678844
vertex -4.283594249081993 15.000078071641699 1.0197551802425195
vertex -3.2389393863030302 15.000078071641699 1.0197551802425195
endloop
endfacet
facet normal 0 -1 0
outer loop
vertex -3.940940663267983 15.000078071641699 1.104357510678844
vertex -3.2389393863030302 15.000078071641699 1.0197551802425195
vertex -3.4814283400954382 15.000078071641699 1.218669689596152
endloop
endfacet
facet normal 0 -1 0
outer loop
vertex -3.940940663267983 15.000078071641699 1.104357510678844
vertex -3.4814283400954382 15.000078071641699 1.218669689596152
vertex -4.397057575185558 15.000078071641699 1.218669689596152
endloop
endfacet
facet normal 0 -1 0
outer loop
vertex -1.4611586433885602 15.000078071641699 1.0197551802425195
vertex -1.7376017097306637 15.000078071641699 0.8717718397134302
vertex 0 15.000078071641699 0.8717718397134302
endloop
endfacet
facet normal 0 -0.9999999999999999 0
outer loop
vertex -1.4611586433885602 15.000078071641699 1.0197551802425195
vertex 0 15.000078071641699 0.8717718397134302
vertex 0 15.000078071641699 1.0197551802425195
endloop
endfacet
facet normal 0 -1 0
outer loop
vertex -4.283594249081993 15.000078071641699 1.0197551802425195
vertex -4.162208296716832 15.000078071641699 0.8717718397134302
vertex -2.9622133690230124 15.000078071641699 0.8717718397134302
endloop
endfacet
facet normal 0 -1 0
outer loop
vertex -4.283594249081993 15.000078071641699 1.0197551802425195
vertex -2.9622133690230124 15.000078071641699 0.8717718397134302
vertex -3.2389393863030302 15.000078071641699 1.0197551802425195
endloop
endfacet
facet normal 0 -0.9999999999999999 0
outer loop
vertex -1.7376017097306637 15.000078071641699 0.8717718397134302
vertex -2.037812654857554 15.000078071641699 0.7806616377050808
vertex 0 15.000078071641699 0.7806616377050808
endloop
endfacet
facet normal 0 -1 0
outer loop
vertex -1.7376017097306637 15.000078071641699 0.8717718397134302
vertex 0 15.000078071641699 0.7806616377050808
vertex 0 15.000078071641699 0.8717718397134302
endloop
endfacet
facet normal 0 -1 0
outer loop
vertex -4.162208296716832 15.000078071641699 0.8717718397134302
vertex -4.087509249107502 15.000078071641699 0.7806616377050808
vertex -2.662285374834036 15.000078071641699 0.7806616377050808
endloop
endfacet
facet normal 0 -1 0
outer loop
vertex -4.162208296716832 15.000078071641699 0.8717718397134302
vertex -2.662285374834036 15.000078071641699 0.7806616377050808
vertex -2.9622133690230124 15.000078071641699 0.8717718397134302
endloop
endfacet
facet normal 0 -1 0
outer loop
vertex -2.037812654857554 15.000078071641699 0.7806616377050808
vertex -2.349907539376838 15.000078071641699 0.7501029364103549
vertex 0 15.000078071641699 0.7501029364103549
endloop
endfacet
facet normal 0 -1 0
outer loop
vertex -2.037812654857554 15.000078071641699 0.7806616377050808
vertex 0 15.000078071641699 0.7501029364103549
vertex 0 15.000078071641699 0.7806616377050808
endloop
endfacet
facet normal 0 -1 0
outer loop
vertex -4.087509249107502 15.000078071641699 0.7806616377050808
vertex -4.062326615633144 15.000078071641699 0.7501029364103549
vertex -2.349907539376838 15.000078071641699 0.7501029364103549
endloop
endfacet
facet normal 0 -1 0
outer loop
vertex -4.087509249107502 15.000078071641699 0.7806616377050808
vertex -2.349907539376838 15.000078071641699 0.7501029364103549
vertex -2.662285374834036 15.000078071641699 0.7806616377050808
endloop
endfacet
facet normal 0 -1 0
outer loop
vertex -2.2913366952286136 15.000078071641699 0.4897880735293566
vertex -2.349907539376838 15.000078071641699 0.7501029364103549
vertex -4.062326615633144 15.000078071641699 0.7501029364103549
endloop
endfacet
facet normal 0 -1 0
outer loop
vertex -2.2913366952286136 15.000078071641699 0.4897880735293566
vertex -4.062326615633144 15.000078071641699 0.7501029364103549
vertex -4.011678397746516 15.000078071641699 0.6884196319450748
endloop
endfacet
facet normal 0 -1 0
outer loop
vertex -2.2913366952286136 15.000078071641699 0.4897880735293566
vertex -4.011678397746516 15.000078071641699 0.6884196319450748
vertex -3.3235417167393546 15.000078071641699 0
endloop
endfacet
facet normal 0 -0.9999999999999999 0
outer loop
vertex -2.2913366952286136 15.000078071641699 0.4897880735293566
vertex -3.3235417167393546 15.000078071641699 0
vertex 0 15.000078071641699 0
endloop
endfacet
facet normal 0 -0.9999999999999999 0
outer loop
vertex -2.2913366952286136 15.000078071641699 0.4897880735293566
vertex 0 15.000078071641699 0
vertex 0 15.000078071641699 0.7501029364103549
endloop
endfacet
facet normal 0 -1 0
outer loop
vertex -2.2913366952286136 15.000078071641699 0.4897880735293566
vertex 0 15.000078071641699 0.7501029364103549
vertex -2.349907539376838 15.000078071641699 0.7501029364103549
endloop
endfacet
facet normal 0 0 1
outer loop
vertex 19.66650493972151 42.042548060908715 1.6000875539043973
vertex 6.999923253057627 46.48516073709845 1.6000875539043973
vertex 6.999923253057627 39.600115564833956 1.6000875539043973
endloop
endfacet
facet normal 0 0 1
outer loop
vertex 19.66650493972151 42.042548060908715 1.6000875539043973
vertex 6.999923253057627 39.600115564833956 1.6000875539043973
vertex 22.999949939287855 39.600115564833956 1.6000875539043973
endloop
endfacet
facet normal 0 0 1
outer loop
vertex 19.66650493972151 42.042548060908715 1.6000875539043973
vertex 22.999949939287855 39.600115564833956 1.6000875539043973
vertex 28.999924577756953 39.600115564833956 1.6000875539043973
endloop
endfacet
facet normal 0 0 1
outer loop
vertex 19.66650493972151 42.042548060908715 1.6000875539043973
vertex 28.999924577756953 39.600115564833956 1.6000875539043973
vertex 28.999924577756953 40.48518609862935 1.6000875539043973
endloop
endfacet
facet normal 0 0 1
outer loop
vertex 19.66650493972151 42.042548060908715 1.6000875539043973
vertex 28.999924577756953 40.48518609862935 1.6000875539043973
vertex 22.999949939287855 46.48516073709845 1.6000875539043973
endloop
endfacet
facet normal 0 0 1
outer loop
vertex 19.66650493972151 42.042548060908715 1.6000875539043973
vertex 22.999949939287855 46.48516073709845 1.6000875539043973
vertex 6.999923253057627 46.48516073709845 1.6000875539043973
endloop
endfacet
facet normal 0 0 1
outer loop
vertex 22.999949939287855 39.600115564833956 1.6000875539043973
vertex 23.312044823807142 39.56927391260131 1.6000875539043973
vertex 28.999924577756953 39.56927391260131 1.6000875539043973
endloop
endfacet
facet normal 0 0 1
outer loop
vertex 22.999949939287855 39.600115564833956 1.6000875539043973
vertex 28.999924577756953 39.56927391260131 1.6000875539043973
vertex 28.999924577756953 39.600115564833956 1.6000875539043973
endloop
endfacet
facet normal 0 0 1
outer loop
vertex 6.999923253057627 39.600115564833956 1.6000875539043973
vertex 6.999923253057627 39.56927391260131 1.6000875539043973
vertex 22.687855054768573 39.56927391260131 1.6000875539043973
endloop
endfacet
facet normal 0 0 1
outer loop
vertex 6.999923253057627 39.600115564833956 1.6000875539043973
vertex 22.687855054768573 39.56927391260131 1.6000875539043973
vertex 22.999949939287855 39.600115564833956 1.6000875539043973
endloop
endfacet
facet normal 0 0 0.9999999999999999
outer loop
vertex 23.312044823807142 39.56927391260131 1.6000875539043973
vertex 23.61225576893403 39.478163710592966 1.6000875539043973
vertex 28.999924577756953 39.478163710592966 1.6000875539043973
endloop
endfacet
facet normal 0 0 1
outer loop
vertex 23.312044823807142 39.56927391260131 1.6000875539043973
vertex 28.999924577756953 39.478163710592966 1.6000875539043973
vertex 28.999924577756953 39.56927391260131 1.6000875539043973
endloop
endfacet
facet normal 0 0 1
outer loop
vertex 6.999923253057627 39.56927391260131 1.6000875539043973
vertex 6.999923253057627 39.478163710592966 1.6000875539043973
vertex 22.387644109641684 39.478163710592966 1.6000875539043973
endloop
endfacet
facet normal 0 0 1
outer loop
vertex 6.999923253057627 39.56927391260131 1.6000875539043973
vertex 22.387644109641684 39.478163710592966 1.6000875539043973
vertex 22.687855054768573 39.56927391260131 1.6000875539043973
endloop
endfacet
facet normal 0 0 1
outer loop
vertex 23.61225576893403 39.478163710592966 1.6000875539043973
vertex 23.88898178621405 39.33046332100179 1.6000875539043973
vertex 28.999924577756953 39.33046332100179 1.6000875539043973
endloop
endfacet
facet normal 0 0 1
outer loop
vertex 23.61225576893403 39.478163710592966 1.6000875539043973
vertex 28.999924577756953 39.33046332100179 1.6000875539043973
vertex 28.999924577756953 39.478163710592966 1.6000875539043973
endloop
endfacet
facet normal 0 0 1
outer loop
vertex 6.999923253057627 39.478163710592966 1.6000875539043973
vertex 6.999923253057627 39.33046332100179 1.6000875539043973
vertex 22.11120104329958 39.33046332100179 1.6000875539043973
endloop
endfacet
facet normal 0 0 1
outer loop
vertex 6.999923253057627 39.478163710592966 1.6000875539043973
vertex 22.11120104329958 39.33046332100179 1.6000875539043973
vertex 22.387644109641684 39.478163710592966 1.6000875539043973
endloop
endfacet
facet normal 0 0 1
outer loop
vertex 23.88898178621405 39.33046332100179 1.6000875539043973
vertex 24.131470740006456 39.13126586071024 1.6000875539043973
vertex 28.999924577756953 39.13126586071024 1.6000875539043973
endloop
endfacet
facet normal 0 0 1
outer loop
vertex 23.88898178621405 39.33046332100179 1.6000875539043973
vertex 28.999924577756953 39.13126586071024 1.6000875539043973
vertex 28.999924577756953 39.33046332100179 1.6000875539043973
endloop
endfacet
facet normal 0 0 1
outer loop
vertex 6.999923253057627 39.33046332100179 1.6000875539043973
vertex 6.999923253057627 39.13126586071024 1.6000875539043973
vertex 21.86871208950717 39.13126586071024 1.6000875539043973
endloop
endfacet
facet normal 0 0 1
outer loop
vertex 6.999923253057627 39.33046332100179 1.6000875539043973
vertex 21.86871208950717 39.13126586071024 1.6000875539043973
vertex 22.11120104329958 39.33046332100179 1.6000875539043973
endloop
endfacet
facet normal 0 0 1
outer loop
vertex 24.131470740006456 39.13126586071024 1.6000875539043973
vertex 24.33038524936009 38.88877690691783 1.6000875539043973
vertex 28.999924577756953 38.88877690691783 1.6000875539043973
endloop
endfacet
facet normal 0 0 1
outer loop
vertex 24.131470740006456 39.13126586071024 1.6000875539043973
vertex 28.999924577756953 38.88877690691783 1.6000875539043973
vertex 28.999924577756953 39.13126586071024 1.6000875539043973
endloop
endfacet
facet normal 0 0 1
outer loop
vertex 6.999923253057627 39.13126586071024 1.6000875539043973
vertex 6.999923253057627 38.88877690691783 1.6000875539043973
vertex 21.669514629215623 38.88877690691783 1.6000875539043973
endloop
endfacet
facet normal 0 0 1
outer loop
vertex 6.999923253057627 39.13126586071024 1.6000875539043973
vertex 21.669514629215623 38.88877690691783 1.6000875539043973
vertex 21.86871208950717 39.13126586071024 1.6000875539043973
endloop
endfacet
facet normal 0 0 1
outer loop
vertex 24.33038524936009 38.88877690691783 1.6000875539043973
vertex 24.478085638951264 38.61233384057573 1.6000875539043973
vertex 28.999924577756953 38.61233384057573 1.6000875539043973
endloop
endfacet
facet normal 0 0 1
outer loop
vertex 24.33038524936009 38.88877690691783 1.6000875539043973
vertex 28.999924577756953 38.61233384057573 1.6000875539043973
vertex 28.999924577756953 38.88877690691783 1.6000875539043973
endloop
endfacet
facet normal 0 0 1
outer loop
vertex 6.999923253057627 38.88877690691783 1.6000875539043973
vertex 6.999923253057627 38.61233384057573 1.6000875539043973
vertex 21.52181423962445 38.61233384057573 1.6000875539043973
endloop
endfacet
facet normal 0 0 1
outer loop
vertex 6.999923253057627 38.88877690691783 1.6000875539043973
vertex 21.52181423962445 38.61233384057573 1.6000875539043973
vertex 21.669514629215623 38.88877690691783 1.6000875539043973
endloop
endfacet
facet normal 0 0 1
outer loop
vertex 24.478085638951264 38.61233384057573 1.6000875539043973
vertex 24.569195840959615 38.31212289544884 1.6000875539043973
vertex 28.999924577756953 38.31212289544884 1.6000875539043973
endloop
endfacet
facet normal 0 0 1
outer loop
vertex 24.478085638951264 38.61233384057573 1.6000875539043973
vertex 28.999924577756953 38.31212289544884 1.6000875539043973
vertex 28.999924577756953 38.61233384057573 1.6000875539043973
endloop
endfacet
facet normal 0 0 1
outer loop
vertex 6.999923253057627 38.61233384057573 1.6000875539043973
vertex 6.999923253057627 38.31212289544884 1.6000875539043973
vertex 21.4307040376161 38.31212289544884 1.6000875539043973
endloop
endfacet
facet normal 0 0 1
outer loop
vertex 6.999923253057627 38.61233384057573 1.6000875539043973
vertex 21.4307040376161 38.31212289544884 1.6000875539043973
vertex 21.52181423962445 38.61233384057573 1.6000875539043973
endloop
endfacet
facet normal 0 0 1
outer loop
vertex 24.569195840959615 38.31212289544884 1.6000875539043973
vertex 24.600037493192254 38.000028010929555 1.6000875539043973
vertex 28.999924577756953 38.000028010929555 1.6000875539043973
endloop
endfacet
facet normal 0 0 1
outer loop
vertex 24.569195840959615 38.31212289544884 1.6000875539043973
vertex 28.999924577756953 38.000028010929555 1.6000875539043973
vertex 28.999924577756953 38.31212289544884 1.6000875539043973
endloop
endfacet
facet normal 0 0 1
outer loop
vertex 6.999923253057627 38.31212289544884 1.6000875539043973
vertex 6.999923253057627 38.000028010929555 1.6000875539043973
vertex 21.39986238538346 38.000028010929555 1.6000875539043973
endloop
endfacet
facet normal 0 0 1
outer loop
vertex 6.999923253057627 38.31212289544884 1.6000875539043973
vertex 21.39986238538346 38.000028010929555 1.6000875539043973
vertex 21.4307040376161 38.31212289544884 1.6000875539043973
endloop
endfacet
facet normal 0 0 1
outer loop
vertex 24.600037493192254 38.000028010929555 1.6000875539043973
vertex 24.569195840959615 37.68793312641027 1.6000875539043973
vertex 28.999924577756953 37.68793312641027 1.6000875539043973
endloop
endfacet
facet normal 0 0 1
outer loop
vertex 24.600037493192254 38.000028010929555 1.6000875539043973
vertex 28.999924577756953 37.68793312641027 1.6000875539043973
vertex 28.999924577756953 38.000028010929555 1.6000875539043973
endloop
endfacet
facet normal 0 0 1
outer loop
vertex 6.999923253057627 38.000028010929555 1.6000875539043973
vertex 6.999923253057627 37.68793312641027 1.6000875539043973
vertex 21.4307040376161 37.68793312641027 1.6000875539043973
endloop
endfacet
facet normal 0 0 1
outer loop
vertex 6.999923253057627 38.000028010929555 1.6000875539043973
vertex 21.4307040376161 37.68793312641027 1.6000875539043973
vertex 21.39986238538346 38.000028010929555 1.6000875539043973
endloop
endfacet
facet normal 0 0 1
outer loop
vertex 24.569195840959615 37.68793312641027 1.6000875539043973
vertex 24.478085638951264 37.38772218128338 1.6000875539043973
vertex 28.999924577756953 37.38772218128338 1.6000875539043973
endloop
endfacet
facet normal 0 0 1
outer loop
vertex 24.569195840959615 37.68793312641027 1.6000875539043973
vertex 28.999924577756953 37.38772218128338 1.6000875539043973
vertex 28.999924577756953 37.68793312641027 1.6000875539043973
endloop
endfacet
facet normal 0 0 1
outer loop
vertex 6.999923253057627 37.68793312641027 1.6000875539043973
vertex 6.999923253057627 37.38772218128338 1.6000875539043973
vertex 21.52181423962445 37.38772218128338 1.6000875539043973
endloop
endfacet
facet normal 0 0 1
outer loop
vertex 6.999923253057627 37.68793312641027 1.6000875539043973
vertex 21.52181423962445 37.38772218128338 1.6000875539043973
vertex 21.4307040376161 37.68793312641027 1.6000875539043973
endloop
endfacet
facet normal 0 0 1
outer loop
vertex 24.478085638951264 37.38772218128338 1.6000875539043973
vertex 24.33038524936009 37.11099616400337 1.6000875539043973
vertex 28.999924577756953 37.11099616400337 1.6000875539043973
endloop
endfacet
facet normal 0 0 1
outer loop
vertex 24.478085638951264 37.38772218128338 1.6000875539043973
vertex 28.999924577756953 37.11099616400337 1.6000875539043973
vertex 28.999924577756953 37.38772218128338 1.6000875539043973
endloop
endfacet
facet normal 0 0 1
outer loop
vertex 6.999923253057627 37.38772218128338 1.6000875539043973
vertex 6.999923253057627 37.11099616400337 1.6000875539043973
vertex 21.669514629215623 37.11099616400337 1.6000875539043973
endloop
endfacet
facet normal 0 0 1
outer loop
vertex 6.999923253057627 37.38772218128338 1.6000875539043973
vertex 21.669514629215623 37.11099616400337 1.6000875539043973
vertex 21.52181423962445 37.38772218128338 1.6000875539043973
endloop
endfacet
facet normal 0 0 1
outer loop
vertex 24.33038524936009 37.11099616400337 1.6000875539043973
vertex 24.131470740006456 36.86850721021096 1.6000875539043973
vertex 28.999924577756953 36.86850721021096 1.6000875539043973
endloop
endfacet
facet normal 0 0 1
outer loop
vertex 24.33038524936009 37.11099616400337 1.6000875539043973
vertex 28.999924577756953 36.86850721021096 1.6000875539043973
vertex 28.999924577756953 37.11099616400337 1.6000875539043973
endloop
endfacet
facet normal 0 0 1
outer loop
vertex 6.999923253057627 37.11099616400337 1.6000875539043973
vertex 6.999923253057627 36.86850721021096 1.6000875539043973
vertex 21.86871208950717 36.86850721021096 1.6000875539043973
endloop
endfacet
facet normal 0 0 1
outer loop
vertex 6.999923253057627 37.11099616400337 1.6000875539043973
vertex 21.86871208950717 36.86850721021096 1.6000875539043973
vertex 21.669514629215623 37.11099616400337 1.6000875539043973
endloop
endfacet
facet normal 0 0 1
outer loop
vertex 24.131470740006456 36.86850721021096 1.6000875539043973
vertex 23.88898178621405 36.66959270085732 1.6000875539043973
vertex 28.999924577756953 36.66959270085732 1.6000875539043973
endloop
endfacet
facet normal 0 0 1
outer loop
vertex 24.131470740006456 36.86850721021096 1.6000875539043973
vertex 28.999924577756953 36.66959270085732 1.6000875539043973
vertex 28.999924577756953 36.86850721021096 1.6000875539043973
endloop
endfacet
facet normal 0 0 1
outer loop
vertex 6.999923253057627 36.86850721021096 1.6000875539043973
vertex 6.999923253057627 36.66959270085732 1.6000875539043973
vertex 22.11120104329958 36.66959270085732 1.6000875539043973
endloop
endfacet
facet normal 0 0 1
outer loop
vertex 6.999923253057627 36.86850721021096 1.6000875539043973
vertex 22.11120104329958 36.66959270085732 1.6000875539043973
vertex 21.86871208950717 36.86850721021096 1.6000875539043973
endloop
endfacet
facet normal 0 0 1
outer loop
vertex 23.88898178621405 36.66959270085732 1.6000875539043973
vertex 23.61225576893403 36.52189231126615 1.6000875539043973
vertex 28.999924577756953 36.52189231126615 1.6000875539043973
endloop
endfacet
facet normal 0 0 1
outer loop
vertex 23.88898178621405 36.66959270085732 1.6000875539043973
vertex 28.999924577756953 36.52189231126615 1.6000875539043973
vertex 28.999924577756953 36.66959270085732 1.6000875539043973
endloop
endfacet
facet normal 0 0 1
outer loop
vertex 6.999923253057627 36.66959270085732 1.6000875539043973
vertex 6.999923253057627 36.52189231126615 1.6000875539043973
vertex 22.387644109641684 36.52189231126615 1.6000875539043973
endloop
endfacet
facet normal 0 0 1
outer loop
vertex 6.999923253057627 36.66959270085732 1.6000875539043973
vertex 22.387644109641684 36.52189231126615 1.6000875539043973
vertex 22.11120104329958 36.66959270085732 1.6000875539043973
endloop
endfacet
facet normal 0 0 1
outer loop
vertex 23.61225576893403 36.52189231126615 1.6000875539043973
vertex 23.312044823807142 36.4307821092578 1.6000875539043973
vertex 28.999924577756953 36.4307821092578 1.6000875539043973
endloop
endfacet
facet normal 0 0 1
outer loop
vertex 23.61225576893403 36.52189231126615 1.6000875539043973
vertex 28.999924577756953 36.4307821092578 1.6000875539043973
vertex 28.999924577756953 36.52189231126615 1.6000875539043973
endloop
endfacet
facet normal 0 0 0.9999999999999999
outer loop
vertex 6.999923253057627 36.52189231126615 1.6000875539043973
vertex 6.999923253057627 36.4307821092578 1.6000875539043973
vertex 22.687855054768573 36.4307821092578 1.6000875539043973
endloop
endfacet
facet normal 0 0 1
outer loop
vertex 6.999923253057627 36.52189231126615 1.6000875539043973
vertex 22.687855054768573 36.4307821092578 1.6000875539043973
vertex 22.387644109641684 36.52189231126615 1.6000875539043973
endloop
endfacet
facet normal 0 0 0.9999999999999999
outer loop
vertex 23.312044823807142 36.4307821092578 1.6000875539043973
vertex 22.999949939287855 36.39994045702516 1.6000875539043973
vertex 28.999924577756953 36.39994045702516 1.6000875539043973
endloop
endfacet
facet normal 0 0 1
outer loop
vertex 23.312044823807142 36.4307821092578 1.6000875539043973
vertex 28.999924577756953 36.39994045702516 1.6000875539043973
vertex 28.999924577756953 36.4307821092578 1.6000875539043973
endloop
endfacet
facet normal 0 0 0.9999999999999999
outer loop
vertex 6.999923253057627 36.4307821092578 1.6000875539043973
vertex 6.999923253057627 36.39994045702516 1.6000875539043973
vertex 22.999949939287855 36.39994045702516 1.6000875539043973
endloop
endfacet
facet normal 0 0 1
outer loop
vertex 6.999923253057627 36.4307821092578 1.6000875539043973
vertex 22.999949939287855 36.39994045702516 1.6000875539043973
vertex 22.687855054768573 36.4307821092578 1.6000875539043973
endloop
endfacet
facet normal 0 0 1
outer loop
vertex 19.66650493972151 30.500130450577664 1.6000875539043973
vertex 22.999949939287855 36.39994045702516 1.6000875539043973
vertex 6.999923253057627 36.39994045702516 1.6000875539043973
endloop
endfacet
facet normal 0 0 1
outer loop
vertex 19.66650493972151 30.500130450577664 1.6000875539043973
vertex 6.999923253057627 36.39994045702516 1.6000875539043973
vertex 6.999923253057627 24.600037493192254 1.6000875539043973
endloop
endfacet
facet normal 0 0 1
outer loop
vertex 19.66650493972151 30.500130450577664 1.6000875539043973
vertex 6.999923253057627 24.600037493192254 1.6000875539043973
vertex 22.999949939287855 24.600037493192254 1.6000875539043973
endloop
endfacet
facet normal 0 0 1
outer loop
vertex 19.66650493972151 30.500130450577664 1.6000875539043973
vertex 22.999949939287855 24.600037493192254 1.6000875539043973
vertex 28.999924577756953 24.600037493192254 1.6000875539043973
endloop
endfacet
facet normal 0 0 1
outer loop
vertex 19.66650493972151 30.500130450577664 1.6000875539043973
vertex 28.999924577756953 24.600037493192254 1.6000875539043973
vertex 28.999924577756953 36.39994045702516 1.6000875539043973
endloop
endfacet
facet normal 0 0 1
outer loop
vertex 19.66650493972151 30.500130450577664 1.6000875539043973
vertex 28.999924577756953 36.39994045702516 1.6000875539043973
vertex 22.999949939287855 36.39994045702516 1.6000875539043973
endloop
endfacet
facet normal 0 0 1
outer loop
vertex 22.999949939287855 24.600037493192254 1.6000875539043973
vertex 23.312044823807142 24.569195840959615 1.6000875539043973
vertex 28.999924577756953 24.569195840959615 1.6000875539043973
endloop
endfacet
facet normal 0 0 0.9999999999999999
outer loop
vertex 22.999949939287855 24.600037493192254 1.6000875539043973
vertex 28.999924577756953 24.569195840959615 1.6000875539043973
vertex 28.999924577756953 24.600037493192254 1.6000875539043973
endloop
endfacet
facet normal 0 0 1
outer loop
vertex 6.999923253057627 24.600037493192254 1.6000875539043973
vertex 6.999923253057627 24.569195840959615 1.6000875539043973
vertex 22.687855054768573 24.569195840959615 1.6000875539043973
endloop
endfacet
facet normal 0 0 0.9999999999999999
outer loop
vertex 6.999923253057627 24.600037493192254 1.6000875539043973
vertex 22.687855054768573 24.569195840959615 1.6000875539043973
vertex 22.999949939287855 24.600037493192254 1.6000875539043973
endloop
endfacet
facet normal 0 0 1
outer loop
vertex 23.312044823807142 24.569195840959615 1.6000875539043973
vertex 23.61225576893403 24.478085638951264 1.6000875539043973
vertex 28.999924577756953 24.478085638951264 1.6000875539043973
endloop
endfacet
facet normal 0 0 1
outer loop
vertex 23.312044823807142 24.569195840959615 1.6000875539043973
vertex 28.999924577756953 24.478085638951264 1.6000875539043973
vertex 28.999924577756953 24.569195840959615 1.6000875539043973
endloop
endfacet
facet normal 0 0 1
outer loop
vertex 6.999923253057627 24.569195840959615 1.6000875539043973
vertex 6.999923253057627 24.478085638951264 1.6000875539043973
vertex 22.387644109641684 24.478085638951264 1.6000875539043973
endloop
endfacet
facet normal 0 0 0.9999999999999999
outer loop
vertex 6.999923253057627 24.569195840959615 1.6000875539043973
vertex 22.387644109641684 24.478085638951264 1.6000875539043973
vertex 22.687855054768573 24.569195840959615 1.6000875539043973
endloop
endfacet
facet normal 0 0 1
outer loop
vertex 23.61225576893403 24.478085638951264 1.6000875539043973
vertex 23.88898178621405 24.33038524936009 1.6000875539043973
vertex 28.999924577756953 24.33038524936009 1.6000875539043973
endloop
endfacet
facet normal 0 0 1
outer loop
vertex 23.61225576893403 24.478085638951264 1.6000875539043973
vertex 28.999924577756953 24.33038524936009 1.6000875539043973
vertex 28.999924577756953 24.478085638951264 1.6000875539043973
endloop
endfacet
facet normal 0 0 1
outer loop
vertex 6.999923253057627 24.478085638951264 1.6000875539043973
vertex 6.999923253057627 24.33038524936009 1.6000875539043973
vertex 22.11120104329958 24.33038524936009 1.6000875539043973
endloop
endfacet
facet normal 0 0 1
outer loop
vertex 6.999923253057627 24.478085638951264 1.6000875539043973
vertex 22.11120104329958 24.33038524936009 1.6000875539043973
vertex 22.387644109641684 24.478085638951264 1.6000875539043973
endloop
endfacet
facet normal 0 0 1
outer loop
vertex 23.88898178621405 24.33038524936009 1.6000875539043973
vertex 24.131470740006456 24.131470740006456 1.6000875539043973
vertex 28.999924577756953 24.131470740006456 1.6000875539043973
endloop
endfacet
facet normal 0 0 1
outer loop
vertex 23.88898178621405 24.33038524936009 1.6000875539043973
vertex 28.999924577756953 24.131470740006456 1.6000875539043973
vertex 28.999924577756953 24.33038524936009 1.6000875539043973
endloop
endfacet
facet normal 0 0 1
outer loop
vertex 6.999923253057627 24.33038524936009 1.6000875539043973
vertex 6.999923253057627 24.131470740006456 1.6000875539043973
vertex 21.86871208950717 24.131470740006456 1.6000875539043973
endloop
endfacet
facet normal 0 0 1
outer loop
vertex 6.999923253057627 24.33038524936009 1.6000875539043973
vertex 21.86871208950717 24.131470740006456 1.6000875539043973
vertex 22.11120104329958 24.33038524936009 1.6000875539043973
endloop
endfacet
facet normal 0 0 1
outer loop
vertex 24.131470740006456 24.131470740006456 1.6000875539043973
vertex 24.33038524936009 23.88898178621405 1.6000875539043973
vertex 28.999924577756953 23.88898178621405 1.6000875539043973
endloop
endfacet
facet normal 0 0 1
outer loop
vertex 24.131470740006456 24.131470740006456 1.6000875539043973
vertex 28.999924577756953 23.88898178621405 1.6000875539043973
vertex 28.999924577756953 24.131470740006456 1.6000875539043973
endloop
endfacet
facet normal 0 0 0.9999999999999999
outer loop
vertex 6.999923253057627 24.131470740006456 1.6000875539043973
vertex 6.999923253057627 23.88898178621405 1.6000875539043973
vertex 21.669514629215623 23.88898178621405 1.6000875539043973
endloop
endfacet
facet normal 0 0 0.9999999999999999
outer loop
vertex 6.999923253057627 24.131470740006456 1.6000875539043973
vertex 21.669514629215623 23.88898178621405 1.6000875539043973
vertex 21.86871208950717 24.131470740006456 1.6000875539043973
endloop
endfacet
facet normal 0 0 1
outer loop
vertex 24.33038524936009 23.88898178621405 1.6000875539043973
vertex 24.478085638951264 23.61225576893403 1.6000875539043973
vertex 28.999924577756953 23.61225576893403 1.6000875539043973
endloop
endfacet
facet normal 0 0 1
outer loop
vertex 24.33038524936009 23.88898178621405 1.6000875539043973
vertex 28.999924577756953 23.61225576893403 1.6000875539043973
vertex 28.999924577756953 23.88898178621405 1.6000875539043973
endloop
endfacet
facet normal 0 0 1
outer loop
vertex 6.999923253057627 23.88898178621405 1.6000875539043973
vertex 6.999923253057627 23.61225576893403 1.6000875539043973
vertex 21.52181423962445 23.61225576893403 1.6000875539043973
endloop
endfacet
facet normal 0 0 1
outer loop
vertex 6.999923253057627 23.88898178621405 1.6000875539043973
vertex 21.52181423962445 23.61225576893403 1.6000875539043973
vertex 21.669514629215623 23.88898178621405 1.6000875539043973
endloop
endfacet
facet normal 0 0 0.9999999999999999
outer loop
vertex 24.478085638951264 23.61225576893403 1.6000875539043973
vertex 24.569195840959615 23.312044823807142 1.6000875539043973
vertex 28.999924577756953 23.312044823807142 1.6000875539043973
endloop
endfacet
facet normal 0 0 1
outer loop
vertex 24.478085638951264 23.61225576893403 1.6000875539043973
vertex 28.999924577756953 23.312044823807142 1.6000875539043973
vertex 28.999924577756953 23.61225576893403 1.6000875539043973
endloop
endfacet
facet normal 0 0 1
outer loop
vertex 6.999923253057627 23.61225576893403 1.6000875539043973
vertex 6.999923253057627 23.312044823807142 1.6000875539043973
vertex 21.4307040376161 23.312044823807142 1.6000875539043973
endloop
endfacet
facet normal 0 0 1
outer loop
vertex 6.999923253057627 23.61225576893403 1.6000875539043973
vertex 21.4307040376161 23.312044823807142 1.6000875539043973
vertex 21.52181423962445 23.61225576893403 1.6000875539043973
endloop
endfacet
facet normal 0 0 1
outer loop
vertex 24.569195840959615 23.312044823807142 1.6000875539043973
vertex 24.600037493192254 22.999949939287855 1.6000875539043973
vertex 28.999924577756953 22.999949939287855 1.6000875539043973
endloop
endfacet
facet normal 0 0 1
outer loop
vertex 24.569195840959615 23.312044823807142 1.6000875539043973
vertex 28.999924577756953 22.999949939287855 1.6000875539043973
vertex 28.999924577756953 23.312044823807142 1.6000875539043973
endloop
endfacet
facet normal 0 0 1
outer loop
vertex 6.999923253057627 23.312044823807142 1.6000875539043973
vertex 6.999923253057627 22.999949939287855 1.6000875539043973
vertex 21.39986238538346 22.999949939287855 1.6000875539043973
endloop
endfacet
facet normal 0 0 1
outer loop
vertex 6.999923253057627 23.312044823807142 1.6000875539043973
vertex 21.39986238538346 22.999949939287855 1.6000875539043973
vertex 21.4307040376161 23.312044823807142 1.6000875539043973
endloop
endfacet
facet normal 0 0 1
outer loop
vertex 24.600037493192254 22.999949939287855 1.6000875539043973
vertex 24.569195840959615 22.687855054768573 1.6000875539043973
vertex 28.999924577756953 22.687855054768573 1.6000875539043973
endloop
endfacet
facet normal 0 0 1
outer loop
vertex 24.600037493192254 22.999949939287855 1.6000875539043973
vertex 28.999924577756953 22.687855054768573 1.6000875539043973
vertex 28.999924577756953 22.999949939287855 1.6000875539043973
endloop
endfacet
facet normal 0 0 1
outer loop
vertex 6.999923253057627 22.999949939287855 1.6000875539043973
vertex 6.999923253057627 22.687855054768573 1.6000875539043973
vertex 21.4307040376161 22.687855054768573 1.6000875539043973
endloop
endfacet
facet normal 0 0 1
outer loop
vertex 6.999923253057627 22.999949939287855 1.6000875539043973
vertex 21.4307040376161 22.687855054768573 1.6000875539043973
vertex 21.39986238538346 22.999949939287855 1.6000875539043973
endloop
endfacet
facet normal 0 0 1
outer loop
vertex 24.569195840959615 22.687855054768573 1.6000875539043973
vertex 24.478085638951264 22.387644109641684 1.6000875539043973
vertex 28.999924577756953 22.387644109641684 1.6000875539043973
endloop
endfacet
facet normal 0 0 1
outer loop
vertex 24.569195840959615 22.687855054768573 1.6000875539043973
vertex 28.999924577756953 22.387644109641684 1.6000875539043973
vertex 28.999924577756953 22.687855054768573 1.6000875539043973
endloop
endfacet
facet normal 0 0 1
outer loop
vertex 6.999923253057627 22.687855054768573 1.6000875539043973
vertex 6.999923253057627 22.387644109641684 1.6000875539043973
vertex 21.52181423962445 22.387644109641684 1.6000875539043973
endloop
endfacet
facet normal 0 0 1
outer loop
vertex 6.999923253057627 22.687855054768573 1.6000875539043973
vertex 21.52181423962445 22.387644109641684 1.6000875539043973
vertex 21.4307040376161 22.687855054768573 1.6000875539043973
endloop
endfacet
facet normal 0 0 1
outer loop
vertex 24.478085638951264 22.387644109641684 1.6000875539043973
vertex 24.33038524936009 22.11120104329958 1.6000875539043973
vertex 28.999924577756953 22.11120104329958 1.6000875539043973
endloop
endfacet
facet normal 0 0 1
outer loop
vertex 24.478085638951264 22.387644109641684 1.6000875539043973
vertex 28.999924577756953 22.11120104329958 1.6000875539043973
vertex 28.999924577756953 22.387644109641684 1.6000875539043973
endloop
endfacet
facet normal 0 0 1
outer loop
vertex 6.999923253057627 22.387644109641684 1.6000875539043973
vertex 6.999923253057627 22.11120104329958 1.6000875539043973
vertex 21.669514629215623 22.11120104329958 1.6000875539043973
endloop
endfacet
facet normal 0 0 1
outer loop
vertex 6.999923253057627 22.387644109641684 1.6000875539043973
vertex 21.669514629215623 22.11120104329958 1.6000875539043973
vertex 21.52181423962445 22.387644109641684 1.6000875539043973
endloop
endfacet
facet normal 0 0 1
outer loop
vertex 24.33038524936009 22.11120104329958 1.6000875539043973
vertex 24.131470740006456 21.86871208950717 1.6000875539043973
vertex 28.999924577756953 21.86871208950717 1.6000875539043973
endloop
endfacet
facet normal 0 0 1
outer loop
vertex 24.33038524936009 22.11120104329958 1.6000875539043973
vertex 28.999924577756953 21.86871208950717 1.6000875539043973
vertex 28.999924577756953 22.11120104329958 1.6000875539043973
endloop
endfacet
facet normal 0 0 1
outer loop
vertex 6.999923253057627 22.11120104329958 1.6000875539043973
vertex 6.999923253057627 21.86871208950717 1.6000875539043973
vertex 21.86871208950717 21.86871208950717 1.6000875539043973
endloop
endfacet
facet normal 0 0 1
outer loop
vertex 6.999923253057627 22.11120104329958 1.6000875539043973
vertex 21.86871208950717 21.86871208950717 1.6000875539043973
vertex 21.669514629215623 22.11120104329958 1.6000875539043973
endloop
endfacet
facet normal 0 0 1
outer loop
vertex 24.131470740006456 21.86871208950717 1.6000875539043973
vertex 23.88898178621405 21.669514629215623 1.6000875539043973
vertex 28.999924577756953 21.669514629215623 1.6000875539043973
endloop
endfacet
facet normal 0 0 0.9999999999999999
outer loop
vertex 24.131470740006456 21.86871208950717 1.6000875539043973
vertex 28.999924577756953 21.669514629215623 1.6000875539043973
vertex 28.999924577756953 21.86871208950717 1.6000875539043973
endloop
endfacet
facet normal 0 0 0.9999999999999999
outer loop
vertex 6.999923253057627 21.86871208950717 1.6000875539043973
vertex 6.999923253057627 21.669514629215623 1.6000875539043973
vertex 22.11120104329958 21.669514629215623 1.6000875539043973
endloop
endfacet
facet normal 0 0 1
outer loop
vertex 6.999923253057627 21.86871208950717 1.6000875539043973
vertex 22.11120104329958 21.669514629215623 1.6000875539043973
vertex 21.86871208950717 21.86871208950717 1.6000875539043973
endloop
endfacet
facet normal 0 0 1
outer loop
vertex 23.88898178621405 21.669514629215623 1.6000875539043973
vertex 23.61225576893403 21.52181423962445 1.6000875539043973
vertex 28.999924577756953 21.52181423962445 1.6000875539043973
endloop
endfacet
facet normal 0 0 1
outer loop
vertex 23.88898178621405 21.669514629215623 1.6000875539043973
vertex 28.999924577756953 21.52181423962445 1.6000875539043973
vertex 28.999924577756953 21.669514629215623 1.6000875539043973
endloop
endfacet
facet normal 0 0 1
outer loop
vertex 6.999923253057627 21.669514629215623 1.6000875539043973
vertex 6.999923253057627 21.52181423962445 1.6000875539043973
vertex 22.387644109641684 21.52181423962445 1.6000875539043973
endloop
endfacet
facet normal 0 0 1
outer loop
vertex 6.999923253057627 21.669514629215623 1.6000875539043973
vertex 22.387644109641684 21.52181423962445 1.6000875539043973
vertex 22.11120104329958 21.669514629215623 1.6000875539043973
endloop
endfacet
facet normal 0 0 1
outer loop
vertex 23.61225576893403 21.52181423962445 1.6000875539043973
vertex 23.312044823807142 21.4307040376161 1.6000875539043973
vertex 28.999924577756953 21.4307040376161 1.6000875539043973
endloop
endfacet
facet normal 0 0 1
outer loop
vertex 23.61225576893403 21.52181423962445 1.6000875539043973
vertex 28.999924577756953 21.4307040376161 1.6000875539043973
vertex 28.999924577756953 21.52181423962445 1.6000875539043973
endloop
endfacet
facet normal 0 0 0.9999999999999999
outer loop
vertex 6.999923253057627 21.52181423962445 1.6000875539043973
vertex 6.999923253057627 21.4307040376161 1.6000875539043973
vertex 22.687855054768573 21.4307040376161 1.6000875539043973
endloop
endfacet
facet normal 0 0 1
outer loop
vertex 6.999923253057627 21.52181423962445 1.6000875539043973
vertex 22.687855054768573 21.4307040376161 1.6000875539043973
vertex 22.387644109641684 21.52181423962445 1.6000875539043973
endloop
endfacet
facet normal 0 0 0.9999999999999999
outer loop
vertex 23.312044823807142 21.4307040376161 1.6000875539043973
vertex 22.999949939287855 21.39986238538346 1.6000875539043973
vertex 28.999924577756953 21.39986238538346 1.6000875539043973
endloop
endfacet
facet normal 0 0 1
outer loop
vertex 23.312044823807142 21.4307040376161 1.6000875539043973
vertex 28.999924577756953 21.39986238538346 1.6000875539043973
vertex 28.999924577756953 21.4307040376161 1.6000875539043973
endloop
endfacet
facet normal 0 0 0.9999999999999999
outer loop
vertex 6.999923253057627 21.4307040376161 1.6000875539043973
vertex 6.999923253057627 21.39986238538346 1.6000875539043973
vertex 22.999949939287855 21.39986238538346 1.6000875539043973
endloop
endfacet
facet normal 0 0 1
outer loop
vertex 6.999923253057627 21.4307040376161 1.6000875539043973
vertex 22.999949939287855 21.39986238538346 1.6000875539043973
vertex 22.687855054768573 21.4307040376161 1.6000875539043973
endloop
endfacet
facet normal 0 0 1
outer loop
vertex 19.66650493972151 18.957429889308703 1.6000875539043973
vertex 22.999949939287855 21.39986238538346 1.6000875539043973
vertex 6.999923253057627 21.39986238538346 1.6000875539043973
endloop
endfacet
facet normal 0 0 0.9999999999999999
outer loop
vertex 19.66650493972151 18.957429889308703 1.6000875539043973
vertex 6.999923253057627 21.39986238538346 1.6000875539043973
vertex 6.999923253057627 14.514817213118969 1.6000875539043973
endloop
endfacet
facet normal 0 0 1
outer loop
vertex 19.66650493972151 18.957429889308703 1.6000875539043973
vertex 6.999923253057627 14.514817213118969 1.6000875539043973
vertex 22.999949939287855 14.514817213118969 1.6000875539043973
endloop
endfacet
facet normal 0 0 1
outer loop
vertex 19.66650493972151 18.957429889308703 1.6000875539043973
vertex 22.999949939287855 14.514817213118969 1.6000875539043973
vertex 28.999924577756953 20.514791851588065 1.6000875539043973
endloop
endfacet
facet normal 0 0 1
outer loop
vertex 19.66650493972151 18.957429889308703 1.6000875539043973
vertex 28.999924577756953 20.514791851588065 1.6000875539043973
vertex 28.999924577756953 21.39986238538346 1.6000875539043973
endloop
endfacet
facet normal 0 0 1
outer loop
vertex 19.66650493972151 18.957429889308703 1.6000875539043973
vertex 28.999924577756953 21.39986238538346 1.6000875539043973
vertex 22.999949939287855 21.39986238538346 1.6000875539043973
endloop
endfacet
facet normal 0 0 0.9999999999999999
outer loop
vertex 6.999923253057627 14.514817213118969 1.6000875539043973
vertex 6.999923253057627 6.999923253057627 1.6000875539043973
vertex 22.999949939287855 6.999923253057627 1.6000875539043973
endloop
endfacet
facet normal 0 0 0.9999999999999999
outer loop
vertex 6.999923253057627 14.514817213118969 1.6000875539043973
vertex 22.999949939287855 6.999923253057627 1.6000875539043973
vertex 22.999949939287855 14.514817213118969 1.6000875539043973
endloop
endfacet
facet normal 0.7071067811865475 -0.7071067811865476 0
outer loop
vertex 22.999949939287855 14.514817213118969 1.1988631239421628
vertex 28.999924577756953 20.514791851588065 1.1988631239421628
vertex 28.999924577756953 20.514791851588065 1.6000875539043973
endloop
endfacet
facet normal 0.7071067811865475 -0.7071067811865476 0
outer loop
vertex 22.999949939287855 14.514817213118969 1.1988631239421628
vertex 28.999924577756953 20.514791851588065 1.6000875539043973
vertex 22.999949939287855 14.514817213118969 1.6000875539043973
endloop
endfacet
facet normal 1 0 0
outer loop
vertex 28.999924577756953 30.500130450577664 1.5788662335608377
vertex 28.999924577756953 40.48518609862935 1.1988631239421628
vertex 28.999924577756953 40.48518609862935 1.6000875539043973
endloop
endfacet
facet normal 1 0 0
outer loop
vertex 28.999924577756953 30.500130450577664 1.5788662335608377
vertex 28.999924577756953 40.48518609862935 1.6000875539043973
vertex 28.999924577756953 39.600115564833956 1.6000875539043973
endloop
endfacet
facet normal 1 0 0
outer loop
vertex 28.999924577756953 30.500130450577664 1.5788662335608377
vertex 28.999924577756953 39.600115564833956 1.6000875539043973
vertex 28.999924577756953 39.56927391260131 1.6000875539043973
endloop
endfacet
facet normal 1 0 0
outer loop
vertex 28.999924577756953 30.500130450577664 1.5788662335608377
vertex 28.999924577756953 39.56927391260131 1.6000875539043973
vertex 28.999924577756953 39.478163710592966 1.6000875539043973
endloop
endfacet
facet normal 1 0 0
outer loop
vertex 28.999924577756953 30.500130450577664 1.5788662335608377
vertex 28.999924577756953 39.478163710592966 1.6000875539043973
vertex 28.999924577756953 39.33046332100179 1.6000875539043973
endloop
endfacet
facet normal 1 0 0
outer loop
vertex 28.999924577756953 30.500130450577664 1.5788662335608377
vertex 28.999924577756953 39.33046332100179 1.6000875539043973
vertex 28.999924577756953 39.13126586071024 1.6000875539043973
endloop
endfacet
facet normal 1 0 0
outer loop
vertex 28.999924577756953 30.500130450577664 1.5788662335608377
vertex 28.999924577756953 39.13126586071024 1.6000875539043973
vertex 28.999924577756953 38.88877690691783 1.6000875539043973
endloop
endfacet
facet normal 1 0 0
outer loop
vertex 28.999924577756953 30.500130450577664 1.5788662335608377
vertex 28.999924577756953 38.88877690691783 1.6000875539043973
vertex 28.999924577756953 38.61233384057573 1.6000875539043973
endloop
endfacet
facet normal 1 0 0
outer loop
vertex 28.999924577756953 30.500130450577664 1.5788662335608377
vertex 28.999924577756953 38.61233384057573 1.6000875539043973
vertex 28.999924577756953 38.31212289544884 1.6000875539043973
endloop
endfacet
facet normal 1 0 0
outer loop
vertex 28.999924577756953 30.500130450577664 1.5788662335608377
vertex 28.999924577756953 38.31212289544884 1.6000875539043973
vertex 28.999924577756953 38.000028010929555 1.6000875539043973
endloop
endfacet
facet normal 1 0 0
outer loop
vertex 28.999924577756953 30.500130450577664 1.5788662335608377
vertex 28.999924577756953 38.000028010929555 1.6000875539043973
vertex 28.999924577756953 37.68793312641027 1.6000875539043973
endloop
endfacet
facet normal 1 0 0
outer loop
vertex 28.999924577756953 30.500130450577664 1.5788662335608377
vertex 28.999924577756953 37.68793312641027 1.6000875539043973
vertex 28.999924577756953 37.38772218128338 1.6000875539043973
endloop
endfacet
facet normal 1 0 0
outer loop
vertex 28.999924577756953 30.500130450577664 1.5788662335608377
vertex 28.999924577756953 37.38772218128338 1.6000875539043973
vertex 28.999924577756953 37.11099616400337 1.6000875539043973
endloop
endfacet
facet normal 1 0 0
outer loop
vertex 28.999924577756953 30.500130450577664 1.5788662335608377
vertex 28.999924577756953 37.11099616400337 1.6000875539043973
vertex 28.999924577756953 36.86850721021096 1.6000875539043973
endloop
endfacet
facet normal 1 0 0
outer loop
vertex 28.999924577756953 30.500130450577664 1.5788662335608377
vertex 28.999924577756953 36.86850721021096 1.6000875539043973
vertex 28.999924577756953 36.66959270085732 1.6000875539043973
endloop
endfacet
facet normal 1 0 0
outer loop
vertex 28.999924577756953 30.500130450577664 1.5788662335608377
vertex 28.999924577756953 36.66959270085732 1.6000875539043973
vertex 28.999924577756953 36.52189231126615 1.6000875539043973
endloop
endfacet
facet normal 0.9999999999999999 0 0
outer loop
vertex 28.999924577756953 30.500130450577664 1.5788662335608377
vertex 28.999924577756953 36.52189231126615 1.6000875539043973
vertex 28.999924577756953 36.4307821092578 1.6000875539043973
endloop
endfacet
facet normal 1 0 0
outer loop
vertex 28.999924577756953 30.500130450577664 1.5788662335608377
vertex 28.999924577756953 36.4307821092578 1.6000875539043973
vertex 28.999924577756953 36.39994045702516 1.6000875539043973
endloop
endfacet
facet normal 1 0 0
outer loop
vertex 28.999924577756953 30.500130450577664 1.5788662335608377
vertex 28.999924577756953 36.39994045702516 1.6000875539043973
vertex 28.999924577756953 24.600037493192254 1.6000875539043973
endloop
endfacet
facet normal 1 0 0
outer loop
vertex 28.999924577756953 30.500130450577664 1.5788662335608377
vertex 28.999924577756953 24.600037493192254 1.6000875539043973
vertex 28.999924577756953 24.569195840959615 1.6000875539043973
endloop
endfacet
facet normal 1 0 0
outer loop
vertex 28.999924577756953 30.500130450577664 1.5788662335608377
vertex 28.999924577756953 24.569195840959615 1.6000875539043973
vertex 28.999924577756953 24.478085638951264 1.6000875539043973
endloop
endfacet
facet normal 1 0 0
outer loop
vertex 28.999924577756953 30.500130450577664 1.5788662335608377
vertex 28.999924577756953 24.478085638951264 1.6000875539043973
vertex 28.999924577756953 24.33038524936009 1.6000875539043973
endloop
endfacet
facet normal 1 0 0
outer loop
vertex 28.999924577756953 30.500130450577664 1.5788662335608377
vertex 28.999924577756953 24.33038524936009 1.6000875539043973
vertex 28.999924577756953 24.131470740006456 1.6000875539043973
endloop
endfacet
facet normal 1 0 0
outer loop
vertex 28.999924577756953 30.500130450577664 1.5788662335608377
vertex 28.999924577756953 24.131470740006456 1.6000875539043973
vertex 28.999924577756953 23.88898178621405 1.6000875539043973
endloop
endfacet
facet normal 1 0 0
outer loop
vertex 28.999924577756953 30.500130450577664 1.5788662335608377
vertex 28.999924577756953 23.88898178621405 1.6000875539043973
vertex 28.999924577756953 23.61225576893403 1.6000875539043973
endloop
endfacet
facet normal 1 0 0
outer loop
vertex 28.999924577756953 30.500130450577664 1.5788662335608377
vertex 28.999924577756953 23.61225576893403 1.6000875539043973
vertex 28.999924577756953 23.312044823807142 1.6000875539043973
endloop
endfacet
facet normal 1 0 0
outer loop
vertex 28.999924577756953 30.500130450577664 1.5788662335608377
vertex 28.999924577756953 23.312044823807142 1.6000875539043973
vertex 28.999924577756953 22.999949939287855 1.6000875539043973
endloop
endfacet
facet normal 1 0 0
outer loop
vertex 28.999924577756953 30.500130450577664 1.5788662335608377
vertex 28.999924577756953 22.999949939287855 1.6000875539043973
vertex 28.999924577756953 22.687855054768573 1.6000875539043973
endloop
endfacet
facet normal 1 0 0
outer loop
vertex 28.999924577756953 30.500130450577664 1.5788662335608377
vertex 28.999924577756953 22.687855054768573 1.6000875539043973
vertex 28.999924577756953 22.387644109641684 1.6000875539043973
endloop
endfacet
facet normal 1 0 0
outer loop
vertex 28.999924577756953 30.500130450577664 1.5788662335608377
vertex 28.999924577756953 22.387644109641684 1.6000875539043973
vertex 28.999924577756953 22.11120104329958 1.6000875539043973
endloop
endfacet
facet normal 1 0 0
outer loop
vertex 28.999924577756953 30.500130450577664 1.5788662335608377
vertex 28.999924577756953 22.11120104329958 1.6000875539043973
vertex 28.999924577756953 21.86871208950717 1.6000875539043973
endloop
endfacet
facet normal 1 0 0
outer loop
vertex 28.999924577756953 30.500130450577664 1.5788662335608377
vertex 28.999924577756953 21.86871208950717 1.6000875539043973
vertex 28.999924577756953 21.669514629215623 1.6000875539043973
endloop
endfacet
facet normal 1 0 0
outer loop
vertex 28.999924577756953 30.500130450577664 1.5788662335608377
vertex 28.999924577756953 21.669514629215623 1.6000875539043973
vertex 28.999924577756953 21.52181423962445 1.6000875539043973
endloop
endfacet
facet normal 1 0 0
outer loop
vertex 28.999924577756953 30.500130450577664 1.5788662335608377
vertex 28.999924577756953 21.52181423962445 1.6000875539043973
vertex 28.999924577756953 21.4307040376161 1.6000875539043973
endloop
endfacet
facet normal 1 0 0
outer loop
vertex 28.999924577756953 30.500130450577664 1.5788662335608377
vertex 28.999924577756953 21.4307040376161 1.6000875539043973
vertex 28.999924577756953 21.39986238538346 1.6000875539043973
endloop
endfacet
facet normal 1 0 0
outer loop
vertex 28.999924577756953 30.500130450577664 1.5788662335608377
vertex 28.999924577756953 21.39986238538346 1.6000875539043973
vertex 28.999924577756953 20.514791851588065 1.6000875539043973
endloop
endfacet
facet normal 1 0 0
outer loop
vertex 28.999924577756953 30.500130450577664 1.5788662335608377
vertex 28.999924577756953 20.514791851588065 1.6000875539043973
vertex 28.999924577756953 20.514791851588065 1.1988631239421628
endloop
endfacet
facet normal 1 0 0
outer loop
vertex 28.999924577756953 30.500130450577664 1.5788662335608377
vertex 28.999924577756953 20.514791851588065 1.1988631239421628
vertex 28.999924577756953 40.48518609862935 1.1988631239421628
endloop
endfacet
facet normal 0.7068392586295265 0 -0.7073742025689526
outer loop
vertex 27.877458207051607 30.483719296178645 0.07724560605055711
vertex 28.999924577756953 40.48518609862935 1.1988631239421628
vertex 28.999924577756953 20.514791851588065 1.1988631239421628
endloop
endfacet
facet normal 0.7067646848956235 -0.00001677988207755822 -0.7074487118532522
outer loop
vertex 27.877458207051607 30.483719296178645 0.07724560605055711
vertex 28.999924577756953 20.514791851588065 1.1988631239421628
vertex 27.799929650063135 21.714786779281884 0
endloop
endfacet
facet normal 0.7058129019400461 0 -0.7083982971852565
outer loop
vertex 27.877458207051607 30.483719296178645 0.07724560605055711
vertex 27.799929650063135 21.714786779281884 0
vertex 27.799929650063135 21.86871208950717 0
endloop
endfacet
facet normal 0.7058129019400464 0 -0.708398297185256
outer loop
vertex 27.877458207051607 30.483719296178645 0.07724560605055711
vertex 27.799929650063135 21.86871208950717 0
vertex 27.799929650063135 22.11120104329958 0
endloop
endfacet
facet normal 0.7058129019400458 0 -0.7083982971852567
outer loop
vertex 27.877458207051607 30.483719296178645 0.07724560605055711
vertex 27.799929650063135 22.11120104329958 0
vertex 27.799929650063135 22.387644109641684 0
endloop
endfacet
facet normal 0.7058129019400434 0 -0.7083982971852592
outer loop
vertex 27.877458207051607 30.483719296178645 0.07724560605055711
vertex 27.799929650063135 22.387644109641684 0
vertex 27.799929650063135 22.687855054768573 0
endloop
endfacet
facet normal 0.7058129019400481 0 -0.7083982971852545
outer loop
vertex 27.877458207051607 30.483719296178645 0.07724560605055711
vertex 27.799929650063135 22.687855054768573 0
vertex 27.799929650063135 22.999949939287855 0
endloop
endfacet
facet normal 0.7058129019400431 0 -0.7083982971852593
outer loop
vertex 27.877458207051607 30.483719296178645 0.07724560605055711
vertex 27.799929650063135 22.999949939287855 0
vertex 27.799929650063135 23.312044823807142 0
endloop
endfacet
facet normal 0.7058129019400468 0 -0.7083982971852557
outer loop
vertex 27.877458207051607 30.483719296178645 0.07724560605055711
vertex 27.799929650063135 23.312044823807142 0
vertex 27.799929650063135 23.61225576893403 0
endloop
endfacet
facet normal 0.7058129019400469 0 -0.7083982971852555
outer loop
vertex 27.877458207051607 30.483719296178645 0.07724560605055711
vertex 27.799929650063135 23.61225576893403 0
vertex 27.799929650063135 23.88898178621405 0
endloop
endfacet
facet normal 0.7058129019400453 0 -0.7083982971852572
outer loop
vertex 27.877458207051607 30.483719296178645 0.07724560605055711
vertex 27.799929650063135 23.88898178621405 0
vertex 27.799929650063135 24.131470740006456 0
endloop
endfacet
facet normal 0.7058129019400438 0 -0.7083982971852586
outer loop
vertex 27.877458207051607 30.483719296178645 0.07724560605055711
vertex 27.799929650063135 24.131470740006456 0
vertex 27.799929650063135 24.33038524936009 0
endloop
endfacet
facet normal 0.7058129019400461 0 -0.7083982971852566
outer loop
vertex 27.877458207051607 30.483719296178645 0.07724560605055711
vertex 27.799929650063135 24.33038524936009 0
vertex 27.799929650063135 24.478085638951264 0
endloop
endfacet
facet normal 0.7058129019400472 0 -0.7083982971852553
outer loop
vertex 27.877458207051607 30.483719296178645 0.07724560605055711
vertex 27.799929650063135 24.478085638951264 0
vertex 27.799929650063135 24.569195840959615 0
endloop
endfacet
facet normal 0.7058129019400446 0 -0.7083982971852577
outer loop
vertex 27.877458207051607 30.483719296178645 0.07724560605055711
vertex 27.799929650063135 24.569195840959615 0
vertex 27.799929650063135 24.600037493192254 0
endloop
endfacet
facet normal 0.7058129019400459 0 -0.7083982971852568
outer loop
vertex 27.877458207051607 30.483719296178645 0.07724560605055711
vertex 27.799929650063135 24.600037493192254 0
vertex 27.799929650063135 29.999873192345486 0
endloop
endfacet
facet normal 0.7058129019400455 0 -0.7083982971852567
outer loop
vertex 27.877458207051607 30.483719296178645 0.07724560605055711
vertex 27.799929650063135 29.999873192345486 0
vertex 27.799929650063135 36.39994045702516 0
endloop
endfacet
facet normal 0.7058129019400446 0 -0.7083982971852577
outer loop
vertex 27.877458207051607 30.483719296178645 0.07724560605055711
vertex 27.799929650063135 36.39994045702516 0
vertex 27.799929650063135 36.4307821092578 0
endloop
endfacet
facet normal 0.7058129019400472 0 -0.7083982971852553
outer loop
vertex 27.877458207051607 30.483719296178645 0.07724560605055711
vertex 27.799929650063135 36.4307821092578 0
vertex 27.799929650063135 36.52189231126615 0
endloop
endfacet
facet normal 0.7058129019400461 0 -0.7083982971852566
outer loop
vertex 27.877458207051607 30.483719296178645 0.07724560605055711
vertex 27.799929650063135 36.52189231126615 0
vertex 27.799929650063135 36.66959270085732 0
endloop
endfacet
facet normal 0.7058129019400464 0 -0.7083982971852562
outer loop
vertex 27.877458207051607 30.483719296178645 0.07724560605055711
vertex 27.799929650063135 36.66959270085732 0
vertex 27.799929650063135 36.86850721021096 0
endloop
endfacet
facet normal 0.7058129019400454 0 -0.7083982971852572
outer loop
vertex 27.877458207051607 30.483719296178645 0.07724560605055711
vertex 27.799929650063135 36.86850721021096 0
vertex 27.799929650063135 37.11099616400337 0
endloop
endfacet
facet normal 0.7058129019400451 0 -0.7083982971852575
outer loop
vertex 27.877458207051607 30.483719296178645 0.07724560605055711
vertex 27.799929650063135 37.11099616400337 0
vertex 27.799929650063135 37.38772218128338 0
endloop
endfacet
facet normal 0.7058129019400468 0 -0.7083982971852557
outer loop
vertex 27.877458207051607 30.483719296178645 0.07724560605055711
vertex 27.799929650063135 37.38772218128338 0
vertex 27.799929650063135 37.68793312641027 0
endloop
endfacet
facet normal 0.7058129019400448 0 -0.7083982971852577
outer loop
vertex 27.877458207051607 30.483719296178645 0.07724560605055711
vertex 27.799929650063135 37.68793312641027 0
vertex 27.799929650063135 38.000028010929555 0
endloop
endfacet
facet normal 0.7058129019400448 0 -0.7083982971852577
outer loop
vertex 27.877458207051607 30.483719296178645 0.07724560605055711
vertex 27.799929650063135 38.000028010929555 0
vertex 27.799929650063135 38.31212289544884 0
endloop
endfacet
facet normal 0.7058129019400468 0 -0.7083982971852557
outer loop
vertex 27.877458207051607 30.483719296178645 0.07724560605055711
vertex 27.799929650063135 38.31212289544884 0
vertex 27.799929650063135 38.61233384057573 0
endloop
endfacet
facet normal 0.7058129019400459 0 -0.7083982971852568
outer loop
vertex 27.877458207051607 30.483719296178645 0.07724560605055711
vertex 27.799929650063135 38.61233384057573 0
vertex 27.799929650063135 38.88877690691783 0
endloop
endfacet
facet normal 0.7058129019400464 0 -0.708398297185256
outer loop
vertex 27.877458207051607 30.483719296178645 0.07724560605055711
vertex 27.799929650063135 38.88877690691783 0
vertex 27.799929650063135 39.13126586071024 0
endloop
endfacet
facet normal 0.705812901940046 0 -0.7083982971852565
outer loop
vertex 27.877458207051607 30.483719296178645 0.07724560605055711
vertex 27.799929650063135 39.13126586071024 0
vertex 27.799929650063135 39.285191170935526 0
endloop
endfacet
facet normal 0.7067647156731681 0.000016718387200582826 -0.7074486811069205
outer loop
vertex 27.877458207051607 30.483719296178645 0.07724560605055711
vertex 27.799929650063135 39.285191170935526 0
vertex 28.999924577756953 40.48518609862935 1.1988631239421628
endloop
endfacet
facet normal 0.4079914699936333 -0.4079914699936334 -0.8167532802657533
outer loop
vertex 21.799955011594037 15.714812140812787 0
vertex 27.799929650063135 21.714786779281884 0
vertex 28.999924577756953 20.514791851588065 1.1988631239421628
endloop
endfacet
facet normal 0.4079914699936333 -0.4079914699936334 -0.8167532802657533
outer loop
vertex 21.799955011594037 15.714812140812787 0
vertex 28.999924577756953 20.514791851588065 1.1988631239421628
vertex 22.999949939287855 14.514817213118969 1.1988631239421628
endloop
endfacet
facet normal 0.7071067811865475 0.7071067811865475 0
outer loop
vertex 22.999949939287855 46.48516073709845 1.1988631239421628
vertex 22.999949939287855 46.48516073709845 1.6000875539043973
vertex 28.999924577756953 40.48518609862935 1.6000875539043973
endloop
endfacet
facet normal 0.7071067811865475 0.7071067811865475 0
outer loop
vertex 22.999949939287855 46.48516073709845 1.1988631239421628
vertex 28.999924577756953 40.48518609862935 1.6000875539043973
vertex 28.999924577756953 40.48518609862935 1.1988631239421628
endloop
endfacet
facet normal 0.40799146999363295 0.40799146999363295 -0.8167532802657539
outer loop
vertex 22.999949939287855 46.48516073709845 1.1988631239421628
vertex 28.999924577756953 40.48518609862935 1.1988631239421628
vertex 27.799929650063135 39.285191170935526 0
endloop
endfacet
facet normal 0.40799146999363295 0.40799146999363295 -0.8167532802657539
outer loop
vertex 22.999949939287855 46.48516073709845 1.1988631239421628
vertex 27.799929650063135 39.285191170935526 0
vertex 21.799955011594037 45.285165809404624 0
endloop
endfacet
facet normal -0.29040787178789984 -0.9569029564191045 0
outer loop
vertex 23.312044823807142 24.569195840959615 1.6000875539043973
vertex 23.312044823807142 24.569195840959615 0
vertex 23.61225576893403 24.478085638951264 0
endloop
endfacet
facet normal -0.29040787178789984 -0.9569029564191045 0
outer loop
vertex 23.312044823807142 24.569195840959615 1.6000875539043973
vertex 23.61225576893403 24.478085638951264 0
vertex 23.61225576893403 24.478085638951264 1.6000875539043973
endloop
endfacet
facet normal -0.09834237334420719 -0.9951526403547492 0
outer loop
vertex 22.999949939287855 24.600037493192254 1.6000875539043973
vertex 22.999949939287855 24.600037493192254 0
vertex 23.312044823807142 24.569195840959615 0
endloop
endfacet
facet normal -0.09834237334420719 -0.9951526403547492 0
outer loop
vertex 22.999949939287855 24.600037493192254 1.6000875539043973
vertex 23.312044823807142 24.569195840959615 0
vertex 23.312044823807142 24.569195840959615 1.6000875539043973
endloop
endfacet
facet normal 0.0983423733442083 -0.995152640354749 0
outer loop
vertex 22.687855054768573 24.569195840959615 1.6000875539043973
vertex 22.687855054768573 24.569195840959615 0
vertex 22.999949939287855 24.600037493192254 0
endloop
endfacet
facet normal 0.0983423733442083 -0.995152640354749 0
outer loop
vertex 22.687855054768573 24.569195840959615 1.6000875539043973
vertex 22.999949939287855 24.600037493192254 0
vertex 22.999949939287855 24.600037493192254 1.6000875539043973
endloop
endfacet
facet normal 0.29040787178789984 -0.9569029564191045 0
outer loop
vertex 22.387644109641684 24.478085638951264 1.6000875539043973
vertex 22.387644109641684 24.478085638951264 0
vertex 22.687855054768573 24.569195840959615 0
endloop
endfacet
facet normal 0.29040787178789984 -0.9569029564191045 0
outer loop
vertex 22.387644109641684 24.478085638951264 1.6000875539043973
vertex 22.687855054768573 24.569195840959615 0
vertex 22.687855054768573 24.569195840959615 1.6000875539043973
endloop
endfacet
facet normal 0.4712440947139791 -0.8820028362750328 0
outer loop
vertex 22.11120104329958 24.33038524936009 1.6000875539043973
vertex 22.11120104329958 24.33038524936009 0
vertex 22.387644109641684 24.478085638951264 0
endloop
endfacet
facet normal 0.4712440947139791 -0.8820028362750328 0
outer loop
vertex 22.11120104329958 24.33038524936009 1.6000875539043973
vertex 22.387644109641684 24.478085638951264 0
vertex 22.387644109641684 24.478085638951264 1.6000875539043973
endloop
endfacet
facet normal 0.6342198325606144 -0.7731527688541162 0
outer loop
vertex 21.86871208950717 24.131470740006456 1.6000875539043973
vertex 21.86871208950717 24.131470740006456 0
vertex 22.11120104329958 24.33038524936009 0
endloop
endfacet
facet normal 0.6342198325606144 -0.7731527688541162 0
outer loop
vertex 21.86871208950717 24.131470740006456 1.6000875539043973
vertex 22.11120104329958 24.33038524936009 0
vertex 22.11120104329958 24.33038524936009 1.6000875539043973
endloop
endfacet
facet normal 0.7727104600334167 -0.6347586509492765 0
outer loop
vertex 21.669514629215623 23.88898178621405 1.6000875539043973
vertex 21.669514629215623 23.88898178621405 0
vertex 21.86871208950717 24.131470740006456 0
endloop
endfacet
facet normal 0.7727104600334167 -0.6347586509492765 0
outer loop
vertex 21.669514629215623 23.88898178621405 1.6000875539043973
vertex 21.86871208950717 24.131470740006456 0
vertex 21.86871208950717 24.131470740006456 1.6000875539043973
endloop
endfacet
facet normal 0.634758650949271 0.7727104600334214 0
outer loop
vertex 22.11120104329958 21.669514629215623 1.6000875539043973
vertex 22.11120104329958 21.669514629215623 0
vertex 21.86871208950717 21.86871208950717 0
endloop
endfacet
facet normal 0.634758650949271 0.7727104600334214 0
outer loop
vertex 22.11120104329958 21.669514629215623 1.6000875539043973
vertex 21.86871208950717 21.86871208950717 0
vertex 21.86871208950717 21.86871208950717 1.6000875539043973
endloop
endfacet
facet normal 0.4712440947139791 0.8820028362750328 0
outer loop
vertex 22.387644109641684 21.52181423962445 1.6000875539043973
vertex 22.387644109641684 21.52181423962445 0
vertex 22.11120104329958 21.669514629215623 0
endloop
endfacet
facet normal 0.4712440947139791 0.8820028362750328 0
outer loop
vertex 22.387644109641684 21.52181423962445 1.6000875539043973
vertex 22.11120104329958 21.669514629215623 0
vertex 22.11120104329958 21.669514629215623 1.6000875539043973
endloop
endfacet
facet normal 0.29040787178789984 0.9569029564191045 0
outer loop
vertex 22.687855054768573 21.4307040376161 1.6000875539043973
vertex 22.687855054768573 21.4307040376161 0
vertex 22.387644109641684 21.52181423962445 0
endloop
endfacet
facet normal 0.29040787178789984 0.9569029564191045 0
outer loop
vertex 22.687855054768573 21.4307040376161 1.6000875539043973
vertex 22.387644109641684 21.52181423962445 0
vertex 22.387644109641684 21.52181423962445 1.6000875539043973
endloop
endfacet
facet normal 0.0983423733442083 0.995152640354749 0
outer loop
vertex 22.999949939287855 21.39986238538346 1.6000875539043973
vertex 22.999949939287855 21.39986238538346 0
vertex 22.687855054768573 21.4307040376161 0
endloop
endfacet
facet normal 0.0983423733442083 0.995152640354749 0
outer loop
vertex 22.999949939287855 21.39986238538346 1.6000875539043973
vertex 22.687855054768573 21.4307040376161 0
vertex 22.687855054768573 21.4307040376161 1.6000875539043973
endloop
endfacet
facet normal -0.09834237334420719 0.9951526403547492 0
outer loop
vertex 23.312044823807142 21.4307040376161 1.6000875539043973
vertex 23.312044823807142 21.4307040376161 0
vertex 22.999949939287855 21.39986238538346 0
endloop
endfacet
facet normal -0.09834237334420719 0.9951526403547492 0
outer loop
vertex 23.312044823807142 21.4307040376161 1.6000875539043973
vertex 22.999949939287855 21.39986238538346 0
vertex 22.999949939287855 21.39986238538346 1.6000875539043973
endloop
endfacet
facet normal -0.29040787178789984 0.9569029564191045 0
outer loop
vertex 23.61225576893403 21.52181423962445 1.6000875539043973
vertex 23.61225576893403 21.52181423962445 0
vertex 23.312044823807142 21.4307040376161 0
endloop
endfacet
facet normal -0.29040787178789984 0.9569029564191045 0
outer loop
vertex 23.61225576893403 21.52181423962445 1.6000875539043973
vertex 23.312044823807142 21.4307040376161 0
vertex 23.312044823807142 21.4307040376161 1.6000875539043973
endloop
endfacet
facet normal -0.4708691260887244 -0.8822030753156785 0
outer loop
vertex 23.88898178621405 24.33038524936009 0
vertex 23.88898178621405 24.33038524936009 1.6000875539043973
vertex 23.61225576893403 24.478085638951264 1.6000875539043973
endloop
endfacet
facet normal -0.4708691260887244 -0.8822030753156785 0
outer loop
vertex 23.88898178621405 24.33038524936009 0
vertex 23.61225576893403 24.478085638951264 1.6000875539043973
vertex 23.61225576893403 24.478085638951264 0
endloop
endfacet
facet normal 0.8822030753156785 -0.4708691260887244 0
outer loop
vertex 21.669514629215623 23.88898178621405 0
vertex 21.669514629215623 23.88898178621405 1.6000875539043973
vertex 21.52181423962445 23.61225576893403 1.6000875539043973
endloop
endfacet
facet normal 0.8822030753156785 -0.4708691260887244 0
outer loop
vertex 21.669514629215623 23.88898178621405 0
vertex 21.52181423962445 23.61225576893403 1.6000875539043973
vertex 21.52181423962445 23.61225576893403 0
endloop
endfacet
facet normal 0.9569029564191045 -0.29040787178789984 0
outer loop
vertex 21.52181423962445 23.61225576893403 0
vertex 21.52181423962445 23.61225576893403 1.6000875539043973
vertex 21.4307040376161 23.312044823807142 1.6000875539043973
endloop
endfacet
facet normal 0.9569029564191045 -0.29040787178789984 0
outer loop
vertex 21.52181423962445 23.61225576893403 0
vertex 21.4307040376161 23.312044823807142 1.6000875539043973
vertex 21.4307040376161 23.312044823807142 0
endloop
endfacet
facet normal 0.9951526403547492 -0.09834237334420719 0
outer loop
vertex 21.4307040376161 23.312044823807142 0
vertex 21.4307040376161 23.312044823807142 1.6000875539043973
vertex 21.39986238538346 22.999949939287855 1.6000875539043973
endloop
endfacet
facet normal 0.9951526403547492 -0.09834237334420719 0
outer loop
vertex 21.4307040376161 23.312044823807142 0
vertex 21.39986238538346 22.999949939287855 1.6000875539043973
vertex 21.39986238538346 22.999949939287855 0
endloop
endfacet
facet normal 0.995152640354749 0.0983423733442083 0
outer loop
vertex 21.39986238538346 22.999949939287855 0
vertex 21.39986238538346 22.999949939287855 1.6000875539043973
vertex 21.4307040376161 22.687855054768573 1.6000875539043973
endloop
endfacet
facet normal 0.995152640354749 0.0983423733442083 0
outer loop
vertex 21.39986238538346 22.999949939287855 0
vertex 21.4307040376161 22.687855054768573 1.6000875539043973
vertex 21.4307040376161 22.687855054768573 0
endloop
endfacet
facet normal 0.9569029564191045 0.29040787178789984 0
outer loop
vertex 21.4307040376161 22.687855054768573 0
vertex 21.4307040376161 22.687855054768573 1.6000875539043973
vertex 21.52181423962445 22.387644109641684 1.6000875539043973
endloop
endfacet
facet normal 0.9569029564191045 0.29040787178789984 0
outer loop
vertex 21.4307040376161 22.687855054768573 0
vertex 21.52181423962445 22.387644109641684 1.6000875539043973
vertex 21.52181423962445 22.387644109641684 0
endloop
endfacet
facet normal 0.8820028362750328 0.4712440947139791 0
outer loop
vertex 21.52181423962445 22.387644109641684 0
vertex 21.52181423962445 22.387644109641684 1.6000875539043973
vertex 21.669514629215623 22.11120104329958 1.6000875539043973
endloop
endfacet
facet normal 0.8820028362750328 0.4712440947139791 0
outer loop
vertex 21.52181423962445 22.387644109641684 0
vertex 21.669514629215623 22.11120104329958 1.6000875539043973
vertex 21.669514629215623 22.11120104329958 0
endloop
endfacet
facet normal 0.7727104600334214 0.634758650949271 0
outer loop
vertex 21.86871208950717 21.86871208950717 1.6000875539043973
vertex 21.86871208950717 21.86871208950717 0
vertex 21.669514629215623 22.11120104329958 0
endloop
endfacet
facet normal 0.7727104600334214 0.634758650949271 0
outer loop
vertex 21.86871208950717 21.86871208950717 1.6000875539043973
vertex 21.669514629215623 22.11120104329958 0
vertex 21.669514629215623 22.11120104329958 1.6000875539043973
endloop
endfacet
facet normal -0.9569029564191045 -0.29040787178789984 0
outer loop
vertex 24.569195840959615 23.312044823807142 0
vertex 24.569195840959615 23.312044823807142 1.6000875539043973
vertex 24.478085638951264 23.61225576893403 1.6000875539043973
endloop
endfacet
facet normal -0.9569029564191045 -0.29040787178789984 0
outer loop
vertex 24.569195840959615 23.312044823807142 0
vertex 24.478085638951264 23.61225576893403 1.6000875539043973
vertex 24.478085638951264 23.61225576893403 0
endloop
endfacet
facet normal -0.8822030753156785 -0.4708691260887244 0
outer loop
vertex 24.478085638951264 23.61225576893403 0
vertex 24.478085638951264 23.61225576893403 1.6000875539043973
vertex 24.33038524936009 23.88898178621405 1.6000875539043973
endloop
endfacet
facet normal -0.8822030753156785 -0.4708691260887244 0
outer loop
vertex 24.478085638951264 23.61225576893403 0
vertex 24.33038524936009 23.88898178621405 1.6000875539043973
vertex 24.33038524936009 23.88898178621405 0
endloop
endfacet
facet normal -0.7731527688541117 -0.63421983256062 0
outer loop
vertex 24.33038524936009 23.88898178621405 0
vertex 24.33038524936009 23.88898178621405 1.6000875539043973
vertex 24.131470740006456 24.131470740006456 1.6000875539043973
endloop
endfacet
facet normal -0.7731527688541117 -0.63421983256062 0
outer loop
vertex 24.33038524936009 23.88898178621405 0
vertex 24.131470740006456 24.131470740006456 1.6000875539043973
vertex 24.131470740006456 24.131470740006456 0
endloop
endfacet
facet normal -0.63421983256062 -0.7731527688541117 0
outer loop
vertex 24.131470740006456 24.131470740006456 0
vertex 24.131470740006456 24.131470740006456 1.6000875539043973
vertex 23.88898178621405 24.33038524936009 1.6000875539043973
endloop
endfacet
facet normal -0.63421983256062 -0.7731527688541117 0
outer loop
vertex 24.131470740006456 24.131470740006456 0
vertex 23.88898178621405 24.33038524936009 1.6000875539043973
vertex 23.88898178621405 24.33038524936009 0
endloop
endfacet
facet normal -0.4708691260887244 0.8822030753156785 0
outer loop
vertex 23.61225576893403 21.52181423962445 0
vertex 23.61225576893403 21.52181423962445 1.6000875539043973
vertex 23.88898178621405 21.669514629215623 1.6000875539043973
endloop
endfacet
facet normal -0.4708691260887244 0.8822030753156785 0
outer loop
vertex 23.61225576893403 21.52181423962445 0
vertex 23.88898178621405 21.669514629215623 1.6000875539043973
vertex 23.88898178621405 21.669514629215623 0
endloop
endfacet
facet normal -0.6347586509492765 0.7727104600334167 0
outer loop
vertex 23.88898178621405 21.669514629215623 0
vertex 23.88898178621405 21.669514629215623 1.6000875539043973
vertex 24.131470740006456 21.86871208950717 1.6000875539043973
endloop
endfacet
facet normal -0.6347586509492765 0.7727104600334167 0
outer loop
vertex 23.88898178621405 21.669514629215623 0
vertex 24.131470740006456 21.86871208950717 1.6000875539043973
vertex 24.131470740006456 21.86871208950717 0
endloop
endfacet
facet normal -0.7731527688541162 0.6342198325606144 0
outer loop
vertex 24.131470740006456 21.86871208950717 0
vertex 24.131470740006456 21.86871208950717 1.6000875539043973
vertex 24.33038524936009 22.11120104329958 1.6000875539043973
endloop
endfacet
facet normal -0.7731527688541162 0.6342198325606144 0
outer loop
vertex 24.131470740006456 21.86871208950717 0
vertex 24.33038524936009 22.11120104329958 1.6000875539043973
vertex 24.33038524936009 22.11120104329958 0
endloop
endfacet
facet normal -0.8820028362750328 0.4712440947139791 0
outer loop
vertex 24.33038524936009 22.11120104329958 0
vertex 24.33038524936009 22.11120104329958 1.6000875539043973
vertex 24.478085638951264 22.387644109641684 1.6000875539043973
endloop
endfacet
facet normal -0.8820028362750328 0.4712440947139791 0
outer loop
vertex 24.33038524936009 22.11120104329958 0
vertex 24.478085638951264 22.387644109641684 1.6000875539043973
vertex 24.478085638951264 22.387644109641684 0
endloop
endfacet
facet normal -0.9569029564191045 0.29040787178789984 0
outer loop
vertex 24.478085638951264 22.387644109641684 0
vertex 24.478085638951264 22.387644109641684 1.6000875539043973
vertex 24.569195840959615 22.687855054768573 1.6000875539043973
endloop
endfacet
facet normal -0.9569029564191045 0.29040787178789984 0
outer loop
vertex 24.478085638951264 22.387644109641684 0
vertex 24.569195840959615 22.687855054768573 1.6000875539043973
vertex 24.569195840959615 22.687855054768573 0
endloop
endfacet
facet normal -0.9951526403547492 -0.09834237334420719 0
outer loop
vertex 24.600037493192254 22.999949939287855 0
vertex 24.600037493192254 22.999949939287855 1.6000875539043973
vertex 24.569195840959615 23.312044823807142 1.6000875539043973
endloop
endfacet
facet normal -0.9951526403547492 -0.09834237334420719 0
outer loop
vertex 24.600037493192254 22.999949939287855 0
vertex 24.569195840959615 23.312044823807142 1.6000875539043973
vertex 24.569195840959615 23.312044823807142 0
endloop
endfacet
facet normal -0.995152640354749 0.0983423733442083 0
outer loop
vertex 24.569195840959615 22.687855054768573 0
vertex 24.569195840959615 22.687855054768573 1.6000875539043973
vertex 24.600037493192254 22.999949939287855 1.6000875539043973
endloop
endfacet
facet normal -0.995152640354749 0.0983423733442083 0
outer loop
vertex 24.569195840959615 22.687855054768573 0
vertex 24.600037493192254 22.999949939287855 1.6000875539043973
vertex 24.600037493192254 22.999949939287855 0
endloop
endfacet
facet normal -0.995152640354749 -0.0983423733442083 0
outer loop
vertex 24.600037493192254 38.000028010929555 0
vertex 24.600037493192254 38.000028010929555 1.6000875539043973
vertex 24.569195840959615 38.31212289544884 1.6000875539043973
endloop
endfacet
facet normal -0.995152640354749 -0.0983423733442083 0
outer loop
vertex 24.600037493192254 38.000028010929555 0
vertex 24.569195840959615 38.31212289544884 1.6000875539043973
vertex 24.569195840959615 38.31212289544884 0
endloop
endfacet
facet normal -0.9569029564191054 -0.29040787178789673 0
outer loop
vertex 24.569195840959615 38.31212289544884 0
vertex 24.569195840959615 38.31212289544884 1.6000875539043973
vertex 24.478085638951264 38.61233384057573 1.6000875539043973
endloop
endfacet
facet normal -0.9569029564191054 -0.29040787178789673 0
outer loop
vertex 24.569195840959615 38.31212289544884 0
vertex 24.478085638951264 38.61233384057573 1.6000875539043973
vertex 24.478085638951264 38.61233384057573 0
endloop
endfacet
facet normal -0.8820028362750328 -0.4712440947139791 0
outer loop
vertex 24.478085638951264 38.61233384057573 0
vertex 24.478085638951264 38.61233384057573 1.6000875539043973
vertex 24.33038524936009 38.88877690691783 1.6000875539043973
endloop
endfacet
facet normal -0.8820028362750328 -0.4712440947139791 0
outer loop
vertex 24.478085638951264 38.61233384057573 0
vertex 24.33038524936009 38.88877690691783 1.6000875539043973
vertex 24.33038524936009 38.88877690691783 0
endloop
endfacet
facet normal -0.7731527688541162 -0.6342198325606144 0
outer loop
vertex 24.33038524936009 38.88877690691783 0
vertex 24.33038524936009 38.88877690691783 1.6000875539043973
vertex 24.131470740006456 39.13126586071024 1.6000875539043973
endloop
endfacet
facet normal -0.7731527688541162 -0.6342198325606144 0
outer loop
vertex 24.33038524936009 38.88877690691783 0
vertex 24.131470740006456 39.13126586071024 1.6000875539043973
vertex 24.131470740006456 39.13126586071024 0
endloop
endfacet
facet normal -0.6347586509492699 -0.7727104600334223 0
outer loop
vertex 24.131470740006456 39.13126586071024 0
vertex 24.131470740006456 39.13126586071024 1.6000875539043973
vertex 23.88898178621405 39.33046332100179 1.6000875539043973
endloop
endfacet
facet normal -0.6347586509492699 -0.7727104600334223 0
outer loop
vertex 24.131470740006456 39.13126586071024 0
vertex 23.88898178621405 39.33046332100179 1.6000875539043973
vertex 23.88898178621405 39.33046332100179 0
endloop
endfacet
facet normal -0.4708691260887421 -0.8822030753156692 0
outer loop
vertex 23.88898178621405 39.33046332100179 0
vertex 23.88898178621405 39.33046332100179 1.6000875539043973
vertex 23.61225576893403 39.478163710592966 1.6000875539043973
endloop
endfacet
facet normal -0.4708691260887421 -0.8822030753156692 0
outer loop
vertex 23.88898178621405 39.33046332100179 0
vertex 23.61225576893403 39.478163710592966 1.6000875539043973
vertex 23.61225576893403 39.478163710592966 0
endloop
endfacet
facet normal -0.29040787178787913 -0.9569029564191108 0
outer loop
vertex 23.61225576893403 39.478163710592966 0
vertex 23.61225576893403 39.478163710592966 1.6000875539043973
vertex 23.312044823807142 39.56927391260131 1.6000875539043973
endloop
endfacet
facet normal -0.29040787178787913 -0.9569029564191108 0
outer loop
vertex 23.61225576893403 39.478163710592966 0
vertex 23.312044823807142 39.56927391260131 1.6000875539043973
vertex 23.312044823807142 39.56927391260131 0
endloop
endfacet
facet normal -0.09834237334422963 -0.9951526403547469 0
outer loop
vertex 23.312044823807142 39.56927391260131 0
vertex 23.312044823807142 39.56927391260131 1.6000875539043973
vertex 22.999949939287855 39.600115564833956 1.6000875539043973
endloop
endfacet
facet normal -0.09834237334422963 -0.9951526403547469 0
outer loop
vertex 23.312044823807142 39.56927391260131 0
vertex 22.999949939287855 39.600115564833956 1.6000875539043973
vertex 22.999949939287855 39.600115564833956 0
endloop
endfacet
facet normal 0.09834237334423074 -0.9951526403547468 0
outer loop
vertex 22.999949939287855 39.600115564833956 0
vertex 22.999949939287855 39.600115564833956 1.6000875539043973
vertex 22.687855054768573 39.56927391260131 1.6000875539043973
endloop
endfacet
facet normal 0.09834237334423074 -0.9951526403547468 0
outer loop
vertex 22.999949939287855 39.600115564833956 0
vertex 22.687855054768573 39.56927391260131 1.6000875539043973
vertex 22.687855054768573 39.56927391260131 0
endloop
endfacet
facet normal 0.29040787178787913 -0.9569029564191108 0
outer loop
vertex 22.687855054768573 39.56927391260131 0
vertex 22.687855054768573 39.56927391260131 1.6000875539043973
vertex 22.387644109641684 39.478163710592966 1.6000875539043973
endloop
endfacet
facet normal 0.29040787178787913 -0.9569029564191108 0
outer loop
vertex 22.687855054768573 39.56927391260131 0
vertex 22.387644109641684 39.478163710592966 1.6000875539043973
vertex 22.387644109641684 39.478163710592966 0
endloop
endfacet
facet normal 0.4712440947139968 -0.8820028362750235 0
outer loop
vertex 22.387644109641684 39.478163710592966 0
vertex 22.387644109641684 39.478163710592966 1.6000875539043973
vertex 22.11120104329958 39.33046332100179 1.6000875539043973
endloop
endfacet
facet normal 0.4712440947139968 -0.8820028362750235 0
outer loop
vertex 22.387644109641684 39.478163710592966 0
vertex 22.11120104329958 39.33046332100179 1.6000875539043973
vertex 22.11120104329958 39.33046332100179 0
endloop
endfacet
facet normal 0.6347586509492643 -0.7727104600334269 0
outer loop
vertex 22.11120104329958 39.33046332100179 0
vertex 22.11120104329958 39.33046332100179 1.6000875539043973
vertex 21.86871208950717 39.13126586071024 1.6000875539043973
endloop
endfacet
facet normal 0.6347586509492643 -0.7727104600334269 0
outer loop
vertex 22.11120104329958 39.33046332100179 0
vertex 21.86871208950717 39.13126586071024 1.6000875539043973
vertex 21.86871208950717 39.13126586071024 0
endloop
endfacet
facet normal 0.7727104600334214 -0.634758650949271 0
outer loop
vertex 21.86871208950717 39.13126586071024 0
vertex 21.86871208950717 39.13126586071024 1.6000875539043973
vertex 21.669514629215623 38.88877690691783 1.6000875539043973
endloop
endfacet
facet normal 0.7727104600334214 -0.634758650949271 0
outer loop
vertex 21.86871208950717 39.13126586071024 0
vertex 21.669514629215623 38.88877690691783 1.6000875539043973
vertex 21.669514629215623 38.88877690691783 0
endloop
endfacet
facet normal 0.8820028362750328 -0.4712440947139791 0
outer loop
vertex 21.669514629215623 38.88877690691783 0
vertex 21.669514629215623 38.88877690691783 1.6000875539043973
vertex 21.52181423962445 38.61233384057573 1.6000875539043973
endloop
endfacet
facet normal 0.8820028362750328 -0.4712440947139791 0
outer loop
vertex 21.669514629215623 38.88877690691783 0
vertex 21.52181423962445 38.61233384057573 1.6000875539043973
vertex 21.52181423962445 38.61233384057573 0
endloop
endfacet
facet normal 0.9569029564191054 -0.29040787178789673 0
outer loop
vertex 21.52181423962445 38.61233384057573 0
vertex 21.52181423962445 38.61233384057573 1.6000875539043973
vertex 21.4307040376161 38.31212289544884 1.6000875539043973
endloop
endfacet
facet normal 0.9569029564191054 -0.29040787178789673 0
outer loop
vertex 21.52181423962445 38.61233384057573 0
vertex 21.4307040376161 38.31212289544884 1.6000875539043973
vertex 21.4307040376161 38.31212289544884 0
endloop
endfacet
facet normal 0.995152640354749 -0.0983423733442083 0
outer loop
vertex 21.4307040376161 38.31212289544884 0
vertex 21.4307040376161 38.31212289544884 1.6000875539043973
vertex 21.39986238538346 38.000028010929555 1.6000875539043973
endloop
endfacet
facet normal 0.995152640354749 -0.0983423733442083 0
outer loop
vertex 21.4307040376161 38.31212289544884 0
vertex 21.39986238538346 38.000028010929555 1.6000875539043973
vertex 21.39986238538346 38.000028010929555 0
endloop
endfacet
facet normal 0.995152640354749 0.0983423733442083 0
outer loop
vertex 21.39986238538346 38.000028010929555 0
vertex 21.39986238538346 38.000028010929555 1.6000875539043973
vertex 21.4307040376161 37.68793312641027 1.6000875539043973
endloop
endfacet
facet normal 0.995152640354749 0.0983423733442083 0
outer loop
vertex 21.39986238538346 38.000028010929555 0
vertex 21.4307040376161 37.68793312641027 1.6000875539043973
vertex 21.4307040376161 37.68793312641027 0
endloop
endfacet
facet normal 0.9569029564191054 0.29040787178789673 0
outer loop
vertex 21.4307040376161 37.68793312641027 0
vertex 21.4307040376161 37.68793312641027 1.6000875539043973
vertex 21.52181423962445 37.38772218128338 1.6000875539043973
endloop
endfacet
facet normal 0.9569029564191054 0.29040787178789673 0
outer loop
vertex 21.4307040376161 37.68793312641027 0
vertex 21.52181423962445 37.38772218128338 1.6000875539043973
vertex 21.52181423962445 37.38772218128338 0
endloop
endfacet
facet normal 0.8822030753156737 0.47086912608873394 0
outer loop
vertex 21.52181423962445 37.38772218128338 0
vertex 21.52181423962445 37.38772218128338 1.6000875539043973
vertex 21.669514629215623 37.11099616400337 1.6000875539043973
endloop
endfacet
facet normal 0.8822030753156737 0.47086912608873394 0
outer loop
vertex 21.52181423962445 37.38772218128338 0
vertex 21.669514629215623 37.11099616400337 1.6000875539043973
vertex 21.669514629215623 37.11099616400337 0
endloop
endfacet
facet normal 0.7727104600334214 0.634758650949271 0
outer loop
vertex 21.669514629215623 37.11099616400337 0
vertex 21.669514629215623 37.11099616400337 1.6000875539043973
vertex 21.86871208950717 36.86850721021096 1.6000875539043973
endloop
endfacet
facet normal 0.7727104600334214 0.634758650949271 0
outer loop
vertex 21.669514629215623 37.11099616400337 0
vertex 21.86871208950717 36.86850721021096 1.6000875539043973
vertex 21.86871208950717 36.86850721021096 0
endloop
endfacet
facet normal 0.6342198325606144 0.7731527688541162 0
outer loop
vertex 21.86871208950717 36.86850721021096 0
vertex 21.86871208950717 36.86850721021096 1.6000875539043973
vertex 22.11120104329958 36.66959270085732 1.6000875539043973
endloop
endfacet
facet normal 0.6342198325606144 0.7731527688541162 0
outer loop
vertex 21.86871208950717 36.86850721021096 0
vertex 22.11120104329958 36.66959270085732 1.6000875539043973
vertex 22.11120104329958 36.66959270085732 0
endloop
endfacet
facet normal 0.4712440947139791 0.8820028362750328 0
outer loop
vertex 22.11120104329958 36.66959270085732 0
vertex 22.11120104329958 36.66959270085732 1.6000875539043973
vertex 22.387644109641684 36.52189231126615 1.6000875539043973
endloop
endfacet
facet normal 0.4712440947139791 0.8820028362750328 0
outer loop
vertex 22.11120104329958 36.66959270085732 0
vertex 22.387644109641684 36.52189231126615 1.6000875539043973
vertex 22.387644109641684 36.52189231126615 0
endloop
endfacet
facet normal 0.29040787178789984 0.9569029564191045 0
outer loop
vertex 22.387644109641684 36.52189231126615 0
vertex 22.387644109641684 36.52189231126615 1.6000875539043973
vertex 22.687855054768573 36.4307821092578 1.6000875539043973
endloop
endfacet
facet normal 0.29040787178789984 0.9569029564191045 0
outer loop
vertex 22.387644109641684 36.52189231126615 0
vertex 22.687855054768573 36.4307821092578 1.6000875539043973
vertex 22.687855054768573 36.4307821092578 0
endloop
endfacet
facet normal 0.0983423733442083 0.995152640354749 0
outer loop
vertex 22.687855054768573 36.4307821092578 0
vertex 22.687855054768573 36.4307821092578 1.6000875539043973
vertex 22.999949939287855 36.39994045702516 1.6000875539043973
endloop
endfacet
facet normal 0.0983423733442083 0.995152640354749 0
outer loop
vertex 22.687855054768573 36.4307821092578 0
vertex 22.999949939287855 36.39994045702516 1.6000875539043973
vertex 22.999949939287855 36.39994045702516 0
endloop
endfacet
facet normal -0.09834237334420719 0.9951526403547492 0
outer loop
vertex 22.999949939287855 36.39994045702516 0
vertex 22.999949939287855 36.39994045702516 1.6000875539043973
vertex 23.312044823807142 36.4307821092578 1.6000875539043973
endloop
endfacet
facet normal -0.09834237334420719 0.9951526403547492 0
outer loop
vertex 22.999949939287855 36.39994045702516 0
vertex 23.312044823807142 36.4307821092578 1.6000875539043973
vertex 23.312044823807142 36.4307821092578 0
endloop
endfacet
facet normal -0.29040787178789984 0.9569029564191045 0
outer loop
vertex 23.312044823807142 36.4307821092578 0
vertex 23.312044823807142 36.4307821092578 1.6000875539043973
vertex 23.61225576893403 36.52189231126615 1.6000875539043973
endloop
endfacet
facet normal -0.29040787178789984 0.9569029564191045 0
outer loop
vertex 23.312044823807142 36.4307821092578 0
vertex 23.61225576893403 36.52189231126615 1.6000875539043973
vertex 23.61225576893403 36.52189231126615 0
endloop
endfacet
facet normal -0.4708691260887244 0.8822030753156785 0
outer loop
vertex 23.61225576893403 36.52189231126615 0
vertex 23.61225576893403 36.52189231126615 1.6000875539043973
vertex 23.88898178621405 36.66959270085732 1.6000875539043973
endloop
endfacet
facet normal -0.4708691260887244 0.8822030753156785 0
outer loop
vertex 23.61225576893403 36.52189231126615 0
vertex 23.88898178621405 36.66959270085732 1.6000875539043973
vertex 23.88898178621405 36.66959270085732 0
endloop
endfacet
facet normal -0.63421983256062 0.7731527688541117 0
outer loop
vertex 23.88898178621405 36.66959270085732 0
vertex 23.88898178621405 36.66959270085732 1.6000875539043973
vertex 24.131470740006456 36.86850721021096 1.6000875539043973
endloop
endfacet
facet normal -0.63421983256062 0.7731527688541117 0
outer loop
vertex 23.88898178621405 36.66959270085732 0
vertex 24.131470740006456 36.86850721021096 1.6000875539043973
vertex 24.131470740006456 36.86850721021096 0
endloop
endfacet
facet normal -0.7731527688541162 0.6342198325606144 0
outer loop
vertex 24.131470740006456 36.86850721021096 0
vertex 24.131470740006456 36.86850721021096 1.6000875539043973
vertex 24.33038524936009 37.11099616400337 1.6000875539043973
endloop
endfacet
facet normal -0.7731527688541162 0.6342198325606144 0
outer loop
vertex 24.131470740006456 36.86850721021096 0
vertex 24.33038524936009 37.11099616400337 1.6000875539043973
vertex 24.33038524936009 37.11099616400337 0
endloop
endfacet
facet normal -0.8822030753156737 0.47086912608873394 0
outer loop
vertex 24.33038524936009 37.11099616400337 0
vertex 24.33038524936009 37.11099616400337 1.6000875539043973
vertex 24.478085638951264 37.38772218128338 1.6000875539043973
endloop
endfacet
facet normal -0.8822030753156737 0.47086912608873394 0
outer loop
vertex 24.33038524936009 37.11099616400337 0
vertex 24.478085638951264 37.38772218128338 1.6000875539043973
vertex 24.478085638951264 37.38772218128338 0
endloop
endfacet
facet normal -0.9569029564191054 0.29040787178789673 0
outer loop
vertex 24.478085638951264 37.38772218128338 0
vertex 24.478085638951264 37.38772218128338 1.6000875539043973
vertex 24.569195840959615 37.68793312641027 1.6000875539043973
endloop
endfacet
facet normal -0.9569029564191054 0.29040787178789673 0
outer loop
vertex 24.478085638951264 37.38772218128338 0
vertex 24.569195840959615 37.68793312641027 1.6000875539043973
vertex 24.569195840959615 37.68793312641027 0
endloop
endfacet
facet normal -0.995152640354749 0.0983423733442083 0
outer loop
vertex 24.569195840959615 37.68793312641027 0
vertex 24.569195840959615 37.68793312641027 1.6000875539043973
vertex 24.600037493192254 38.000028010929555 1.6000875539043973
endloop
endfacet
facet normal -0.995152640354749 0.0983423733442083 0
outer loop
vertex 24.569195840959615 37.68793312641027 0
vertex 24.600037493192254 38.000028010929555 1.6000875539043973
vertex 24.600037493192254 38.000028010929555 0
endloop
endfacet
endsolid JSCAD
