solid JSCAD
facet normal 0.9951890927505955 0.09797280066552262 0
outer loop
vertex 3.599963333333333 -7.49997 2.4000126666666666
vertex 3.599963333333333 -7.49997 -1.1989486666666667
vertex 3.5308253333333335 -6.797679333333333 -1.129922
endloop
endfacet
facet normal 0.9951890927505956 0.09797280066552261 0
outer loop
vertex 3.599963333333333 -7.49997 2.4000126666666666
vertex 3.5308253333333335 -6.797679333333333 -1.129922
vertex 3.5308253333333335 -6.797679333333333 2.4000126666666666
endloop
endfacet
facet normal 0.9569447609002659 0.29027008903008417 0
outer loop
vertex 3.5308253333333335 -6.797679333333333 2.4000126666666666
vertex 3.5308253333333335 -6.797679333333333 -1.129922
vertex 3.325972 -6.122331333333333 -0.92518
endloop
endfacet
facet normal 0.956944760900266 0.2902700890300841 0
outer loop
vertex 3.5308253333333335 -6.797679333333333 2.4000126666666666
vertex 3.325972 -6.122331333333333 -0.92518
vertex 3.325972 -6.122331333333333 2.4000126666666666
endloop
endfacet
facet normal 0.8819158367889751 0.47140689093478677 0
outer loop
vertex 3.325972 -6.122331333333333 2.4000126666666666
vertex 3.325972 -6.122331333333333 -0.92518
vertex 2.993308 -5.499978 -0.59285
endloop
endfacet
facet normal 0.881915836788975 0.47140689093478677 0
outer loop
vertex 3.325972 -6.122331333333333 2.4000126666666666
vertex 2.993308 -5.499978 -0.59285
vertex 2.993308 -5.499978 2.4000126666666666
endloop
endfacet
facet normal 0.7730362698800495 0.6343618245198879 0.00003227596893493107
outer loop
vertex 2.7216546666666668 -5.168872666666667 1.0769273333333333
vertex 2.706068 -5.149946 2.4000126666666666
vertex 2.993308 -5.499978 2.4000126666666666
endloop
endfacet
facet normal 0.7730995183158796 0.6342847426666945 0
outer loop
vertex 2.7216546666666668 -5.168872666666667 1.0769273333333333
vertex 2.993308 -5.499978 2.4000126666666666
vertex 2.993308 -5.499978 -0.59285
endloop
endfacet
facet normal 0.7730232839346413 0.6343776489952294 -0.00003082513076974229
outer loop
vertex 2.7216546666666668 -5.168872666666667 1.0769273333333333
vertex 2.993308 -5.499978 -0.59285
vertex 2.5456366666666668 -4.954444666666666 -0.14551266666666668
endloop
endfacet
facet normal 0.7729371097651916 0.6344826430627022 0
outer loop
vertex 2.7216546666666668 -5.168872666666667 1.0769273333333333
vertex 2.5456366666666668 -4.954444666666666 -0.14551266666666668
vertex 2.5456366666666668 -4.954444666666666 0
endloop
endfacet
facet normal 0.7729371097651916 0.634482643062702 0
outer loop
vertex 2.7216546666666668 -5.168872666666667 1.0769273333333333
vertex 2.5456366666666668 -4.954444666666666 0
vertex 2.5456366666666668 -4.954444666666666 2.4000126666666666
endloop
endfacet
facet normal 0.7730346219437512 0.6343638326998545 0.00003222782843711192
outer loop
vertex 2.7216546666666668 -5.168872666666667 1.0769273333333333
vertex 2.5456366666666668 -4.954444666666666 2.4000126666666666
vertex 2.706068 -5.149946 2.4000126666666666
endloop
endfacet
facet normal 0.6342350870811165 0.7731402552675734 0
outer loop
vertex 2.5456366666666668 -4.954444666666666 -0.14551266666666668
vertex 2.4000126666666666 -4.834984 0
vertex 2.5456366666666668 -4.954444666666666 0
endloop
endfacet
facet normal 0.6344568066680177 0.7729583174224997 0
outer loop
vertex 2.000103333333333 -4.506662 0
vertex 2.000103333333333 -4.506662 2.4000126666666666
vertex 2.5456366666666668 -4.954444666666666 2.4000126666666666
endloop
endfacet
facet normal 0.6344568066680177 0.7729583174224997 0
outer loop
vertex 2.000103333333333 -4.506662 0
vertex 2.5456366666666668 -4.954444666666666 2.4000126666666666
vertex 2.5456366666666668 -4.954444666666666 0
endloop
endfacet
facet normal 0.4713413086399416 0.8819508890916701 0
outer loop
vertex 1.3776386666666667 -4.173998 0
vertex 1.3776386666666667 -4.173998 2.4000126666666666
vertex 2.000103333333333 -4.506662 2.4000126666666666
endloop
endfacet
facet normal 0.4713413086399416 0.8819508890916701 0
outer loop
vertex 1.3776386666666667 -4.173998 0
vertex 2.000103333333333 -4.506662 2.4000126666666666
vertex 2.000103333333333 -4.506662 0
endloop
endfacet
facet normal 0.2902700890300839 0.9569447609002659 0
outer loop
vertex 0.7022906666666666 -3.9691446666666668 0
vertex 0.7022906666666666 -3.9691446666666668 2.4000126666666666
vertex 1.3776386666666667 -4.173998 2.4000126666666666
endloop
endfacet
facet normal 0.2902700890300839 0.9569447609002659 0
outer loop
vertex 0.7022906666666666 -3.9691446666666668 0
vertex 1.3776386666666667 -4.173998 2.4000126666666666
vertex 1.3776386666666667 -4.173998 0
endloop
endfacet
facet normal 0.09797280066552334 0.9951890927505957 0
outer loop
vertex 0 -3.9000066666666666 0
vertex 0 -3.9000066666666666 2.4000126666666666
vertex 0.7022906666666666 -3.9691446666666668 2.4000126666666666
endloop
endfacet
facet normal 0.09797280066552334 0.9951890927505957 0
outer loop
vertex 0 -3.9000066666666666 0
vertex 0.7022906666666666 -3.9691446666666668 2.4000126666666666
vertex 0.7022906666666666 -3.9691446666666668 0
endloop
endfacet
facet normal -0.09797280066552334 0.9951890927505957 0
outer loop
vertex -0.7022906666666666 -3.9691446666666668 0
vertex -0.7022906666666666 -3.9691446666666668 2.4000126666666666
vertex 0 -3.9000066666666666 2.4000126666666666
endloop
endfacet
facet normal -0.09797280066552334 0.9951890927505957 0
outer loop
vertex -0.7022906666666666 -3.9691446666666668 0
vertex 0 -3.9000066666666666 2.4000126666666666
vertex 0 -3.9000066666666666 0
endloop
endfacet
facet normal -0.2902700890300839 0.9569447609002659 0
outer loop
vertex -0.7022906666666666 -3.9691446666666668 2.4000126666666666
vertex -0.7022906666666666 -3.9691446666666668 0
vertex -1.3776386666666667 -4.173998 0
endloop
endfacet
facet normal -0.2902700890300839 0.9569447609002659 0
outer loop
vertex -0.7022906666666666 -3.9691446666666668 2.4000126666666666
vertex -1.3776386666666667 -4.173998 0
vertex -1.3776386666666667 -4.173998 2.4000126666666666
endloop
endfacet
facet normal -0.4713413086399416 0.8819508890916701 0
outer loop
vertex -1.3776386666666667 -4.173998 2.4000126666666666
vertex -1.3776386666666667 -4.173998 0
vertex -2.000103333333333 -4.506662 0
endloop
endfacet
facet normal -0.4713413086399416 0.8819508890916701 0
outer loop
vertex -1.3776386666666667 -4.173998 2.4000126666666666
vertex -2.000103333333333 -4.506662 0
vertex -2.000103333333333 -4.506662 2.4000126666666666
endloop
endfacet
facet normal -0.6342350870811165 0.7731402552675734 0
outer loop
vertex -2.5456366666666668 -4.954444666666666 -0.14551266666666668
vertex -2.5456366666666668 -4.954444666666666 0
vertex -2.4000126666666666 -4.834984 0
endloop
endfacet
facet normal -0.6344568066680177 0.7729583174224997 0
outer loop
vertex -2.5456366666666668 -4.954444666666666 0
vertex -2.5456366666666668 -4.954444666666666 2.4000126666666666
vertex -2.000103333333333 -4.506662 2.4000126666666666
endloop
endfacet
facet normal -0.6344568066680177 0.7729583174224997 0
outer loop
vertex -2.5456366666666668 -4.954444666666666 0
vertex -2.000103333333333 -4.506662 2.4000126666666666
vertex -2.000103333333333 -4.506662 0
endloop
endfacet
facet normal -0.7729720519296127 0.6344400735575616 0
outer loop
vertex -2.7215433333333334 -5.168872666666667 1.0769273333333333
vertex -2.993308 -5.499978 -0.59285
vertex -2.993308 -5.499978 2.4000126666666666
endloop
endfacet
facet normal -0.7730362698675649 0.634361824509643 -0.000032772522303194866
outer loop
vertex -2.7215433333333334 -5.168872666666667 1.0769273333333333
vertex -2.993308 -5.499978 2.4000126666666666
vertex -2.706068 -5.149946 2.4000126666666666
endloop
endfacet
facet normal -0.7730346219288493 0.6343638326876259 -0.00003282052413242402
outer loop
vertex -2.7215433333333334 -5.168872666666667 1.0769273333333333
vertex -2.706068 -5.149946 2.4000126666666666
vertex -2.5456366666666668 -4.954444666666666 2.4000126666666666
endloop
endfacet
facet normal -0.7731339347711738 0.6342427917645121 0
outer loop
vertex -2.7215433333333334 -5.168872666666667 1.0769273333333333
vertex -2.5456366666666668 -4.954444666666666 2.4000126666666666
vertex -2.5456366666666668 -4.954444666666666 0
endloop
endfacet
facet normal -0.7731339347711739 0.6342427917645121 0
outer loop
vertex -2.7215433333333334 -5.168872666666667 1.0769273333333333
vertex -2.5456366666666668 -4.954444666666666 0
vertex -2.5456366666666668 -4.954444666666666 -0.14551266666666668
endloop
endfacet
facet normal -0.7730480344572178 0.6343474879573245 0.000030725625082608024
outer loop
vertex -2.7215433333333334 -5.168872666666667 1.0769273333333333
vertex -2.5456366666666668 -4.954444666666666 -0.14551266666666668
vertex -2.993308 -5.499978 -0.59285
endloop
endfacet
facet normal -0.8819158367889751 0.47140689093478677 0
outer loop
vertex -3.325972 -6.122331333333333 -0.92518
vertex -3.325972 -6.122331333333333 2.4000126666666666
vertex -2.993308 -5.499978 2.4000126666666666
endloop
endfacet
facet normal -0.881915836788975 0.4714068909347867 0
outer loop
vertex -3.325972 -6.122331333333333 -0.92518
vertex -2.993308 -5.499978 2.4000126666666666
vertex -2.993308 -5.499978 -0.59285
endloop
endfacet
facet normal -0.9569447609002659 0.29027008903008417 0
outer loop
vertex -3.5308253333333335 -6.797679333333333 -1.129922
vertex -3.5308253333333335 -6.797679333333333 2.4000126666666666
vertex -3.325972 -6.122331333333333 2.4000126666666666
endloop
endfacet
facet normal -0.9569447609002659 0.29027008903008417 0
outer loop
vertex -3.5308253333333335 -6.797679333333333 -1.129922
vertex -3.325972 -6.122331333333333 2.4000126666666666
vertex -3.325972 -6.122331333333333 -0.92518
endloop
endfacet
facet normal -0.9951890927505955 0.09797280066552262 0
outer loop
vertex -3.599963333333333 -7.49997 -1.1989486666666667
vertex -3.599963333333333 -7.49997 2.4000126666666666
vertex -3.5308253333333335 -6.797679333333333 2.4000126666666666
endloop
endfacet
facet normal -0.9951890927505956 0.09797280066552262 0
outer loop
vertex -3.599963333333333 -7.49997 -1.1989486666666667
vertex -3.5308253333333335 -6.797679333333333 2.4000126666666666
vertex -3.5308253333333335 -6.797679333333333 -1.129922
endloop
endfacet
facet normal -0.995190606739517 -0.097957420634845 0
outer loop
vertex -3.599963333333333 -7.49997 -1.1989486666666667
vertex -3.5308253333333335 -8.202372 -1.129922
vertex -3.5308253333333335 -8.202372 2.4000126666666666
endloop
endfacet
facet normal -0.9951906067395171 -0.09795742063484503 0
outer loop
vertex -3.599963333333333 -7.49997 -1.1989486666666667
vertex -3.5308253333333335 -8.202372 2.4000126666666666
vertex -3.599963333333333 -7.49997 2.4000126666666666
endloop
endfacet
facet normal -0.9569314659294799 -0.29031391546747615 0
outer loop
vertex -3.5308253333333335 -8.202372 -1.129922
vertex -3.325972 -8.877608666666667 -0.92518
vertex -3.325972 -8.877608666666667 2.4000126666666666
endloop
endfacet
facet normal -0.9569314659294796 -0.2903139154674761 0
outer loop
vertex -3.5308253333333335 -8.202372 -1.129922
vertex -3.325972 -8.877608666666667 2.4000126666666666
vertex -3.5308253333333335 -8.202372 2.4000126666666666
endloop
endfacet
facet normal -0.8819508890916699 -0.471341308639942 0
outer loop
vertex -3.325972 -8.877608666666667 -0.92518
vertex -2.993308 -9.500073333333333 -0.59285
vertex -2.993308 -9.500073333333333 2.4000126666666666
endloop
endfacet
facet normal -0.8819508890916699 -0.471341308639942 0
outer loop
vertex -3.325972 -8.877608666666667 -0.92518
vertex -2.993308 -9.500073333333333 2.4000126666666666
vertex -3.325972 -8.877608666666667 2.4000126666666666
endloop
endfacet
facet normal -0.7730356797155027 -0.6343625445175581 0
outer loop
vertex -2.993308 -9.500073333333333 -0.59285
vertex -2.5456366666666668 -10.045606666666666 -0.14551266666666668
vertex -2.5456366666666668 -10.045606666666666 2.4000126666666666
endloop
endfacet
facet normal -0.7730356797155026 -0.6343625445175581 0
outer loop
vertex -2.993308 -9.500073333333333 -0.59285
vertex -2.5456366666666668 -10.045606666666666 2.4000126666666666
vertex -2.993308 -9.500073333333333 2.4000126666666666
endloop
endfacet
facet normal -0.6343625445175586 -0.7730356797155022 0
outer loop
vertex -2.000103333333333 -10.493278 -0.59285
vertex -2.000103333333333 -10.493278 2.4000126666666666
vertex -2.5456366666666668 -10.045606666666666 2.4000126666666666
endloop
endfacet
facet normal -0.6343625445175586 -0.7730356797155022 0
outer loop
vertex -2.000103333333333 -10.493278 -0.59285
vertex -2.5456366666666668 -10.045606666666666 2.4000126666666666
vertex -2.5456366666666668 -10.045606666666666 -0.14551266666666668
endloop
endfacet
facet normal -0.4713413086399406 -0.8819508890916706 0
outer loop
vertex -1.3776386666666667 -10.825942 -0.92518
vertex -1.3776386666666667 -10.825942 2.4000126666666666
vertex -2.000103333333333 -10.493278 2.4000126666666666
endloop
endfacet
facet normal -0.47134130863994056 -0.8819508890916705 0
outer loop
vertex -1.3776386666666667 -10.825942 -0.92518
vertex -2.000103333333333 -10.493278 2.4000126666666666
vertex -2.000103333333333 -10.493278 -0.59285
endloop
endfacet
facet normal -0.29027008903008505 -0.9569447609002656 0
outer loop
vertex -0.7022906666666666 -11.030795333333334 -1.129922
vertex -0.7022906666666666 -11.030795333333334 2.4000126666666666
vertex -1.3776386666666667 -10.825942 2.4000126666666666
endloop
endfacet
facet normal -0.29027008903008505 -0.9569447609002656 0
outer loop
vertex -0.7022906666666666 -11.030795333333334 -1.129922
vertex -1.3776386666666667 -10.825942 2.4000126666666666
vertex -1.3776386666666667 -10.825942 -0.92518
endloop
endfacet
facet normal -0.09812904888009828 -0.9951736982888401 0
outer loop
vertex 0 -11.100044666666667 -1.1989486666666667
vertex 0 -11.100044666666667 2.4000126666666666
vertex -0.7022906666666666 -11.030795333333334 2.4000126666666666
endloop
endfacet
facet normal -0.09812904888009827 -0.99517369828884 0
outer loop
vertex 0 -11.100044666666667 -1.1989486666666667
vertex -0.7022906666666666 -11.030795333333334 2.4000126666666666
vertex -0.7022906666666666 -11.030795333333334 -1.129922
endloop
endfacet
facet normal 0.09812904888009827 -0.99517369828884 0
outer loop
vertex 0 -11.100044666666667 -1.1989486666666667
vertex 0.7022906666666666 -11.030795333333334 -1.129922
vertex 0.7022906666666666 -11.030795333333334 2.4000126666666666
endloop
endfacet
facet normal 0.09812904888009828 -0.9951736982888401 0
outer loop
vertex 0 -11.100044666666667 -1.1989486666666667
vertex 0.7022906666666666 -11.030795333333334 2.4000126666666666
vertex 0 -11.100044666666667 2.4000126666666666
endloop
endfacet
facet normal 0.29027008903008505 -0.9569447609002656 0
outer loop
vertex 0.7022906666666666 -11.030795333333334 -1.129922
vertex 1.3776386666666667 -10.825942 -0.92518
vertex 1.3776386666666667 -10.825942 2.4000126666666666
endloop
endfacet
facet normal 0.29027008903008505 -0.9569447609002656 0
outer loop
vertex 0.7022906666666666 -11.030795333333334 -1.129922
vertex 1.3776386666666667 -10.825942 2.4000126666666666
vertex 0.7022906666666666 -11.030795333333334 2.4000126666666666
endloop
endfacet
facet normal 0.47134130863994056 -0.8819508890916705 0
outer loop
vertex 1.3776386666666667 -10.825942 -0.92518
vertex 2.000103333333333 -10.493278 -0.59285
vertex 2.000103333333333 -10.493278 2.4000126666666666
endloop
endfacet
facet normal 0.4713413086399406 -0.8819508890916706 0
outer loop
vertex 1.3776386666666667 -10.825942 -0.92518
vertex 2.000103333333333 -10.493278 2.4000126666666666
vertex 1.3776386666666667 -10.825942 2.4000126666666666
endloop
endfacet
facet normal 0.6343625445175586 -0.7730356797155022 0
outer loop
vertex 2.000103333333333 -10.493278 -0.59285
vertex 2.5456366666666668 -10.045606666666666 -0.14551266666666668
vertex 2.5456366666666668 -10.045606666666666 2.4000126666666666
endloop
endfacet
facet normal 0.6343625445175586 -0.7730356797155022 0
outer loop
vertex 2.000103333333333 -10.493278 -0.59285
vertex 2.5456366666666668 -10.045606666666666 2.4000126666666666
vertex 2.000103333333333 -10.493278 2.4000126666666666
endloop
endfacet
facet normal 0.7730356797155027 -0.6343625445175581 0
outer loop
vertex 2.5456366666666668 -10.045606666666666 2.4000126666666666
vertex 2.5456366666666668 -10.045606666666666 -0.14551266666666668
vertex 2.993308 -9.500073333333333 -0.59285
endloop
endfacet
facet normal 0.7730356797155026 -0.6343625445175581 0
outer loop
vertex 2.5456366666666668 -10.045606666666666 2.4000126666666666
vertex 2.993308 -9.500073333333333 -0.59285
vertex 2.993308 -9.500073333333333 2.4000126666666666
endloop
endfacet
facet normal 0.8819508890916699 -0.47134130863994206 0
outer loop
vertex 2.993308 -9.500073333333333 2.4000126666666666
vertex 2.993308 -9.500073333333333 -0.59285
vertex 3.325972 -8.877608666666667 -0.92518
endloop
endfacet
facet normal 0.8819508890916699 -0.471341308639942 0
outer loop
vertex 2.993308 -9.500073333333333 2.4000126666666666
vertex 3.325972 -8.877608666666667 -0.92518
vertex 3.325972 -8.877608666666667 2.4000126666666666
endloop
endfacet
facet normal 0.9569314659294799 -0.2903139154674761 0
outer loop
vertex 3.325972 -8.877608666666667 2.4000126666666666
vertex 3.325972 -8.877608666666667 -0.92518
vertex 3.5308253333333335 -8.202372 -1.129922
endloop
endfacet
facet normal 0.9569314659294796 -0.2903139154674761 0
outer loop
vertex 3.325972 -8.877608666666667 2.4000126666666666
vertex 3.5308253333333335 -8.202372 -1.129922
vertex 3.5308253333333335 -8.202372 2.4000126666666666
endloop
endfacet
facet normal 0.9951906067395169 -0.09795742063484501 0
outer loop
vertex 3.5308253333333335 -8.202372 2.4000126666666666
vertex 3.5308253333333335 -8.202372 -1.129922
vertex 3.599963333333333 -7.49997 -1.1989486666666667
endloop
endfacet
facet normal 0.9951906067395171 -0.09795742063484503 0
outer loop
vertex 3.5308253333333335 -8.202372 2.4000126666666666
vertex 3.599963333333333 -7.49997 -1.1989486666666667
vertex 3.599963333333333 -7.49997 2.4000126666666666
endloop
endfacet
facet normal 0 1 0
outer loop
vertex 0 11.100044666666667 -1.271872
vertex -2.000103333333333 11.100044666666667 -1.1989486666666667
vertex -1.3776386666666667 11.100044666666667 -1.1989486666666667
endloop
endfacet
facet normal 0 1 0
outer loop
vertex 0 11.100044666666667 -1.271872
vertex -1.3776386666666667 11.100044666666667 -1.1989486666666667
vertex -0.7022906666666666 11.100044666666667 -1.1989486666666667
endloop
endfacet
facet normal 0 1 0
outer loop
vertex 0 11.100044666666667 -1.271872
vertex -0.7022906666666666 11.100044666666667 -1.1989486666666667
vertex 0 11.100044666666667 -1.1989486666666667
endloop
endfacet
facet normal 0 1 0
outer loop
vertex 0 11.100044666666667 -1.271872
vertex 0 11.100044666666667 -1.1989486666666667
vertex 0.7022906666666666 11.100044666666667 -1.1989486666666667
endloop
endfacet
facet normal 0 1 0
outer loop
vertex 0 11.100044666666667 -1.271872
vertex 0.7022906666666666 11.100044666666667 -1.1989486666666667
vertex 1.3776386666666667 11.100044666666667 -1.1989486666666667
endloop
endfacet
facet normal 0 1 0
outer loop
vertex 0 11.100044666666667 -1.271872
vertex 1.3776386666666667 11.100044666666667 -1.1989486666666667
vertex 2.000103333333333 11.100044666666667 -1.1989486666666667
endloop
endfacet
facet normal 0 1 0
outer loop
vertex 0 11.100044666666667 -1.271872
vertex 2.000103333333333 11.100044666666667 -1.1989486666666667
vertex 3.599963333333333 11.100044666666667 -1.1989486666666667
endloop
endfacet
facet normal 0 1 0
outer loop
vertex 0 11.100044666666667 -1.271872
vertex 3.599963333333333 11.100044666666667 -1.1989486666666667
vertex 3.599963333333333 11.100044666666667 -1.5999713333333334
endloop
endfacet
facet normal 0 1 0
outer loop
vertex 0 11.100044666666667 -1.271872
vertex 3.599963333333333 11.100044666666667 -1.5999713333333334
vertex -3.599963333333333 11.100044666666667 -1.5999713333333334
endloop
endfacet
facet normal 0 1 0
outer loop
vertex 0 11.100044666666667 -1.271872
vertex -3.599963333333333 11.100044666666667 -1.5999713333333334
vertex -3.599963333333333 11.100044666666667 -1.1989486666666667
endloop
endfacet
facet normal 0 1 0
outer loop
vertex 0 11.100044666666667 -1.271872
vertex -3.599963333333333 11.100044666666667 -1.1989486666666667
vertex -2.000103333333333 11.100044666666667 -1.1989486666666667
endloop
endfacet
facet normal -0.9999999999999999 0 0
outer loop
vertex -3.599963333333333 0 -1.46626
vertex -3.599963333333333 -11.100044666666667 -1.1989486666666667
vertex -3.599963333333333 -9.500073333333333 -1.1989486666666667
endloop
endfacet
facet normal -1 0 0
outer loop
vertex -3.599963333333333 0 -1.46626
vertex -3.599963333333333 -9.500073333333333 -1.1989486666666667
vertex -3.599963333333333 -8.877608666666667 -1.1989486666666667
endloop
endfacet
facet normal -1 0 0
outer loop
vertex -3.599963333333333 0 -1.46626
vertex -3.599963333333333 -8.877608666666667 -1.1989486666666667
vertex -3.599963333333333 -8.202372 -1.1989486666666667
endloop
endfacet
facet normal -1 0 0
outer loop
vertex -3.599963333333333 0 -1.46626
vertex -3.599963333333333 -8.202372 -1.1989486666666667
vertex -3.599963333333333 -7.49997 -1.1989486666666667
endloop
endfacet
facet normal -1 0 0
outer loop
vertex -3.599963333333333 0 -1.46626
vertex -3.599963333333333 -7.49997 -1.1989486666666667
vertex -3.599963333333333 -6.797679333333333 -1.1989486666666667
endloop
endfacet
facet normal -1 0 0
outer loop
vertex -3.599963333333333 0 -1.46626
vertex -3.599963333333333 -6.797679333333333 -1.1989486666666667
vertex -3.599963333333333 -6.122331333333333 -1.1989486666666667
endloop
endfacet
facet normal -1 0 0
outer loop
vertex -3.599963333333333 0 -1.46626
vertex -3.599963333333333 -6.122331333333333 -1.1989486666666667
vertex -3.599963333333333 -5.499978 -1.1989486666666667
endloop
endfacet
facet normal -1 0 0
outer loop
vertex -3.599963333333333 0 -1.46626
vertex -3.599963333333333 -5.499978 -1.1989486666666667
vertex -3.599963333333333 -4.954444666666666 -1.1989486666666667
endloop
endfacet
facet normal -1 0 0
outer loop
vertex -3.599963333333333 0 -1.46626
vertex -3.599963333333333 -4.954444666666666 -1.1989486666666667
vertex -3.599963333333333 4.954444666666666 -1.1989486666666667
endloop
endfacet
facet normal -1 0 0
outer loop
vertex -3.599963333333333 0 -1.46626
vertex -3.599963333333333 4.954444666666666 -1.1989486666666667
vertex -3.599963333333333 5.499978 -1.1989486666666667
endloop
endfacet
facet normal -1 0 0
outer loop
vertex -3.599963333333333 0 -1.46626
vertex -3.599963333333333 5.499978 -1.1989486666666667
vertex -3.599963333333333 6.122331333333333 -1.1989486666666667
endloop
endfacet
facet normal -1 0 0
outer loop
vertex -3.599963333333333 0 -1.46626
vertex -3.599963333333333 6.122331333333333 -1.1989486666666667
vertex -3.599963333333333 6.797679333333333 -1.1989486666666667
endloop
endfacet
facet normal -1 0 0
outer loop
vertex -3.599963333333333 0 -1.46626
vertex -3.599963333333333 6.797679333333333 -1.1989486666666667
vertex -3.599963333333333 7.49997 -1.1989486666666667
endloop
endfacet
facet normal -1 0 0
outer loop
vertex -3.599963333333333 0 -1.46626
vertex -3.599963333333333 7.49997 -1.1989486666666667
vertex -3.599963333333333 8.202372 -1.1989486666666667
endloop
endfacet
facet normal -1 0 0
outer loop
vertex -3.599963333333333 0 -1.46626
vertex -3.599963333333333 8.202372 -1.1989486666666667
vertex -3.599963333333333 8.877608666666667 -1.1989486666666667
endloop
endfacet
facet normal -1 0 0
outer loop
vertex -3.599963333333333 0 -1.46626
vertex -3.599963333333333 8.877608666666667 -1.1989486666666667
vertex -3.599963333333333 9.500073333333333 -1.1989486666666667
endloop
endfacet
facet normal -0.9999999999999999 0 0
outer loop
vertex -3.599963333333333 0 -1.46626
vertex -3.599963333333333 9.500073333333333 -1.1989486666666667
vertex -3.599963333333333 11.100044666666667 -1.1989486666666667
endloop
endfacet
facet normal -1 0 0
outer loop
vertex -3.599963333333333 0 -1.46626
vertex -3.599963333333333 11.100044666666667 -1.1989486666666667
vertex -3.599963333333333 11.100044666666667 -1.5999713333333334
endloop
endfacet
facet normal -1 0 0
outer loop
vertex -3.599963333333333 0 -1.46626
vertex -3.599963333333333 11.100044666666667 -1.5999713333333334
vertex -3.599963333333333 9.849994 -1.5999713333333334
endloop
endfacet
facet normal -1 0 0
outer loop
vertex -3.599963333333333 0 -1.46626
vertex -3.599963333333333 9.849994 -1.5999713333333334
vertex -3.599963333333333 9.804792666666666 -1.5999713333333334
endloop
endfacet
facet normal -1 0 0
outer loop
vertex -3.599963333333333 0 -1.46626
vertex -3.599963333333333 9.804792666666666 -1.5999713333333334
vertex -3.599963333333333 9.671081333333333 -1.5999713333333334
endloop
endfacet
facet normal -1 0 0
outer loop
vertex -3.599963333333333 0 -1.46626
vertex -3.599963333333333 9.671081333333333 -1.5999713333333334
vertex -3.599963333333333 9.453981333333333 -1.5999713333333334
endloop
endfacet
facet normal -1 0 0
outer loop
vertex -3.599963333333333 0 -1.46626
vertex -3.599963333333333 9.453981333333333 -1.5999713333333334
vertex -3.599963333333333 9.161731333333334 -1.5999713333333334
endloop
endfacet
facet normal -1 0 0
outer loop
vertex -3.599963333333333 0 -1.46626
vertex -3.599963333333333 9.161731333333334 -1.5999713333333334
vertex -3.599963333333333 8.805576 -1.5999713333333334
endloop
endfacet
facet normal -1 0 0
outer loop
vertex -3.599963333333333 0 -1.46626
vertex -3.599963333333333 8.805576 -1.5999713333333334
vertex -3.599963333333333 8.399320666666666 -1.5999713333333334
endloop
endfacet
facet normal -1 0 0
outer loop
vertex -3.599963333333333 0 -1.46626
vertex -3.599963333333333 8.399320666666666 -1.5999713333333334
vertex -3.599963333333333 7.958440666666666 -1.5999713333333334
endloop
endfacet
facet normal -1 0 0
outer loop
vertex -3.599963333333333 0 -1.46626
vertex -3.599963333333333 7.958440666666666 -1.5999713333333334
vertex -3.599963333333333 7.49997 -1.5999713333333334
endloop
endfacet
facet normal -1 0 0
outer loop
vertex -3.599963333333333 0 -1.46626
vertex -3.599963333333333 7.49997 -1.5999713333333334
vertex -3.599963333333333 7.041499333333333 -1.5999713333333334
endloop
endfacet
facet normal -1 0 0
outer loop
vertex -3.599963333333333 0 -1.46626
vertex -3.599963333333333 7.041499333333333 -1.5999713333333334
vertex -3.599963333333333 6.600730666666666 -1.5999713333333334
endloop
endfacet
facet normal -0.9999999999999999 0 0
outer loop
vertex -3.599963333333333 0 -1.46626
vertex -3.599963333333333 6.600730666666666 -1.5999713333333334
vertex -3.599963333333333 6.194364 -1.5999713333333334
endloop
endfacet
facet normal -0.9999999999999999 0 0
outer loop
vertex -3.599963333333333 0 -1.46626
vertex -3.599963333333333 6.194364 -1.5999713333333334
vertex -3.599963333333333 5.83832 -1.5999713333333334
endloop
endfacet
facet normal -1 0 0
outer loop
vertex -3.599963333333333 0 -1.46626
vertex -3.599963333333333 5.83832 -1.5999713333333334
vertex -3.599963333333333 5.54607 -1.5999713333333334
endloop
endfacet
facet normal -1 0 0
outer loop
vertex -3.599963333333333 0 -1.46626
vertex -3.599963333333333 5.54607 -1.5999713333333334
vertex -3.599963333333333 5.328858666666667 -1.5999713333333334
endloop
endfacet
facet normal -1 0 0
outer loop
vertex -3.599963333333333 0 -1.46626
vertex -3.599963333333333 5.328858666666667 -1.5999713333333334
vertex -3.599963333333333 5.195147333333334 -1.5999713333333334
endloop
endfacet
facet normal -1 0 0
outer loop
vertex -3.599963333333333 0 -1.46626
vertex -3.599963333333333 5.195147333333334 -1.5999713333333334
vertex -3.599963333333333 5.149946 -1.5999713333333334
endloop
endfacet
facet normal -1 0 0
outer loop
vertex -3.599963333333333 0 -1.46626
vertex -3.599963333333333 5.149946 -1.5999713333333334
vertex -3.599963333333333 -5.149946 -1.5999713333333334
endloop
endfacet
facet normal -1 0 0
outer loop
vertex -3.599963333333333 0 -1.46626
vertex -3.599963333333333 -5.149946 -1.5999713333333334
vertex -3.599963333333333 -5.195147333333334 -1.5999713333333334
endloop
endfacet
facet normal -1 0 0
outer loop
vertex -3.599963333333333 0 -1.46626
vertex -3.599963333333333 -5.195147333333334 -1.5999713333333334
vertex -3.599963333333333 -5.328858666666667 -1.5999713333333334
endloop
endfacet
facet normal -1 0 0
outer loop
vertex -3.599963333333333 0 -1.46626
vertex -3.599963333333333 -5.328858666666667 -1.5999713333333334
vertex -3.599963333333333 -5.54607 -1.5999713333333334
endloop
endfacet
facet normal -1 0 0
outer loop
vertex -3.599963333333333 0 -1.46626
vertex -3.599963333333333 -5.54607 -1.5999713333333334
vertex -3.599963333333333 -5.83832 -1.5999713333333334
endloop
endfacet
facet normal -0.9999999999999999 0 0
outer loop
vertex -3.599963333333333 0 -1.46626
vertex -3.599963333333333 -5.83832 -1.5999713333333334
vertex -3.599963333333333 -6.194364 -1.5999713333333334
endloop
endfacet
facet normal -0.9999999999999999 0 0
outer loop
vertex -3.599963333333333 0 -1.46626
vertex -3.599963333333333 -6.194364 -1.5999713333333334
vertex -3.599963333333333 -6.600730666666666 -1.5999713333333334
endloop
endfacet
facet normal -1 0 0
outer loop
vertex -3.599963333333333 0 -1.46626
vertex -3.599963333333333 -6.600730666666666 -1.5999713333333334
vertex -3.599963333333333 -7.041499333333333 -1.5999713333333334
endloop
endfacet
facet normal -1 0 0
outer loop
vertex -3.599963333333333 0 -1.46626
vertex -3.599963333333333 -7.041499333333333 -1.5999713333333334
vertex -3.599963333333333 -7.49997 -1.5999713333333334
endloop
endfacet
facet normal -1 0 0
outer loop
vertex -3.599963333333333 0 -1.46626
vertex -3.599963333333333 -7.49997 -1.5999713333333334
vertex -3.599963333333333 -7.958440666666666 -1.5999713333333334
endloop
endfacet
facet normal -1 0 0
outer loop
vertex -3.599963333333333 0 -1.46626
vertex -3.599963333333333 -7.958440666666666 -1.5999713333333334
vertex -3.599963333333333 -8.399320666666666 -1.5999713333333334
endloop
endfacet
facet normal -1 0 0
outer loop
vertex -3.599963333333333 0 -1.46626
vertex -3.599963333333333 -8.399320666666666 -1.5999713333333334
vertex -3.599963333333333 -8.805576 -1.5999713333333334
endloop
endfacet
facet normal -1 0 0
outer loop
vertex -3.599963333333333 0 -1.46626
vertex -3.599963333333333 -8.805576 -1.5999713333333334
vertex -3.599963333333333 -9.161731333333334 -1.5999713333333334
endloop
endfacet
facet normal -1 0 0
outer loop
vertex -3.599963333333333 0 -1.46626
vertex -3.599963333333333 -9.161731333333334 -1.5999713333333334
vertex -3.599963333333333 -9.453981333333333 -1.5999713333333334
endloop
endfacet
facet normal -1 0 0
outer loop
vertex -3.599963333333333 0 -1.46626
vertex -3.599963333333333 -9.453981333333333 -1.5999713333333334
vertex -3.599963333333333 -9.671081333333333 -1.5999713333333334
endloop
endfacet
facet normal -1 0 0
outer loop
vertex -3.599963333333333 0 -1.46626
vertex -3.599963333333333 -9.671081333333333 -1.5999713333333334
vertex -3.599963333333333 -9.804792666666666 -1.5999713333333334
endloop
endfacet
facet normal -1 0 0
outer loop
vertex -3.599963333333333 0 -1.46626
vertex -3.599963333333333 -9.804792666666666 -1.5999713333333334
vertex -3.599963333333333 -9.849994 -1.5999713333333334
endloop
endfacet
facet normal -1 0 0
outer loop
vertex -3.599963333333333 0 -1.46626
vertex -3.599963333333333 -9.849994 -1.5999713333333334
vertex -3.599963333333333 -11.100044666666667 -1.5999713333333334
endloop
endfacet
facet normal -1 0 0
outer loop
vertex -3.599963333333333 0 -1.46626
vertex -3.599963333333333 -11.100044666666667 -1.5999713333333334
vertex -3.599963333333333 -11.100044666666667 -1.1989486666666667
endloop
endfacet
facet normal 1 0 0
outer loop
vertex 3.599963333333333 0 -1.46626
vertex 3.599963333333333 -11.100044666666667 -1.5999713333333334
vertex 3.599963333333333 -9.849994 -1.5999713333333334
endloop
endfacet
facet normal 1 0 0
outer loop
vertex 3.599963333333333 0 -1.46626
vertex 3.599963333333333 -9.849994 -1.5999713333333334
vertex 3.599963333333333 -9.804792666666666 -1.5999713333333334
endloop
endfacet
facet normal 1 0 0
outer loop
vertex 3.599963333333333 0 -1.46626
vertex 3.599963333333333 -9.804792666666666 -1.5999713333333334
vertex 3.599963333333333 -9.671081333333333 -1.5999713333333334
endloop
endfacet
facet normal 1 0 0
outer loop
vertex 3.599963333333333 0 -1.46626
vertex 3.599963333333333 -9.671081333333333 -1.5999713333333334
vertex 3.599963333333333 -9.453981333333333 -1.5999713333333334
endloop
endfacet
facet normal 1 0 0
outer loop
vertex 3.599963333333333 0 -1.46626
vertex 3.599963333333333 -9.453981333333333 -1.5999713333333334
vertex 3.599963333333333 -9.161731333333334 -1.5999713333333334
endloop
endfacet
facet normal 1 0 0
outer loop
vertex 3.599963333333333 0 -1.46626
vertex 3.599963333333333 -9.161731333333334 -1.5999713333333334
vertex 3.599963333333333 -8.805576 -1.5999713333333334
endloop
endfacet
facet normal 1 0 0
outer loop
vertex 3.599963333333333 0 -1.46626
vertex 3.599963333333333 -8.805576 -1.5999713333333334
vertex 3.599963333333333 -8.399320666666666 -1.5999713333333334
endloop
endfacet
facet normal 1 0 0
outer loop
vertex 3.599963333333333 0 -1.46626
vertex 3.599963333333333 -8.399320666666666 -1.5999713333333334
vertex 3.599963333333333 -7.958440666666666 -1.5999713333333334
endloop
endfacet
facet normal 1 0 0
outer loop
vertex 3.599963333333333 0 -1.46626
vertex 3.599963333333333 -7.958440666666666 -1.5999713333333334
vertex 3.599963333333333 -7.49997 -1.5999713333333334
endloop
endfacet
facet normal 1 0 0
outer loop
vertex 3.599963333333333 0 -1.46626
vertex 3.599963333333333 -7.49997 -1.5999713333333334
vertex 3.599963333333333 -7.041499333333333 -1.5999713333333334
endloop
endfacet
facet normal 1 0 0
outer loop
vertex 3.599963333333333 0 -1.46626
vertex 3.599963333333333 -7.041499333333333 -1.5999713333333334
vertex 3.599963333333333 -6.600730666666666 -1.5999713333333334
endloop
endfacet
facet normal 0.9999999999999999 0 0
outer loop
vertex 3.599963333333333 0 -1.46626
vertex 3.599963333333333 -6.600730666666666 -1.5999713333333334
vertex 3.599963333333333 -6.194364 -1.5999713333333334
endloop
endfacet
facet normal 0.9999999999999999 0 0
outer loop
vertex 3.599963333333333 0 -1.46626
vertex 3.599963333333333 -6.194364 -1.5999713333333334
vertex 3.599963333333333 -5.83832 -1.5999713333333334
endloop
endfacet
facet normal 1 0 0
outer loop
vertex 3.599963333333333 0 -1.46626
vertex 3.599963333333333 -5.83832 -1.5999713333333334
vertex 3.599963333333333 -5.54607 -1.5999713333333334
endloop
endfacet
facet normal 1 0 0
outer loop
vertex 3.599963333333333 0 -1.46626
vertex 3.599963333333333 -5.54607 -1.5999713333333334
vertex 3.599963333333333 -5.328858666666667 -1.5999713333333334
endloop
endfacet
facet normal 1 0 0
outer loop
vertex 3.599963333333333 0 -1.46626
vertex 3.599963333333333 -5.328858666666667 -1.5999713333333334
vertex 3.599963333333333 -5.195147333333334 -1.5999713333333334
endloop
endfacet
facet normal 1 0 0
outer loop
vertex 3.599963333333333 0 -1.46626
vertex 3.599963333333333 -5.195147333333334 -1.5999713333333334
vertex 3.599963333333333 -5.149946 -1.5999713333333334
endloop
endfacet
facet normal 1 0 0
outer loop
vertex 3.599963333333333 0 -1.46626
vertex 3.599963333333333 -5.149946 -1.5999713333333334
vertex 3.599963333333333 5.149946 -1.5999713333333334
endloop
endfacet
facet normal 1 0 0
outer loop
vertex 3.599963333333333 0 -1.46626
vertex 3.599963333333333 5.149946 -1.5999713333333334
vertex 3.599963333333333 5.195147333333334 -1.5999713333333334
endloop
endfacet
facet normal 1 0 0
outer loop
vertex 3.599963333333333 0 -1.46626
vertex 3.599963333333333 5.195147333333334 -1.5999713333333334
vertex 3.599963333333333 5.328858666666667 -1.5999713333333334
endloop
endfacet
facet normal 1 0 0
outer loop
vertex 3.599963333333333 0 -1.46626
vertex 3.599963333333333 5.328858666666667 -1.5999713333333334
vertex 3.599963333333333 5.54607 -1.5999713333333334
endloop
endfacet
facet normal 1 0 0
outer loop
vertex 3.599963333333333 0 -1.46626
vertex 3.599963333333333 5.54607 -1.5999713333333334
vertex 3.599963333333333 5.83832 -1.5999713333333334
endloop
endfacet
facet normal 0.9999999999999999 0 0
outer loop
vertex 3.599963333333333 0 -1.46626
vertex 3.599963333333333 5.83832 -1.5999713333333334
vertex 3.599963333333333 6.194364 -1.5999713333333334
endloop
endfacet
facet normal 0.9999999999999999 0 0
outer loop
vertex 3.599963333333333 0 -1.46626
vertex 3.599963333333333 6.194364 -1.5999713333333334
vertex 3.599963333333333 6.600730666666666 -1.5999713333333334
endloop
endfacet
facet normal 1 0 0
outer loop
vertex 3.599963333333333 0 -1.46626
vertex 3.599963333333333 6.600730666666666 -1.5999713333333334
vertex 3.599963333333333 7.041499333333333 -1.5999713333333334
endloop
endfacet
facet normal 1 0 0
outer loop
vertex 3.599963333333333 0 -1.46626
vertex 3.599963333333333 7.041499333333333 -1.5999713333333334
vertex 3.599963333333333 7.49997 -1.5999713333333334
endloop
endfacet
facet normal 1 0 0
outer loop
vertex 3.599963333333333 0 -1.46626
vertex 3.599963333333333 7.49997 -1.5999713333333334
vertex 3.599963333333333 7.958440666666666 -1.5999713333333334
endloop
endfacet
facet normal 1 0 0
outer loop
vertex 3.599963333333333 0 -1.46626
vertex 3.599963333333333 7.958440666666666 -1.5999713333333334
vertex 3.599963333333333 8.399320666666666 -1.5999713333333334
endloop
endfacet
facet normal 1 0 0
outer loop
vertex 3.599963333333333 0 -1.46626
vertex 3.599963333333333 8.399320666666666 -1.5999713333333334
vertex 3.599963333333333 8.805576 -1.5999713333333334
endloop
endfacet
facet normal 1 0 0
outer loop
vertex 3.599963333333333 0 -1.46626
vertex 3.599963333333333 8.805576 -1.5999713333333334
vertex 3.599963333333333 9.161731333333334 -1.5999713333333334
endloop
endfacet
facet normal 1 0 0
outer loop
vertex 3.599963333333333 0 -1.46626
vertex 3.599963333333333 9.161731333333334 -1.5999713333333334
vertex 3.599963333333333 9.453981333333333 -1.5999713333333334
endloop
endfacet
facet normal 1 0 0
outer loop
vertex 3.599963333333333 0 -1.46626
vertex 3.599963333333333 9.453981333333333 -1.5999713333333334
vertex 3.599963333333333 9.671081333333333 -1.5999713333333334
endloop
endfacet
facet normal 1 0 0
outer loop
vertex 3.599963333333333 0 -1.46626
vertex 3.599963333333333 9.671081333333333 -1.5999713333333334
vertex 3.599963333333333 9.804792666666666 -1.5999713333333334
endloop
endfacet
facet normal 1 0 0
outer loop
vertex 3.599963333333333 0 -1.46626
vertex 3.599963333333333 9.804792666666666 -1.5999713333333334
vertex 3.599963333333333 9.849994 -1.5999713333333334
endloop
endfacet
facet normal 1 0 0
outer loop
vertex 3.599963333333333 0 -1.46626
vertex 3.599963333333333 9.849994 -1.5999713333333334
vertex 3.599963333333333 11.100044666666667 -1.5999713333333334
endloop
endfacet
facet normal 1 0 0
outer loop
vertex 3.599963333333333 0 -1.46626
vertex 3.599963333333333 11.100044666666667 -1.5999713333333334
vertex 3.599963333333333 11.100044666666667 -1.1989486666666667
endloop
endfacet
facet normal 0.9999999999999999 0 0
outer loop
vertex 3.599963333333333 0 -1.46626
vertex 3.599963333333333 11.100044666666667 -1.1989486666666667
vertex 3.599963333333333 9.500073333333333 -1.1989486666666667
endloop
endfacet
facet normal 1 0 0
outer loop
vertex 3.599963333333333 0 -1.46626
vertex 3.599963333333333 9.500073333333333 -1.1989486666666667
vertex 3.599963333333333 8.877608666666667 -1.1989486666666667
endloop
endfacet
facet normal 1 0 0
outer loop
vertex 3.599963333333333 0 -1.46626
vertex 3.599963333333333 8.877608666666667 -1.1989486666666667
vertex 3.599963333333333 8.202372 -1.1989486666666667
endloop
endfacet
facet normal 1 0 0
outer loop
vertex 3.599963333333333 0 -1.46626
vertex 3.599963333333333 8.202372 -1.1989486666666667
vertex 3.599963333333333 7.49997 -1.1989486666666667
endloop
endfacet
facet normal 1 0 0
outer loop
vertex 3.599963333333333 0 -1.46626
vertex 3.599963333333333 7.49997 -1.1989486666666667
vertex 3.599963333333333 6.797679333333333 -1.1989486666666667
endloop
endfacet
facet normal 1 0 0
outer loop
vertex 3.599963333333333 0 -1.46626
vertex 3.599963333333333 6.797679333333333 -1.1989486666666667
vertex 3.599963333333333 6.122331333333333 -1.1989486666666667
endloop
endfacet
facet normal 1 0 0
outer loop
vertex 3.599963333333333 0 -1.46626
vertex 3.599963333333333 6.122331333333333 -1.1989486666666667
vertex 3.599963333333333 5.499978 -1.1989486666666667
endloop
endfacet
facet normal 1 0 0
outer loop
vertex 3.599963333333333 0 -1.46626
vertex 3.599963333333333 5.499978 -1.1989486666666667
vertex 3.599963333333333 4.954444666666666 -1.1989486666666667
endloop
endfacet
facet normal 1 0 0
outer loop
vertex 3.599963333333333 0 -1.46626
vertex 3.599963333333333 4.954444666666666 -1.1989486666666667
vertex 3.599963333333333 -4.954444666666666 -1.1989486666666667
endloop
endfacet
facet normal 1 0 0
outer loop
vertex 3.599963333333333 0 -1.46626
vertex 3.599963333333333 -4.954444666666666 -1.1989486666666667
vertex 3.599963333333333 -5.499978 -1.1989486666666667
endloop
endfacet
facet normal 1 0 0
outer loop
vertex 3.599963333333333 0 -1.46626
vertex 3.599963333333333 -5.499978 -1.1989486666666667
vertex 3.599963333333333 -6.122331333333333 -1.1989486666666667
endloop
endfacet
facet normal 1 0 0
outer loop
vertex 3.599963333333333 0 -1.46626
vertex 3.599963333333333 -6.122331333333333 -1.1989486666666667
vertex 3.599963333333333 -6.797679333333333 -1.1989486666666667
endloop
endfacet
facet normal 1 0 0
outer loop
vertex 3.599963333333333 0 -1.46626
vertex 3.599963333333333 -6.797679333333333 -1.1989486666666667
vertex 3.599963333333333 -7.49997 -1.1989486666666667
endloop
endfacet
facet normal 1 0 0
outer loop
vertex 3.599963333333333 0 -1.46626
vertex 3.599963333333333 -7.49997 -1.1989486666666667
vertex 3.599963333333333 -8.202372 -1.1989486666666667
endloop
endfacet
facet normal 1 0 0
outer loop
vertex 3.599963333333333 0 -1.46626
vertex 3.599963333333333 -8.202372 -1.1989486666666667
vertex 3.599963333333333 -8.877608666666667 -1.1989486666666667
endloop
endfacet
facet normal 1 0 0
outer loop
vertex 3.599963333333333 0 -1.46626
vertex 3.599963333333333 -8.877608666666667 -1.1989486666666667
vertex 3.599963333333333 -9.500073333333333 -1.1989486666666667
endloop
endfacet
facet normal 0.9999999999999999 0 0
outer loop
vertex 3.599963333333333 0 -1.46626
vertex 3.599963333333333 -9.500073333333333 -1.1989486666666667
vertex 3.599963333333333 -11.100044666666667 -1.1989486666666667
endloop
endfacet
facet normal 1 0 0
outer loop
vertex 3.599963333333333 0 -1.46626
vertex 3.599963333333333 -11.100044666666667 -1.1989486666666667
vertex 3.599963333333333 -11.100044666666667 -1.5999713333333334
endloop
endfacet
facet normal 0 -1 0
outer loop
vertex 0 -11.100044666666667 -1.271872
vertex 2.000103333333333 -11.100044666666667 -1.1989486666666667
vertex 1.3776386666666667 -11.100044666666667 -1.1989486666666667
endloop
endfacet
facet normal 0 -1 0
outer loop
vertex 0 -11.100044666666667 -1.271872
vertex 1.3776386666666667 -11.100044666666667 -1.1989486666666667
vertex 0.7022906666666666 -11.100044666666667 -1.1989486666666667
endloop
endfacet
facet normal 0 -1 0
outer loop
vertex 0 -11.100044666666667 -1.271872
vertex 0.7022906666666666 -11.100044666666667 -1.1989486666666667
vertex 0 -11.100044666666667 -1.1989486666666667
endloop
endfacet
facet normal 0 -1 0
outer loop
vertex 0 -11.100044666666667 -1.271872
vertex 0 -11.100044666666667 -1.1989486666666667
vertex -0.7022906666666666 -11.100044666666667 -1.1989486666666667
endloop
endfacet
facet normal 0 -1 0
outer loop
vertex 0 -11.100044666666667 -1.271872
vertex -0.7022906666666666 -11.100044666666667 -1.1989486666666667
vertex -1.3776386666666667 -11.100044666666667 -1.1989486666666667
endloop
endfacet
facet normal 0 -1 0
outer loop
vertex 0 -11.100044666666667 -1.271872
vertex -1.3776386666666667 -11.100044666666667 -1.1989486666666667
vertex -2.000103333333333 -11.100044666666667 -1.1989486666666667
endloop
endfacet
facet normal 0 -1 0
outer loop
vertex 0 -11.100044666666667 -1.271872
vertex -2.000103333333333 -11.100044666666667 -1.1989486666666667
vertex -3.599963333333333 -11.100044666666667 -1.1989486666666667
endloop
endfacet
facet normal 0 -1 0
outer loop
vertex 0 -11.100044666666667 -1.271872
vertex -3.599963333333333 -11.100044666666667 -1.1989486666666667
vertex -3.599963333333333 -11.100044666666667 -1.5999713333333334
endloop
endfacet
facet normal 0 -1 0
outer loop
vertex 0 -11.100044666666667 -1.271872
vertex -3.599963333333333 -11.100044666666667 -1.5999713333333334
vertex 3.599963333333333 -11.100044666666667 -1.5999713333333334
endloop
endfacet
facet normal 0 -1 0
outer loop
vertex 0 -11.100044666666667 -1.271872
vertex 3.599963333333333 -11.100044666666667 -1.5999713333333334
vertex 3.599963333333333 -11.100044666666667 -1.1989486666666667
endloop
endfacet
facet normal 0 -1 0
outer loop
vertex 0 -11.100044666666667 -1.271872
vertex 3.599963333333333 -11.100044666666667 -1.1989486666666667
vertex 2.000103333333333 -11.100044666666667 -1.1989486666666667
endloop
endfacet
facet normal 0 0.7067172265339154 0.7074961213464075
outer loop
vertex 3.599963333333333 11.100044666666667 -1.1989486666666667
vertex 2.000103333333333 11.100044666666667 -1.1989486666666667
vertex 2.000103333333333 10.493278 -0.59285
endloop
endfacet
facet normal -0.00006510868302168213 0.7068031503162507 0.7074102787377935
outer loop
vertex 3.599963333333333 11.100044666666667 -1.1989486666666667
vertex 2.000103333333333 10.493278 -0.59285
vertex 2.5456366666666668 10.045606666666666 -0.14551266666666668
endloop
endfacet
facet normal 0 0.7066755748134989 0.7075377247624404
outer loop
vertex 2.000103333333333 11.100044666666667 -1.1989486666666667
vertex 1.3776386666666667 11.100044666666667 -1.1989486666666667
vertex 1.3776386666666667 10.825942 -0.92518
endloop
endfacet
facet normal -0.00003663912279614714 0.7067172260595578 0.7074961208715269
outer loop
vertex 2.000103333333333 11.100044666666667 -1.1989486666666667
vertex 1.3776386666666667 10.825942 -0.92518
vertex 2.000103333333333 10.493278 -0.59285
endloop
endfacet
facet normal 0 0.7059672076077728 0.7082445211807037
outer loop
vertex 1.3776386666666667 11.100044666666667 -1.1989486666666667
vertex 0.7022906666666666 11.100044666666667 -1.1989486666666667
vertex 0.7022906666666666 11.030795333333334 -1.129922
endloop
endfacet
facet normal -0.00014487605869801016 0.7066755673972667 0.7075377173371602
outer loop
vertex 1.3776386666666667 11.100044666666667 -1.1989486666666667
vertex 0.7022906666666666 11.030795333333334 -1.129922
vertex 1.3776386666666667 10.825942 -0.92518
endloop
endfacet
facet normal 0 0.7059672076077725 0.7082445211807035
outer loop
vertex 0.7022906666666666 11.100044666666667 -1.1989486666666667
vertex 0 11.100044666666667 -1.1989486666666667
vertex 0.7022906666666666 11.030795333333334 -1.129922
endloop
endfacet
facet normal 0 0.7059672076077725 0.7082445211807035
outer loop
vertex 0 11.100044666666667 -1.1989486666666667
vertex -0.7022906666666666 11.100044666666667 -1.1989486666666667
vertex -0.7022906666666666 11.030795333333334 -1.129922
endloop
endfacet
facet normal 0 0.706675574813499 0.7075377247624405
outer loop
vertex -0.7022906666666666 11.100044666666667 -1.1989486666666667
vertex -1.3776386666666667 11.100044666666667 -1.1989486666666667
vertex -1.3776386666666667 10.825942 -0.92518
endloop
endfacet
facet normal 0.0005740210813295944 0.7059670912995943 0.7082444044973376
outer loop
vertex -0.7022906666666666 11.100044666666667 -1.1989486666666667
vertex -1.3776386666666667 10.825942 -0.92518
vertex -0.7022906666666666 11.030795333333334 -1.129922
endloop
endfacet
facet normal 0 0.7067172265339154 0.7074961213464074
outer loop
vertex -1.3776386666666667 11.100044666666667 -1.1989486666666667
vertex -2.000103333333333 11.100044666666667 -1.1989486666666667
vertex -2.000103333333333 10.493278 -0.59285
endloop
endfacet
facet normal 0.0000811108695514642 0.7066755724888992 0.7075377224350047
outer loop
vertex -1.3776386666666667 11.100044666666667 -1.1989486666666667
vertex -2.000103333333333 10.493278 -0.59285
vertex -1.3776386666666667 10.825942 -0.92518
endloop
endfacet
facet normal 0 0.706770570712814 0.7074428318770944
outer loop
vertex -2.000103333333333 11.100044666666667 -1.1989486666666667
vertex -3.599963333333333 11.100044666666667 -1.1989486666666667
vertex -2.5456366666666668 10.045606666666666 -0.14551266666666668
endloop
endfacet
facet normal 0.00020600972562586443 0.7067172115373733 0.7074961063333373
outer loop
vertex -2.000103333333333 11.100044666666667 -1.1989486666666667
vertex -2.5456366666666668 10.045606666666666 -0.14551266666666668
vertex -2.000103333333333 10.493278 -0.59285
endloop
endfacet
facet normal -0.7067821373825705 0 0.7074312760098505
outer loop
vertex -3.599963333333333 11.100044666666667 -1.1989486666666667
vertex -3.599963333333333 9.500073333333333 -1.1989486666666667
vertex -2.993308 9.500073333333333 -0.59285
endloop
endfacet
facet normal -0.706823666592429 -0.00003146526323438027 0.7073897817715292
outer loop
vertex -3.599963333333333 11.100044666666667 -1.1989486666666667
vertex -2.993308 9.500073333333333 -0.59285
vertex -2.5456366666666668 10.045606666666666 -0.14551266666666668
endloop
endfacet
facet normal -0.7068192810062081 0 0.7073941645206492
outer loop
vertex -3.599963333333333 9.500073333333333 -1.1989486666666667
vertex -3.599963333333333 8.877608666666667 -1.1989486666666667
vertex -3.325972 8.877608666666667 -0.92518
endloop
endfacet
facet normal -0.7067821370053462 0.000032671724131828806 0.7074312756322797
outer loop
vertex -3.599963333333333 9.500073333333333 -1.1989486666666667
vertex -3.325972 8.877608666666667 -0.92518
vertex -2.993308 9.500073333333333 -0.59285
endloop
endfacet
facet normal -0.706536763905784 0 0.7076763393314365
outer loop
vertex -3.599963333333333 8.877608666666667 -1.1989486666666667
vertex -3.599963333333333 8.202372 -1.1989486666666667
vertex -3.5308253333333335 8.202372 -1.129922
endloop
endfacet
facet normal -0.7068192798266375 -0.000057772712525425247 0.7073941633401191
outer loop
vertex -3.599963333333333 8.877608666666667 -1.1989486666666667
vertex -3.5308253333333335 8.202372 -1.129922
vertex -3.325972 8.877608666666667 -0.92518
endloop
endfacet
facet normal -0.706536763905784 0 0.7076763393314365
outer loop
vertex -3.599963333333333 8.202372 -1.1989486666666667
vertex -3.599963333333333 7.49997 -1.1989486666666667
vertex -3.5308253333333335 8.202372 -1.129922
endloop
endfacet
facet normal -0.7065367639057839 0 0.7076763393314364
outer loop
vertex -3.599963333333333 7.49997 -1.1989486666666667
vertex -3.599963333333333 6.797679333333333 -1.1989486666666667
vertex -3.5308253333333335 6.797679333333333 -1.129922
endloop
endfacet
facet normal -0.7068192810062081 0 0.7073941645206491
outer loop
vertex -3.599963333333333 6.797679333333333 -1.1989486666666667
vertex -3.599963333333333 6.122331333333333 -1.1989486666666667
vertex -3.325972 6.122331333333333 -0.92518
endloop
endfacet
facet normal -0.7065367453792788 0.00022900468306034105 0.7076763207750498
outer loop
vertex -3.599963333333333 6.797679333333333 -1.1989486666666667
vertex -3.325972 6.122331333333333 -0.92518
vertex -3.5308253333333335 6.797679333333333 -1.129922
endloop
endfacet
facet normal -0.7067821373825706 0 0.7074312760098507
outer loop
vertex -3.599963333333333 6.122331333333333 -1.1989486666666667
vertex -3.599963333333333 5.499978 -1.1989486666666667
vertex -2.993308 5.499978 -0.59285
endloop
endfacet
facet normal -0.7068192791563317 -0.00007234893584179163 0.7073941626692681
outer loop
vertex -3.599963333333333 6.122331333333333 -1.1989486666666667
vertex -2.993308 5.499978 -0.59285
vertex -3.325972 6.122331333333333 -0.92518
endloop
endfacet
facet normal -0.7068079195270026 0 0.7074055165843071
outer loop
vertex -3.599963333333333 5.499978 -1.1989486666666667
vertex -3.599963333333333 4.954444666666666 -1.1989486666666667
vertex -2.5456366666666668 4.954444666666666 -0.14551266666666668
endloop
endfacet
facet normal -0.7067821338789919 0.00009956991629526596 0.7074312725030542
outer loop
vertex -3.599963333333333 5.499978 -1.1989486666666667
vertex -2.5456366666666668 4.954444666666666 -0.14551266666666668
vertex -2.993308 5.499978 -0.59285
endloop
endfacet
facet normal -0.7068331860223698 0 0.7073802705316751
outer loop
vertex -2.5922853333333333 0 -0.19205
vertex -3.599963333333333 4.954444666666666 -1.1989486666666667
vertex -3.599963333333333 -4.954444666666666 -1.1989486666666667
endloop
endfacet
facet normal -0.7068079194897301 -0.000010269709659312584 0.7074055165470031
outer loop
vertex -2.5922853333333333 0 -0.19205
vertex -3.599963333333333 -4.954444666666666 -1.1989486666666667
vertex -2.5456366666666668 -4.954444666666666 -0.14551266666666668
endloop
endfacet
facet normal -0.7068319245389765 -0.000010721027443040437 0.7073815309559517
outer loop
vertex -2.5922853333333333 0 -0.19205
vertex -2.5456366666666668 -4.954444666666666 -0.14551266666666668
vertex -2.4000126666666666 -4.834984 0
endloop
endfacet
facet normal -0.7066969830972107 0 0.7075163419181928
outer loop
vertex -2.5922853333333333 0 -0.19205
vertex -2.4000126666666666 -4.834984 0
vertex -2.4000126666666666 -4.506662 0
endloop
endfacet
facet normal -0.7066969830972093 0 0.7075163419181939
outer loop
vertex -2.5922853333333333 0 -0.19205
vertex -2.4000126666666666 -4.506662 0
vertex -2.4000126666666666 -4.173998 0
endloop
endfacet
facet normal -0.7066969830972112 0 0.7075163419181919
outer loop
vertex -2.5922853333333333 0 -0.19205
vertex -2.4000126666666666 -4.173998 0
vertex -2.4000126666666666 -3.9691446666666668 0
endloop
endfacet
facet normal -0.7066969830972092 0 0.7075163419181941
outer loop
vertex -2.5922853333333333 0 -0.19205
vertex -2.4000126666666666 -3.9691446666666668 0
vertex -2.4000126666666666 -3.9000066666666666 0
endloop
endfacet
facet normal -0.7066969830972103 0 0.7075163419181929
outer loop
vertex -2.5922853333333333 0 -0.19205
vertex -2.4000126666666666 -3.9000066666666666 0
vertex -2.4000126666666666 3.9000066666666666 0
endloop
endfacet
facet normal -0.7066969830972092 0 0.7075163419181941
outer loop
vertex -2.5922853333333333 0 -0.19205
vertex -2.4000126666666666 3.9000066666666666 0
vertex -2.4000126666666666 3.9691446666666668 0
endloop
endfacet
facet normal -0.7066969830972112 0 0.7075163419181919
outer loop
vertex -2.5922853333333333 0 -0.19205
vertex -2.4000126666666666 3.9691446666666668 0
vertex -2.4000126666666666 4.173998 0
endloop
endfacet
facet normal -0.7066969830972093 0 0.7075163419181939
outer loop
vertex -2.5922853333333333 0 -0.19205
vertex -2.4000126666666666 4.173998 0
vertex -2.4000126666666666 4.506662 0
endloop
endfacet
facet normal -0.7066969830972107 0 0.7075163419181928
outer loop
vertex -2.5922853333333333 0 -0.19205
vertex -2.4000126666666666 4.506662 0
vertex -2.4000126666666666 4.834984 0
endloop
endfacet
facet normal -0.7068319245389765 0.000010721027443040437 0.7073815309559517
outer loop
vertex -2.5922853333333333 0 -0.19205
vertex -2.4000126666666666 4.834984 0
vertex -2.5456366666666668 4.954444666666666 -0.14551266666666668
endloop
endfacet
facet normal -0.7068079194897301 0.000010269709659312584 0.7074055165470031
outer loop
vertex -2.5922853333333333 0 -0.19205
vertex -2.5456366666666668 4.954444666666666 -0.14551266666666668
vertex -3.599963333333333 4.954444666666666 -1.1989486666666667
endloop
endfacet
facet normal -0.7067821373825705 0 0.7074312760098505
outer loop
vertex -3.599963333333333 -4.954444666666666 -1.1989486666666667
vertex -3.599963333333333 -5.499978 -1.1989486666666667
vertex -2.993308 -5.499978 -0.59285
endloop
endfacet
facet normal -0.706807918367078 -0.000057290044328381733 0.7074055154234018
outer loop
vertex -3.599963333333333 -4.954444666666666 -1.1989486666666667
vertex -2.993308 -5.499978 -0.59285
vertex -2.5456366666666668 -4.954444666666666 -0.14551266666666668
endloop
endfacet
facet normal -0.706819281006208 0 0.707394164520649
outer loop
vertex -3.599963333333333 -5.499978 -1.1989486666666667
vertex -3.599963333333333 -6.122331333333333 -1.1989486666666667
vertex -3.325972 -6.122331333333333 -0.92518
endloop
endfacet
facet normal -0.7067821370052111 0.000032677568805191335 0.7074312756321446
outer loop
vertex -3.599963333333333 -5.499978 -1.1989486666666667
vertex -3.325972 -6.122331333333333 -0.92518
vertex -2.993308 -5.499978 -0.59285
endloop
endfacet
facet normal -0.7065367639057839 0 0.7076763393314364
outer loop
vertex -3.599963333333333 -6.122331333333333 -1.1989486666666667
vertex -3.599963333333333 -6.797679333333333 -1.1989486666666667
vertex -3.5308253333333335 -6.797679333333333 -1.129922
endloop
endfacet
facet normal -0.7068192798270264 -0.00005776318850426924 0.7073941633405084
outer loop
vertex -3.599963333333333 -6.122331333333333 -1.1989486666666667
vertex -3.5308253333333335 -6.797679333333333 -1.129922
vertex -3.325972 -6.122331333333333 -0.92518
endloop
endfacet
facet normal -0.7065367639057839 0 0.7076763393314364
outer loop
vertex -3.599963333333333 -6.797679333333333 -1.1989486666666667
vertex -3.599963333333333 -7.49997 -1.1989486666666667
vertex -3.5308253333333335 -6.797679333333333 -1.129922
endloop
endfacet
facet normal -0.706536763905784 0 0.7076763393314365
outer loop
vertex -3.599963333333333 -7.49997 -1.1989486666666667
vertex -3.599963333333333 -8.202372 -1.1989486666666667
vertex -3.5308253333333335 -8.202372 -1.129922
endloop
endfacet
facet normal -0.7068192810062081 0 0.7073941645206491
outer loop
vertex -3.599963333333333 -8.202372 -1.1989486666666667
vertex -3.599963333333333 -8.877608666666667 -1.1989486666666667
vertex -3.325972 -8.877608666666667 -0.92518
endloop
endfacet
facet normal -0.706536745373169 0.00022904244145622676 0.7076763207689302
outer loop
vertex -3.599963333333333 -8.202372 -1.1989486666666667
vertex -3.325972 -8.877608666666667 -0.92518
vertex -3.5308253333333335 -8.202372 -1.129922
endloop
endfacet
facet normal -0.7067821373825705 0 0.7074312760098505
outer loop
vertex -3.599963333333333 -8.877608666666667 -1.1989486666666667
vertex -3.599963333333333 -9.500073333333333 -1.1989486666666667
vertex -2.993308 -9.500073333333333 -0.59285
endloop
endfacet
facet normal -0.7068192791569934 -0.0000723359955922008 0.7073941626699304
outer loop
vertex -3.599963333333333 -8.877608666666667 -1.1989486666666667
vertex -2.993308 -9.500073333333333 -0.59285
vertex -3.325972 -8.877608666666667 -0.92518
endloop
endfacet
facet normal -0.7068079195270026 0 0.707405516584307
outer loop
vertex -3.599963333333333 -9.500073333333333 -1.1989486666666667
vertex -3.599963333333333 -11.100044666666667 -1.1989486666666667
vertex -2.5456366666666668 -10.045606666666666 -0.14551266666666668
endloop
endfacet
facet normal -0.7067821338789919 0.00009956991629526596 0.7074312725030542
outer loop
vertex -3.599963333333333 -9.500073333333333 -1.1989486666666667
vertex -2.5456366666666668 -10.045606666666666 -0.14551266666666668
vertex -2.993308 -9.500073333333333 -0.59285
endloop
endfacet
facet normal 0.706823666592429 -0.00003146526323438027 0.7073897817715292
outer loop
vertex 3.599963333333333 11.100044666666667 -1.1989486666666667
vertex 2.5456366666666668 10.045606666666666 -0.14551266666666668
vertex 2.993308 9.500073333333333 -0.59285
endloop
endfacet
facet normal 0.7067821373825705 0 0.7074312760098505
outer loop
vertex 3.599963333333333 11.100044666666667 -1.1989486666666667
vertex 2.993308 9.500073333333333 -0.59285
vertex 3.599963333333333 9.500073333333333 -1.1989486666666667
endloop
endfacet
facet normal 0.7068192791569935 0.00007233599559208567 0.7073941626699304
outer loop
vertex 2.993308 9.500073333333333 -0.59285
vertex 3.325972 8.877608666666667 -0.92518
vertex 3.599963333333333 8.877608666666667 -1.1989486666666667
endloop
endfacet
facet normal 0.7067821373825705 0 0.7074312760098505
outer loop
vertex 2.993308 9.500073333333333 -0.59285
vertex 3.599963333333333 8.877608666666667 -1.1989486666666667
vertex 3.599963333333333 9.500073333333333 -1.1989486666666667
endloop
endfacet
facet normal 0.706536745373169 -0.00022904244145617413 0.7076763207689302
outer loop
vertex 3.325972 8.877608666666667 -0.92518
vertex 3.5308253333333335 8.202372 -1.129922
vertex 3.599963333333333 8.202372 -1.1989486666666667
endloop
endfacet
facet normal 0.7068192810062081 0 0.7073941645206491
outer loop
vertex 3.325972 8.877608666666667 -0.92518
vertex 3.599963333333333 8.202372 -1.1989486666666667
vertex 3.599963333333333 8.877608666666667 -1.1989486666666667
endloop
endfacet
facet normal 0.706536763905784 0 0.7076763393314365
outer loop
vertex 3.5308253333333335 8.202372 -1.129922
vertex 3.599963333333333 7.49997 -1.1989486666666667
vertex 3.599963333333333 8.202372 -1.1989486666666667
endloop
endfacet
facet normal 0.7065367639057839 0 0.7076763393314364
outer loop
vertex 3.599963333333333 7.49997 -1.1989486666666667
vertex 3.5308253333333335 6.797679333333333 -1.129922
vertex 3.599963333333333 6.797679333333333 -1.1989486666666667
endloop
endfacet
facet normal 0.7068192798270264 0.00005776318850427587 0.7073941633405084
outer loop
vertex 3.5308253333333335 6.797679333333333 -1.129922
vertex 3.325972 6.122331333333333 -0.92518
vertex 3.599963333333333 6.122331333333333 -1.1989486666666667
endloop
endfacet
facet normal 0.7065367639057839 0 0.7076763393314364
outer loop
vertex 3.5308253333333335 6.797679333333333 -1.129922
vertex 3.599963333333333 6.122331333333333 -1.1989486666666667
vertex 3.599963333333333 6.797679333333333 -1.1989486666666667
endloop
endfacet
facet normal 0.7067821370052111 -0.000032677568805165335 0.7074312756321446
outer loop
vertex 3.325972 6.122331333333333 -0.92518
vertex 2.993308 5.499978 -0.59285
vertex 3.599963333333333 5.499978 -1.1989486666666667
endloop
endfacet
facet normal 0.706819281006208 0 0.707394164520649
outer loop
vertex 3.325972 6.122331333333333 -0.92518
vertex 3.599963333333333 5.499978 -1.1989486666666667
vertex 3.599963333333333 6.122331333333333 -1.1989486666666667
endloop
endfacet
facet normal 0.706807918367078 0.000057290044328313456 0.7074055154234018
outer loop
vertex 2.993308 5.499978 -0.59285
vertex 2.5456366666666668 4.954444666666666 -0.14551266666666668
vertex 3.599963333333333 4.954444666666666 -1.1989486666666667
endloop
endfacet
facet normal 0.7067821373825705 0 0.7074312760098505
outer loop
vertex 2.993308 5.499978 -0.59285
vertex 3.599963333333333 4.954444666666666 -1.1989486666666667
vertex 3.599963333333333 5.499978 -1.1989486666666667
endloop
endfacet
facet normal 0.7068319245389765 0.000010721027443040437 0.7073815309559517
outer loop
vertex 2.5922853333333333 0 -0.19205
vertex 2.5456366666666668 4.954444666666666 -0.14551266666666668
vertex 2.4000126666666666 4.834984 0
endloop
endfacet
facet normal 0.7066969830972107 0 0.7075163419181928
outer loop
vertex 2.5922853333333333 0 -0.19205
vertex 2.4000126666666666 4.834984 0
vertex 2.4000126666666666 4.506662 0
endloop
endfacet
facet normal 0.7066969830972093 0 0.7075163419181939
outer loop
vertex 2.5922853333333333 0 -0.19205
vertex 2.4000126666666666 4.506662 0
vertex 2.4000126666666666 4.173998 0
endloop
endfacet
facet normal 0.7066969830972112 0 0.7075163419181919
outer loop
vertex 2.5922853333333333 0 -0.19205
vertex 2.4000126666666666 4.173998 0
vertex 2.4000126666666666 3.9691446666666668 0
endloop
endfacet
facet normal 0.7066969830972092 0 0.7075163419181941
outer loop
vertex 2.5922853333333333 0 -0.19205
vertex 2.4000126666666666 3.9691446666666668 0
vertex 2.4000126666666666 3.9000066666666666 0
endloop
endfacet
facet normal 0.7066969830972103 0 0.7075163419181929
outer loop
vertex 2.5922853333333333 0 -0.19205
vertex 2.4000126666666666 3.9000066666666666 0
vertex 2.4000126666666666 -3.9000066666666666 0
endloop
endfacet
facet normal 0.7066969830972092 0 0.7075163419181941
outer loop
vertex 2.5922853333333333 0 -0.19205
vertex 2.4000126666666666 -3.9000066666666666 0
vertex 2.4000126666666666 -3.9691446666666668 0
endloop
endfacet
facet normal 0.7066969830972112 0 0.7075163419181919
outer loop
vertex 2.5922853333333333 0 -0.19205
vertex 2.4000126666666666 -3.9691446666666668 0
vertex 2.4000126666666666 -4.173998 0
endloop
endfacet
facet normal 0.7066969830972093 0 0.7075163419181939
outer loop
vertex 2.5922853333333333 0 -0.19205
vertex 2.4000126666666666 -4.173998 0
vertex 2.4000126666666666 -4.506662 0
endloop
endfacet
facet normal 0.7066969830972107 0 0.7075163419181928
outer loop
vertex 2.5922853333333333 0 -0.19205
vertex 2.4000126666666666 -4.506662 0
vertex 2.4000126666666666 -4.834984 0
endloop
endfacet
facet normal 0.7068319245389765 -0.000010721027443040437 0.7073815309559517
outer loop
vertex 2.5922853333333333 0 -0.19205
vertex 2.4000126666666666 -4.834984 0
vertex 2.5456366666666668 -4.954444666666666 -0.14551266666666668
endloop
endfacet
facet normal 0.7068079194897301 -0.000010269709659312584 0.7074055165470031
outer loop
vertex 2.5922853333333333 0 -0.19205
vertex 2.5456366666666668 -4.954444666666666 -0.14551266666666668
vertex 3.599963333333333 -4.954444666666666 -1.1989486666666667
endloop
endfacet
facet normal 0.7068331860223698 0 0.7073802705316751
outer loop
vertex 2.5922853333333333 0 -0.19205
vertex 3.599963333333333 -4.954444666666666 -1.1989486666666667
vertex 3.599963333333333 4.954444666666666 -1.1989486666666667
endloop
endfacet
facet normal 0.7068079194897301 0.000010269709659312584 0.7074055165470031
outer loop
vertex 2.5922853333333333 0 -0.19205
vertex 3.599963333333333 4.954444666666666 -1.1989486666666667
vertex 2.5456366666666668 4.954444666666666 -0.14551266666666668
endloop
endfacet
facet normal 0.7067821338789919 -0.00009956991629514731 0.7074312725030542
outer loop
vertex 2.5456366666666668 -4.954444666666666 -0.14551266666666668
vertex 2.993308 -5.499978 -0.59285
vertex 3.599963333333333 -5.499978 -1.1989486666666667
endloop
endfacet
facet normal 0.7068079195270026 0 0.7074055165843071
outer loop
vertex 2.5456366666666668 -4.954444666666666 -0.14551266666666668
vertex 3.599963333333333 -5.499978 -1.1989486666666667
vertex 3.599963333333333 -4.954444666666666 -1.1989486666666667
endloop
endfacet
facet normal 0.7068192791563317 0.00007234893584167648 0.7073941626692682
outer loop
vertex 2.993308 -5.499978 -0.59285
vertex 3.325972 -6.122331333333333 -0.92518
vertex 3.599963333333333 -6.122331333333333 -1.1989486666666667
endloop
endfacet
facet normal 0.7067821373825706 0 0.7074312760098507
outer loop
vertex 2.993308 -5.499978 -0.59285
vertex 3.599963333333333 -6.122331333333333 -1.1989486666666667
vertex 3.599963333333333 -5.499978 -1.1989486666666667
endloop
endfacet
facet normal 0.706536745379279 -0.00022900468306028847 0.7076763207750496
outer loop
vertex 3.325972 -6.122331333333333 -0.92518
vertex 3.5308253333333335 -6.797679333333333 -1.129922
vertex 3.599963333333333 -6.797679333333333 -1.1989486666666667
endloop
endfacet
facet normal 0.7068192810062081 0 0.7073941645206491
outer loop
vertex 3.325972 -6.122331333333333 -0.92518
vertex 3.599963333333333 -6.797679333333333 -1.1989486666666667
vertex 3.599963333333333 -6.122331333333333 -1.1989486666666667
endloop
endfacet
facet normal 0.7065367639057839 0 0.7076763393314364
outer loop
vertex 3.5308253333333335 -6.797679333333333 -1.129922
vertex 3.599963333333333 -7.49997 -1.1989486666666667
vertex 3.599963333333333 -6.797679333333333 -1.1989486666666667
endloop
endfacet
facet normal 0.706536763905784 0 0.7076763393314365
outer loop
vertex 3.599963333333333 -7.49997 -1.1989486666666667
vertex 3.5308253333333335 -8.202372 -1.129922
vertex 3.599963333333333 -8.202372 -1.1989486666666667
endloop
endfacet
facet normal 0.7068192798266375 0.00005777271252543188 0.7073941633401191
outer loop
vertex 3.5308253333333335 -8.202372 -1.129922
vertex 3.325972 -8.877608666666667 -0.92518
vertex 3.599963333333333 -8.877608666666667 -1.1989486666666667
endloop
endfacet
facet normal 0.706536763905784 0 0.7076763393314365
outer loop
vertex 3.5308253333333335 -8.202372 -1.129922
vertex 3.599963333333333 -8.877608666666667 -1.1989486666666667
vertex 3.599963333333333 -8.202372 -1.1989486666666667
endloop
endfacet
facet normal 0.7067821370053462 -0.000032671724131802806 0.7074312756322797
outer loop
vertex 3.325972 -8.877608666666667 -0.92518
vertex 2.993308 -9.500073333333333 -0.59285
vertex 3.599963333333333 -9.500073333333333 -1.1989486666666667
endloop
endfacet
facet normal 0.7068192810062081 0 0.7073941645206492
outer loop
vertex 3.325972 -8.877608666666667 -0.92518
vertex 3.599963333333333 -9.500073333333333 -1.1989486666666667
vertex 3.599963333333333 -8.877608666666667 -1.1989486666666667
endloop
endfacet
facet normal 0.706823666592429 0.000031465263234342775 0.7073897817715292
outer loop
vertex 2.993308 -9.500073333333333 -0.59285
vertex 2.5456366666666668 -10.045606666666666 -0.14551266666666668
vertex 3.599963333333333 -11.100044666666667 -1.1989486666666667
endloop
endfacet
facet normal 0.7067821373825705 0 0.7074312760098505
outer loop
vertex 2.993308 -9.500073333333333 -0.59285
vertex 3.599963333333333 -11.100044666666667 -1.1989486666666667
vertex 3.599963333333333 -9.500073333333333 -1.1989486666666667
endloop
endfacet
facet normal 0 0 1
outer loop
vertex -2.4000126666666666 4.834984 0
vertex -2.4000126666666666 4.506662 0
vertex -2.000103333333333 4.506662 0
endloop
endfacet
facet normal 0 0 1
outer loop
vertex 2.4000126666666666 4.834984 0
vertex 2.000103333333333 4.506662 0
vertex 2.4000126666666666 4.506662 0
endloop
endfacet
facet normal 0 0 0.9999999999999999
outer loop
vertex -2.4000126666666666 4.506662 0
vertex -2.4000126666666666 4.173998 0
vertex -1.3776386666666667 4.173998 0
endloop
endfacet
facet normal 0 0 1
outer loop
vertex -2.4000126666666666 4.506662 0
vertex -1.3776386666666667 4.173998 0
vertex -2.000103333333333 4.506662 0
endloop
endfacet
facet normal 0 0 0.9999999999999999
outer loop
vertex 2.000103333333333 4.506662 0
vertex 1.3776386666666667 4.173998 0
vertex 2.4000126666666666 4.173998 0
endloop
endfacet
facet normal 0 0 1
outer loop
vertex 2.000103333333333 4.506662 0
vertex 2.4000126666666666 4.173998 0
vertex 2.4000126666666666 4.506662 0
endloop
endfacet
facet normal 0 0 1
outer loop
vertex -2.4000126666666666 4.173998 0
vertex -2.4000126666666666 3.9691446666666668 0
vertex -0.7022906666666666 3.9691446666666668 0
endloop
endfacet
facet normal 0 0 1
outer loop
vertex -2.4000126666666666 4.173998 0
vertex -0.7022906666666666 3.9691446666666668 0
vertex -1.3776386666666667 4.173998 0
endloop
endfacet
facet normal 0 0 1
outer loop
vertex 1.3776386666666667 4.173998 0
vertex 0.7022906666666666 3.9691446666666668 0
vertex 2.4000126666666666 3.9691446666666668 0
endloop
endfacet
facet normal 0 0 1
outer loop
vertex 1.3776386666666667 4.173998 0
vertex 2.4000126666666666 3.9691446666666668 0
vertex 2.4000126666666666 4.173998 0
endloop
endfacet
facet normal 0 0 0.9999999999999999
outer loop
vertex -2.4000126666666666 3.9691446666666668 0
vertex -2.4000126666666666 3.9000066666666666 0
vertex 0 3.9000066666666666 0
endloop
endfacet
facet normal 0 0 1
outer loop
vertex -2.4000126666666666 3.9691446666666668 0
vertex 0 3.9000066666666666 0
vertex -0.7022906666666666 3.9691446666666668 0
endloop
endfacet
facet normal 0 0 0.9999999999999999
outer loop
vertex 0.7022906666666666 3.9691446666666668 0
vertex 0 3.9000066666666666 0
vertex 2.4000126666666666 3.9000066666666666 0
endloop
endfacet
facet normal 0 0 1
outer loop
vertex 0.7022906666666666 3.9691446666666668 0
vertex 2.4000126666666666 3.9000066666666666 0
vertex 2.4000126666666666 3.9691446666666668 0
endloop
endfacet
facet normal 0 0 1
outer loop
vertex 0 0 0
vertex 0 3.9000066666666666 0
vertex -2.4000126666666666 3.9000066666666666 0
endloop
endfacet
facet normal 0 0 1
outer loop
vertex 0 0 0
vertex -2.4000126666666666 3.9000066666666666 0
vertex -2.4000126666666666 -3.9000066666666666 0
endloop
endfacet
facet normal 0 0 1
outer loop
vertex 0 0 0
vertex -2.4000126666666666 -3.9000066666666666 0
vertex 0 -3.9000066666666666 0
endloop
endfacet
facet normal 0 0 1
outer loop
vertex 0 0 0
vertex 0 -3.9000066666666666 0
vertex 2.4000126666666666 -3.9000066666666666 0
endloop
endfacet
facet normal 0 0 1
outer loop
vertex 0 0 0
vertex 2.4000126666666666 -3.9000066666666666 0
vertex 2.4000126666666666 3.9000066666666666 0
endloop
endfacet
facet normal 0 0 1
outer loop
vertex 0 0 0
vertex 2.4000126666666666 3.9000066666666666 0
vertex 0 3.9000066666666666 0
endloop
endfacet
facet normal 0 0 1
outer loop
vertex -2.4000126666666666 -3.9000066666666666 0
vertex -2.4000126666666666 -3.9691446666666668 0
vertex -0.7022906666666666 -3.9691446666666668 0
endloop
endfacet
facet normal 0 0 0.9999999999999999
outer loop
vertex -2.4000126666666666 -3.9000066666666666 0
vertex -0.7022906666666666 -3.9691446666666668 0
vertex 0 -3.9000066666666666 0
endloop
endfacet
facet normal 0 0 1
outer loop
vertex 0 -3.9000066666666666 0
vertex 0.7022906666666666 -3.9691446666666668 0
vertex 2.4000126666666666 -3.9691446666666668 0
endloop
endfacet
facet normal 0 0 0.9999999999999999
outer loop
vertex 0 -3.9000066666666666 0
vertex 2.4000126666666666 -3.9691446666666668 0
vertex 2.4000126666666666 -3.9000066666666666 0
endloop
endfacet
facet normal 0 0 1
outer loop
vertex -2.4000126666666666 -3.9691446666666668 0
vertex -2.4000126666666666 -4.173998 0
vertex -1.3776386666666667 -4.173998 0
endloop
endfacet
facet normal 0 0 1
outer loop
vertex -2.4000126666666666 -3.9691446666666668 0
vertex -1.3776386666666667 -4.173998 0
vertex -0.7022906666666666 -3.9691446666666668 0
endloop
endfacet
facet normal 0 0 1
outer loop
vertex 0.7022906666666666 -3.9691446666666668 0
vertex 1.3776386666666667 -4.173998 0
vertex 2.4000126666666666 -4.173998 0
endloop
endfacet
facet normal 0 0 1
outer loop
vertex 0.7022906666666666 -3.9691446666666668 0
vertex 2.4000126666666666 -4.173998 0
vertex 2.4000126666666666 -3.9691446666666668 0
endloop
endfacet
facet normal 0 0 1
outer loop
vertex -2.4000126666666666 -4.173998 0
vertex -2.4000126666666666 -4.506662 0
vertex -2.000103333333333 -4.506662 0
endloop
endfacet
facet normal 0 0 0.9999999999999999
outer loop
vertex -2.4000126666666666 -4.173998 0
vertex -2.000103333333333 -4.506662 0
vertex -1.3776386666666667 -4.173998 0
endloop
endfacet
facet normal 0 0 1
outer loop
vertex 1.3776386666666667 -4.173998 0
vertex 2.000103333333333 -4.506662 0
vertex 2.4000126666666666 -4.506662 0
endloop
endfacet
facet normal 0 0 0.9999999999999999
outer loop
vertex 1.3776386666666667 -4.173998 0
vertex 2.4000126666666666 -4.506662 0
vertex 2.4000126666666666 -4.173998 0
endloop
endfacet
facet normal 0 0 1
outer loop
vertex -2.4000126666666666 -4.506662 0
vertex -2.4000126666666666 -4.834984 0
vertex -2.000103333333333 -4.506662 0
endloop
endfacet
facet normal 0 0 1
outer loop
vertex 2.000103333333333 -4.506662 0
vertex 2.4000126666666666 -4.834984 0
vertex 2.4000126666666666 -4.506662 0
endloop
endfacet
facet normal 0.9951906067395171 0.09795742063484503 0
outer loop
vertex 3.599963333333333 7.49997 2.4000126666666666
vertex 3.599963333333333 7.49997 -1.1989486666666667
vertex 3.5308253333333335 8.202372 -1.129922
endloop
endfacet
facet normal 0.9951906067395169 0.09795742063484501 0
outer loop
vertex 3.599963333333333 7.49997 2.4000126666666666
vertex 3.5308253333333335 8.202372 -1.129922
vertex 3.5308253333333335 8.202372 2.4000126666666666
endloop
endfacet
facet normal 0.9569314659294796 0.2903139154674761 0
outer loop
vertex 3.5308253333333335 8.202372 2.4000126666666666
vertex 3.5308253333333335 8.202372 -1.129922
vertex 3.325972 8.877608666666667 -0.92518
endloop
endfacet
facet normal 0.9569314659294799 0.2903139154674761 0
outer loop
vertex 3.5308253333333335 8.202372 2.4000126666666666
vertex 3.325972 8.877608666666667 -0.92518
vertex 3.325972 8.877608666666667 2.4000126666666666
endloop
endfacet
facet normal 0.8819508890916699 0.471341308639942 0
outer loop
vertex 3.325972 8.877608666666667 2.4000126666666666
vertex 3.325972 8.877608666666667 -0.92518
vertex 2.993308 9.500073333333333 -0.59285
endloop
endfacet
facet normal 0.8819508890916699 0.47134130863994206 0
outer loop
vertex 3.325972 8.877608666666667 2.4000126666666666
vertex 2.993308 9.500073333333333 -0.59285
vertex 2.993308 9.500073333333333 2.4000126666666666
endloop
endfacet
facet normal 0.7730356797155026 0.6343625445175581 0
outer loop
vertex 2.993308 9.500073333333333 2.4000126666666666
vertex 2.993308 9.500073333333333 -0.59285
vertex 2.5456366666666668 10.045606666666666 -0.14551266666666668
endloop
endfacet
facet normal 0.7730356797155027 0.6343625445175581 0
outer loop
vertex 2.993308 9.500073333333333 2.4000126666666666
vertex 2.5456366666666668 10.045606666666666 -0.14551266666666668
vertex 2.5456366666666668 10.045606666666666 2.4000126666666666
endloop
endfacet
facet normal 0.6343625445175586 0.7730356797155022 0
outer loop
vertex 2.000103333333333 10.493278 -0.59285
vertex 2.000103333333333 10.493278 2.4000126666666666
vertex 2.5456366666666668 10.045606666666666 2.4000126666666666
endloop
endfacet
facet normal 0.6343625445175586 0.7730356797155022 0
outer loop
vertex 2.000103333333333 10.493278 -0.59285
vertex 2.5456366666666668 10.045606666666666 2.4000126666666666
vertex 2.5456366666666668 10.045606666666666 -0.14551266666666668
endloop
endfacet
facet normal 0.4713413086399406 0.8819508890916706 0
outer loop
vertex 1.3776386666666667 10.825942 -0.92518
vertex 1.3776386666666667 10.825942 2.4000126666666666
vertex 2.000103333333333 10.493278 2.4000126666666666
endloop
endfacet
facet normal 0.47134130863994056 0.8819508890916705 0
outer loop
vertex 1.3776386666666667 10.825942 -0.92518
vertex 2.000103333333333 10.493278 2.4000126666666666
vertex 2.000103333333333 10.493278 -0.59285
endloop
endfacet
facet normal 0.29027008903008505 0.9569447609002656 0
outer loop
vertex 0.7022906666666666 11.030795333333334 -1.129922
vertex 0.7022906666666666 11.030795333333334 2.4000126666666666
vertex 1.3776386666666667 10.825942 2.4000126666666666
endloop
endfacet
facet normal 0.29027008903008505 0.9569447609002656 0
outer loop
vertex 0.7022906666666666 11.030795333333334 -1.129922
vertex 1.3776386666666667 10.825942 2.4000126666666666
vertex 1.3776386666666667 10.825942 -0.92518
endloop
endfacet
facet normal 0.09812904888009828 0.9951736982888401 0
outer loop
vertex 0 11.100044666666667 -1.1989486666666667
vertex 0 11.100044666666667 2.4000126666666666
vertex 0.7022906666666666 11.030795333333334 2.4000126666666666
endloop
endfacet
facet normal 0.09812904888009827 0.99517369828884 0
outer loop
vertex 0 11.100044666666667 -1.1989486666666667
vertex 0.7022906666666666 11.030795333333334 2.4000126666666666
vertex 0.7022906666666666 11.030795333333334 -1.129922
endloop
endfacet
facet normal -0.09812904888009827 0.99517369828884 0
outer loop
vertex 0 11.100044666666667 -1.1989486666666667
vertex -0.7022906666666666 11.030795333333334 -1.129922
vertex -0.7022906666666666 11.030795333333334 2.4000126666666666
endloop
endfacet
facet normal -0.09812904888009828 0.9951736982888401 0
outer loop
vertex 0 11.100044666666667 -1.1989486666666667
vertex -0.7022906666666666 11.030795333333334 2.4000126666666666
vertex 0 11.100044666666667 2.4000126666666666
endloop
endfacet
facet normal -0.29027008903008505 0.9569447609002656 0
outer loop
vertex -0.7022906666666666 11.030795333333334 -1.129922
vertex -1.3776386666666667 10.825942 -0.92518
vertex -1.3776386666666667 10.825942 2.4000126666666666
endloop
endfacet
facet normal -0.29027008903008505 0.9569447609002656 0
outer loop
vertex -0.7022906666666666 11.030795333333334 -1.129922
vertex -1.3776386666666667 10.825942 2.4000126666666666
vertex -0.7022906666666666 11.030795333333334 2.4000126666666666
endloop
endfacet
facet normal -0.47134130863994056 0.8819508890916705 0
outer loop
vertex -1.3776386666666667 10.825942 -0.92518
vertex -2.000103333333333 10.493278 -0.59285
vertex -2.000103333333333 10.493278 2.4000126666666666
endloop
endfacet
facet normal -0.4713413086399406 0.8819508890916706 0
outer loop
vertex -1.3776386666666667 10.825942 -0.92518
vertex -2.000103333333333 10.493278 2.4000126666666666
vertex -1.3776386666666667 10.825942 2.4000126666666666
endloop
endfacet
facet normal -0.6343625445175586 0.7730356797155022 0
outer loop
vertex -2.000103333333333 10.493278 -0.59285
vertex -2.5456366666666668 10.045606666666666 -0.14551266666666668
vertex -2.5456366666666668 10.045606666666666 2.4000126666666666
endloop
endfacet
facet normal -0.6343625445175586 0.7730356797155022 0
outer loop
vertex -2.000103333333333 10.493278 -0.59285
vertex -2.5456366666666668 10.045606666666666 2.4000126666666666
vertex -2.000103333333333 10.493278 2.4000126666666666
endloop
endfacet
facet normal -0.7730356797155027 0.6343625445175581 0
outer loop
vertex -2.5456366666666668 10.045606666666666 2.4000126666666666
vertex -2.5456366666666668 10.045606666666666 -0.14551266666666668
vertex -2.993308 9.500073333333333 -0.59285
endloop
endfacet
facet normal -0.7730356797155026 0.6343625445175581 0
outer loop
vertex -2.5456366666666668 10.045606666666666 2.4000126666666666
vertex -2.993308 9.500073333333333 -0.59285
vertex -2.993308 9.500073333333333 2.4000126666666666
endloop
endfacet
facet normal -0.8819508890916699 0.47134130863994206 0
outer loop
vertex -2.993308 9.500073333333333 2.4000126666666666
vertex -2.993308 9.500073333333333 -0.59285
vertex -3.325972 8.877608666666667 -0.92518
endloop
endfacet
facet normal -0.8819508890916699 0.471341308639942 0
outer loop
vertex -2.993308 9.500073333333333 2.4000126666666666
vertex -3.325972 8.877608666666667 -0.92518
vertex -3.325972 8.877608666666667 2.4000126666666666
endloop
endfacet
facet normal -0.9569314659294799 0.2903139154674761 0
outer loop
vertex -3.325972 8.877608666666667 2.4000126666666666
vertex -3.325972 8.877608666666667 -0.92518
vertex -3.5308253333333335 8.202372 -1.129922
endloop
endfacet
facet normal -0.9569314659294796 0.2903139154674761 0
outer loop
vertex -3.325972 8.877608666666667 2.4000126666666666
vertex -3.5308253333333335 8.202372 -1.129922
vertex -3.5308253333333335 8.202372 2.4000126666666666
endloop
endfacet
facet normal -0.9951906067395169 0.09795742063484501 0
outer loop
vertex -3.5308253333333335 8.202372 2.4000126666666666
vertex -3.5308253333333335 8.202372 -1.129922
vertex -3.599963333333333 7.49997 -1.1989486666666667
endloop
endfacet
facet normal -0.9951906067395171 0.09795742063484503 0
outer loop
vertex -3.5308253333333335 8.202372 2.4000126666666666
vertex -3.599963333333333 7.49997 -1.1989486666666667
vertex -3.599963333333333 7.49997 2.4000126666666666
endloop
endfacet
facet normal -0.9951890927505955 -0.09797280066552262 0
outer loop
vertex -3.599963333333333 7.49997 2.4000126666666666
vertex -3.599963333333333 7.49997 -1.1989486666666667
vertex -3.5308253333333335 6.797679333333333 -1.129922
endloop
endfacet
facet normal -0.9951890927505956 -0.09797280066552261 0
outer loop
vertex -3.599963333333333 7.49997 2.4000126666666666
vertex -3.5308253333333335 6.797679333333333 -1.129922
vertex -3.5308253333333335 6.797679333333333 2.4000126666666666
endloop
endfacet
facet normal -0.9569447609002659 -0.29027008903008417 0
outer loop
vertex -3.5308253333333335 6.797679333333333 2.4000126666666666
vertex -3.5308253333333335 6.797679333333333 -1.129922
vertex -3.325972 6.122331333333333 -0.92518
endloop
endfacet
facet normal -0.956944760900266 -0.2902700890300841 0
outer loop
vertex -3.5308253333333335 6.797679333333333 2.4000126666666666
vertex -3.325972 6.122331333333333 -0.92518
vertex -3.325972 6.122331333333333 2.4000126666666666
endloop
endfacet
facet normal -0.8819158367889751 -0.47140689093478677 0
outer loop
vertex -3.325972 6.122331333333333 2.4000126666666666
vertex -3.325972 6.122331333333333 -0.92518
vertex -2.993308 5.499978 -0.59285
endloop
endfacet
facet normal -0.881915836788975 -0.47140689093478677 0
outer loop
vertex -3.325972 6.122331333333333 2.4000126666666666
vertex -2.993308 5.499978 -0.59285
vertex -2.993308 5.499978 2.4000126666666666
endloop
endfacet
facet normal -0.7730362698675649 -0.634361824509643 -0.000032772522303194866
outer loop
vertex -2.7215433333333334 5.168872666666667 1.0769273333333333
vertex -2.706068 5.149946 2.4000126666666666
vertex -2.993308 5.499978 2.4000126666666666
endloop
endfacet
facet normal -0.7729720519296127 -0.6344400735575616 0
outer loop
vertex -2.7215433333333334 5.168872666666667 1.0769273333333333
vertex -2.993308 5.499978 2.4000126666666666
vertex -2.993308 5.499978 -0.59285
endloop
endfacet
facet normal -0.7730480344572178 -0.6343474879573245 0.000030725625082608024
outer loop
vertex -2.7215433333333334 5.168872666666667 1.0769273333333333
vertex -2.993308 5.499978 -0.59285
vertex -2.5456366666666668 4.954444666666666 -0.14551266666666668
endloop
endfacet
facet normal -0.7731339347711739 -0.6342427917645121 0
outer loop
vertex -2.7215433333333334 5.168872666666667 1.0769273333333333
vertex -2.5456366666666668 4.954444666666666 -0.14551266666666668
vertex -2.5456366666666668 4.954444666666666 0
endloop
endfacet
facet normal -0.7731339347711738 -0.6342427917645121 0
outer loop
vertex -2.7215433333333334 5.168872666666667 1.0769273333333333
vertex -2.5456366666666668 4.954444666666666 0
vertex -2.5456366666666668 4.954444666666666 2.4000126666666666
endloop
endfacet
facet normal -0.7730346219288493 -0.6343638326876259 -0.00003282052413242402
outer loop
vertex -2.7215433333333334 5.168872666666667 1.0769273333333333
vertex -2.5456366666666668 4.954444666666666 2.4000126666666666
vertex -2.706068 5.149946 2.4000126666666666
endloop
endfacet
facet normal -0.6342350870811165 -0.7731402552675734 0
outer loop
vertex -2.5456366666666668 4.954444666666666 -0.14551266666666668
vertex -2.4000126666666666 4.834984 0
vertex -2.5456366666666668 4.954444666666666 0
endloop
endfacet
facet normal -0.6344568066680177 -0.7729583174224997 0
outer loop
vertex -2.000103333333333 4.506662 0
vertex -2.000103333333333 4.506662 2.4000126666666666
vertex -2.5456366666666668 4.954444666666666 2.4000126666666666
endloop
endfacet
facet normal -0.6344568066680177 -0.7729583174224997 0
outer loop
vertex -2.000103333333333 4.506662 0
vertex -2.5456366666666668 4.954444666666666 2.4000126666666666
vertex -2.5456366666666668 4.954444666666666 0
endloop
endfacet
facet normal -0.4713413086399416 -0.8819508890916701 0
outer loop
vertex -1.3776386666666667 4.173998 0
vertex -1.3776386666666667 4.173998 2.4000126666666666
vertex -2.000103333333333 4.506662 2.4000126666666666
endloop
endfacet
facet normal -0.4713413086399416 -0.8819508890916701 0
outer loop
vertex -1.3776386666666667 4.173998 0
vertex -2.000103333333333 4.506662 2.4000126666666666
vertex -2.000103333333333 4.506662 0
endloop
endfacet
facet normal -0.2902700890300839 -0.9569447609002659 0
outer loop
vertex -0.7022906666666666 3.9691446666666668 0
vertex -0.7022906666666666 3.9691446666666668 2.4000126666666666
vertex -1.3776386666666667 4.173998 2.4000126666666666
endloop
endfacet
facet normal -0.2902700890300839 -0.9569447609002659 0
outer loop
vertex -0.7022906666666666 3.9691446666666668 0
vertex -1.3776386666666667 4.173998 2.4000126666666666
vertex -1.3776386666666667 4.173998 0
endloop
endfacet
facet normal -0.09797280066552334 -0.9951890927505957 0
outer loop
vertex 0 3.9000066666666666 0
vertex 0 3.9000066666666666 2.4000126666666666
vertex -0.7022906666666666 3.9691446666666668 2.4000126666666666
endloop
endfacet
facet normal -0.09797280066552334 -0.9951890927505957 0
outer loop
vertex 0 3.9000066666666666 0
vertex -0.7022906666666666 3.9691446666666668 2.4000126666666666
vertex -0.7022906666666666 3.9691446666666668 0
endloop
endfacet
facet normal 0.09797280066552334 -0.9951890927505957 0
outer loop
vertex 0.7022906666666666 3.9691446666666668 0
vertex 0.7022906666666666 3.9691446666666668 2.4000126666666666
vertex 0 3.9000066666666666 2.4000126666666666
endloop
endfacet
facet normal 0.09797280066552334 -0.9951890927505957 0
outer loop
vertex 0.7022906666666666 3.9691446666666668 0
vertex 0 3.9000066666666666 2.4000126666666666
vertex 0 3.9000066666666666 0
endloop
endfacet
facet normal 0.2902700890300839 -0.9569447609002659 0
outer loop
vertex 1.3776386666666667 4.173998 0
vertex 1.3776386666666667 4.173998 2.4000126666666666
vertex 0.7022906666666666 3.9691446666666668 2.4000126666666666
endloop
endfacet
facet normal 0.2902700890300839 -0.9569447609002659 0
outer loop
vertex 1.3776386666666667 4.173998 0
vertex 0.7022906666666666 3.9691446666666668 2.4000126666666666
vertex 0.7022906666666666 3.9691446666666668 0
endloop
endfacet
facet normal 0.4713413086399416 -0.8819508890916701 0
outer loop
vertex 2.000103333333333 4.506662 0
vertex 2.000103333333333 4.506662 2.4000126666666666
vertex 1.3776386666666667 4.173998 2.4000126666666666
endloop
endfacet
facet normal 0.4713413086399416 -0.8819508890916701 0
outer loop
vertex 2.000103333333333 4.506662 0
vertex 1.3776386666666667 4.173998 2.4000126666666666
vertex 1.3776386666666667 4.173998 0
endloop
endfacet
facet normal 0.6342350870811165 -0.7731402552675734 0
outer loop
vertex 2.5456366666666668 4.954444666666666 -0.14551266666666668
vertex 2.5456366666666668 4.954444666666666 0
vertex 2.4000126666666666 4.834984 0
endloop
endfacet
facet normal 0.6344568066680177 -0.7729583174224997 0
outer loop
vertex 2.5456366666666668 4.954444666666666 0
vertex 2.5456366666666668 4.954444666666666 2.4000126666666666
vertex 2.000103333333333 4.506662 2.4000126666666666
endloop
endfacet
facet normal 0.6344568066680177 -0.7729583174224997 0
outer loop
vertex 2.5456366666666668 4.954444666666666 0
vertex 2.000103333333333 4.506662 2.4000126666666666
vertex 2.000103333333333 4.506662 0
endloop
endfacet
facet normal 0.7730346219437512 -0.6343638326998545 0.00003222782843711192
outer loop
vertex 2.7216546666666668 5.168872666666667 1.0769273333333333
vertex 2.706068 5.149946 2.4000126666666666
vertex 2.5456366666666668 4.954444666666666 2.4000126666666666
endloop
endfacet
facet normal 0.7729371097651916 -0.634482643062702 0
outer loop
vertex 2.7216546666666668 5.168872666666667 1.0769273333333333
vertex 2.5456366666666668 4.954444666666666 2.4000126666666666
vertex 2.5456366666666668 4.954444666666666 0
endloop
endfacet
facet normal 0.7729371097651916 -0.6344826430627022 0
outer loop
vertex 2.7216546666666668 5.168872666666667 1.0769273333333333
vertex 2.5456366666666668 4.954444666666666 0
vertex 2.5456366666666668 4.954444666666666 -0.14551266666666668
endloop
endfacet
facet normal 0.7730232839346413 -0.6343776489952294 -0.00003082513076974229
outer loop
vertex 2.7216546666666668 5.168872666666667 1.0769273333333333
vertex 2.5456366666666668 4.954444666666666 -0.14551266666666668
vertex 2.993308 5.499978 -0.59285
endloop
endfacet
facet normal 0.7730995183158796 -0.6342847426666945 0
outer loop
vertex 2.7216546666666668 5.168872666666667 1.0769273333333333
vertex 2.993308 5.499978 -0.59285
vertex 2.993308 5.499978 2.4000126666666666
endloop
endfacet
facet normal 0.7730362698800495 -0.6343618245198879 0.00003227596893493107
outer loop
vertex 2.7216546666666668 5.168872666666667 1.0769273333333333
vertex 2.993308 5.499978 2.4000126666666666
vertex 2.706068 5.149946 2.4000126666666666
endloop
endfacet
facet normal 0.881915836788975 -0.47140689093478677 0
outer loop
vertex 2.993308 5.499978 2.4000126666666666
vertex 2.993308 5.499978 -0.59285
vertex 3.325972 6.122331333333333 -0.92518
endloop
endfacet
facet normal 0.8819158367889751 -0.47140689093478677 0
outer loop
vertex 2.993308 5.499978 2.4000126666666666
vertex 3.325972 6.122331333333333 -0.92518
vertex 3.325972 6.122331333333333 2.4000126666666666
endloop
endfacet
facet normal 0.956944760900266 -0.2902700890300841 0
outer loop
vertex 3.325972 6.122331333333333 2.4000126666666666
vertex 3.325972 6.122331333333333 -0.92518
vertex 3.5308253333333335 6.797679333333333 -1.129922
endloop
endfacet
facet normal 0.9569447609002659 -0.29027008903008417 0
outer loop
vertex 3.325972 6.122331333333333 2.4000126666666666
vertex 3.5308253333333335 6.797679333333333 -1.129922
vertex 3.5308253333333335 6.797679333333333 2.4000126666666666
endloop
endfacet
facet normal 0.9951890927505956 -0.09797280066552261 0
outer loop
vertex 3.5308253333333335 6.797679333333333 2.4000126666666666
vertex 3.5308253333333335 6.797679333333333 -1.129922
vertex 3.599963333333333 7.49997 -1.1989486666666667
endloop
endfacet
facet normal 0.9951890927505955 -0.09797280066552262 0
outer loop
vertex 3.5308253333333335 6.797679333333333 2.4000126666666666
vertex 3.599963333333333 7.49997 -1.1989486666666667
vertex 3.599963333333333 7.49997 2.4000126666666666
endloop
endfacet
facet normal -0.00006510868302168213 -0.7068031503162507 0.7074102787377935
outer loop
vertex 3.599963333333333 -11.100044666666667 -1.1989486666666667
vertex 2.5456366666666668 -10.045606666666666 -0.14551266666666668
vertex 2.000103333333333 -10.493278 -0.59285
endloop
endfacet
facet normal 0 -0.7067172265339154 0.7074961213464075
outer loop
vertex 3.599963333333333 -11.100044666666667 -1.1989486666666667
vertex 2.000103333333333 -10.493278 -0.59285
vertex 2.000103333333333 -11.100044666666667 -1.1989486666666667
endloop
endfacet
facet normal -0.00008111086955146419 -0.706675572488899 0.7075377224350046
outer loop
vertex 2.000103333333333 -10.493278 -0.59285
vertex 1.3776386666666667 -10.825942 -0.92518
vertex 1.3776386666666667 -11.100044666666667 -1.1989486666666667
endloop
endfacet
facet normal 0 -0.7067172265339154 0.7074961213464074
outer loop
vertex 2.000103333333333 -10.493278 -0.59285
vertex 1.3776386666666667 -11.100044666666667 -1.1989486666666667
vertex 2.000103333333333 -11.100044666666667 -1.1989486666666667
endloop
endfacet
facet normal -0.0005740210813295419 -0.7059670912995947 0.7082444044973375
outer loop
vertex 1.3776386666666667 -10.825942 -0.92518
vertex 0.7022906666666666 -11.030795333333334 -1.129922
vertex 0.7022906666666666 -11.100044666666667 -1.1989486666666667
endloop
endfacet
facet normal 0 -0.706675574813499 0.7075377247624405
outer loop
vertex 1.3776386666666667 -10.825942 -0.92518
vertex 0.7022906666666666 -11.100044666666667 -1.1989486666666667
vertex 1.3776386666666667 -11.100044666666667 -1.1989486666666667
endloop
endfacet
facet normal 0 -0.7059672076077725 0.7082445211807035
outer loop
vertex 0.7022906666666666 -11.030795333333334 -1.129922
vertex 0 -11.100044666666667 -1.1989486666666667
vertex 0.7022906666666666 -11.100044666666667 -1.1989486666666667
endloop
endfacet
facet normal 0 -0.7059672076077725 0.7082445211807035
outer loop
vertex 0 -11.100044666666667 -1.1989486666666667
vertex -0.7022906666666666 -11.030795333333334 -1.129922
vertex -0.7022906666666666 -11.100044666666667 -1.1989486666666667
endloop
endfacet
facet normal 0.00014487605869800352 -0.7066755673972664 0.7075377173371602
outer loop
vertex -0.7022906666666666 -11.030795333333334 -1.129922
vertex -1.3776386666666667 -10.825942 -0.92518
vertex -1.3776386666666667 -11.100044666666667 -1.1989486666666667
endloop
endfacet
facet normal 0 -0.7059672076077728 0.7082445211807037
outer loop
vertex -0.7022906666666666 -11.030795333333334 -1.129922
vertex -1.3776386666666667 -11.100044666666667 -1.1989486666666667
vertex -0.7022906666666666 -11.100044666666667 -1.1989486666666667
endloop
endfacet
facet normal 0.00003663912279612115 -0.7067172260595579 0.707496120871527
outer loop
vertex -1.3776386666666667 -10.825942 -0.92518
vertex -2.000103333333333 -10.493278 -0.59285
vertex -2.000103333333333 -11.100044666666667 -1.1989486666666667
endloop
endfacet
facet normal 0 -0.7066755748134989 0.7075377247624404
outer loop
vertex -1.3776386666666667 -10.825942 -0.92518
vertex -2.000103333333333 -11.100044666666667 -1.1989486666666667
vertex -1.3776386666666667 -11.100044666666667 -1.1989486666666667
endloop
endfacet
facet normal 0.00006510868302168214 -0.7068031503162508 0.7074102787377937
outer loop
vertex -2.000103333333333 -10.493278 -0.59285
vertex -2.5456366666666668 -10.045606666666666 -0.14551266666666668
vertex -3.599963333333333 -11.100044666666667 -1.1989486666666667
endloop
endfacet
facet normal 0 -0.7067172265339154 0.7074961213464075
outer loop
vertex -2.000103333333333 -10.493278 -0.59285
vertex -3.599963333333333 -11.100044666666667 -1.1989486666666667
vertex -2.000103333333333 -11.100044666666667 -1.1989486666666667
endloop
endfacet
facet normal -0.9951750001597836 -0.09811584508617618 0
outer loop
vertex 2.350024 7.49997 -1.5999713333333334
vertex 2.350024 7.49997 2.4000126666666666
vertex 2.3048226666666665 7.958440666666666 2.4000126666666666
endloop
endfacet
facet normal -0.9951750001597836 -0.09811584508617618 0
outer loop
vertex 2.350024 7.49997 -1.5999713333333334
vertex 2.3048226666666665 7.958440666666666 2.4000126666666666
vertex 2.3048226666666665 7.958440666666666 -1.5999713333333334
endloop
endfacet
facet normal -0.956957308661103 -0.2902287191166627 0
outer loop
vertex 2.3048226666666665 7.958440666666666 -1.5999713333333334
vertex 2.3048226666666665 7.958440666666666 2.4000126666666666
vertex 2.171111333333333 8.399320666666666 2.4000126666666666
endloop
endfacet
facet normal -0.956957308661103 -0.2902287191166627 0
outer loop
vertex 2.3048226666666665 7.958440666666666 -1.5999713333333334
vertex 2.171111333333333 8.399320666666666 2.4000126666666666
vertex 2.171111333333333 8.399320666666666 -1.5999713333333334
endloop
endfacet
facet normal -0.8818641029833914 -0.4715036626255391 0
outer loop
vertex 2.171111333333333 8.399320666666666 -1.5999713333333334
vertex 2.171111333333333 8.399320666666666 2.4000126666666666
vertex 1.9539 8.805576 2.4000126666666666
endloop
endfacet
facet normal -0.8818641029833914 -0.4715036626255391 0
outer loop
vertex 2.171111333333333 8.399320666666666 -1.5999713333333334
vertex 1.9539 8.805576 2.4000126666666666
vertex 1.9539 8.805576 -1.5999713333333334
endloop
endfacet
facet normal -0.7730521006716278 -0.6343425333738733 0
outer loop
vertex 1.9539 8.805576 -1.5999713333333334
vertex 1.9539 8.805576 2.4000126666666666
vertex 1.66165 9.161731333333334 2.4000126666666666
endloop
endfacet
facet normal -0.7730521006716278 -0.6343425333738733 0
outer loop
vertex 1.9539 8.805576 -1.5999713333333334
vertex 1.66165 9.161731333333334 2.4000126666666666
vertex 1.66165 9.161731333333334 -1.5999713333333334
endloop
endfacet
facet normal -0.6344610504517255 -0.7729548340360471 0
outer loop
vertex 1.66165 9.161731333333334 -1.5999713333333334
vertex 1.66165 9.161731333333334 2.4000126666666666
vertex 1.305606 9.453981333333333 2.4000126666666666
endloop
endfacet
facet normal -0.6344610504517255 -0.7729548340360471 0
outer loop
vertex 1.66165 9.161731333333334 -1.5999713333333334
vertex 1.305606 9.453981333333333 2.4000126666666666
vertex 1.305606 9.453981333333333 -1.5999713333333334
endloop
endfacet
facet normal -0.4713156853472611 -0.8819645824780276 0
outer loop
vertex 1.305606 9.453981333333333 -1.5999713333333334
vertex 1.305606 9.453981333333333 2.4000126666666666
vertex 0.8993506666666666 9.671081333333333 2.4000126666666666
endloop
endfacet
facet normal -0.4713156853472611 -0.8819645824780276 0
outer loop
vertex 1.305606 9.453981333333333 -1.5999713333333334
vertex 0.8993506666666666 9.671081333333333 2.4000126666666666
vertex 0.8993506666666666 9.671081333333333 -1.5999713333333334
endloop
endfacet
facet normal -0.2902287191166609 -0.9569573086611033 0
outer loop
vertex 0.8993506666666666 9.671081333333333 -1.5999713333333334
vertex 0.8993506666666666 9.671081333333333 2.4000126666666666
vertex 0.4584706666666667 9.804792666666666 2.4000126666666666
endloop
endfacet
facet normal -0.2902287191166609 -0.9569573086611033 0
outer loop
vertex 0.8993506666666666 9.671081333333333 -1.5999713333333334
vertex 0.4584706666666667 9.804792666666666 2.4000126666666666
vertex 0.4584706666666667 9.804792666666666 -1.5999713333333334
endloop
endfacet
facet normal -0.09811584508617892 -0.9951750001597833 0
outer loop
vertex 0.4584706666666667 9.804792666666666 -1.5999713333333334
vertex 0.4584706666666667 9.804792666666666 2.4000126666666666
vertex 0 9.849994 2.4000126666666666
endloop
endfacet
facet normal -0.09811584508617892 -0.9951750001597833 0
outer loop
vertex 0.4584706666666667 9.804792666666666 -1.5999713333333334
vertex 0 9.849994 2.4000126666666666
vertex 0 9.849994 -1.5999713333333334
endloop
endfacet
facet normal 0.09811584508617892 -0.9951750001597833 0
outer loop
vertex 0 9.849994 -1.5999713333333334
vertex 0 9.849994 2.4000126666666666
vertex -0.4584706666666667 9.804792666666666 2.4000126666666666
endloop
endfacet
facet normal 0.09811584508617892 -0.9951750001597833 0
outer loop
vertex 0 9.849994 -1.5999713333333334
vertex -0.4584706666666667 9.804792666666666 2.4000126666666666
vertex -0.4584706666666667 9.804792666666666 -1.5999713333333334
endloop
endfacet
facet normal 0.09811584508617702 0.9951750001597836 0
outer loop
vertex -0.4584706666666667 5.195147333333334 -1.5999713333333334
vertex -0.4584706666666667 5.195147333333334 2.4000126666666666
vertex 0 5.149946 2.4000126666666666
endloop
endfacet
facet normal 0.09811584508617702 0.9951750001597836 0
outer loop
vertex -0.4584706666666667 5.195147333333334 -1.5999713333333334
vertex 0 5.149946 2.4000126666666666
vertex 0 5.149946 -1.5999713333333334
endloop
endfacet
facet normal -0.09811584508617702 0.9951750001597836 0
outer loop
vertex 0 5.149946 -1.5999713333333334
vertex 0 5.149946 2.4000126666666666
vertex 0.4584706666666667 5.195147333333334 2.4000126666666666
endloop
endfacet
facet normal -0.09811584508617702 0.9951750001597836 0
outer loop
vertex 0 5.149946 -1.5999713333333334
vertex 0.4584706666666667 5.195147333333334 2.4000126666666666
vertex 0.4584706666666667 5.195147333333334 -1.5999713333333334
endloop
endfacet
facet normal -0.2902287191166627 0.956957308661103 0
outer loop
vertex 0.4584706666666667 5.195147333333334 -1.5999713333333334
vertex 0.4584706666666667 5.195147333333334 2.4000126666666666
vertex 0.8993506666666666 5.328858666666667 2.4000126666666666
endloop
endfacet
facet normal -0.2902287191166627 0.956957308661103 0
outer loop
vertex 0.4584706666666667 5.195147333333334 -1.5999713333333334
vertex 0.8993506666666666 5.328858666666667 2.4000126666666666
vertex 0.8993506666666666 5.328858666666667 -1.5999713333333334
endloop
endfacet
facet normal -0.4715036626255398 0.8818641029833911 0
outer loop
vertex 0.8993506666666666 5.328858666666667 -1.5999713333333334
vertex 0.8993506666666666 5.328858666666667 2.4000126666666666
vertex 1.305606 5.54607 2.4000126666666666
endloop
endfacet
facet normal -0.4715036626255398 0.8818641029833911 0
outer loop
vertex 0.8993506666666666 5.328858666666667 -1.5999713333333334
vertex 1.305606 5.54607 2.4000126666666666
vertex 1.305606 5.54607 -1.5999713333333334
endloop
endfacet
facet normal -0.6344610504517266 0.7729548340360461 0
outer loop
vertex 1.305606 5.54607 -1.5999713333333334
vertex 1.305606 5.54607 2.4000126666666666
vertex 1.66165 5.83832 2.4000126666666666
endloop
endfacet
facet normal -0.6344610504517266 0.7729548340360461 0
outer loop
vertex 1.305606 5.54607 -1.5999713333333334
vertex 1.66165 5.83832 2.4000126666666666
vertex 1.66165 5.83832 -1.5999713333333334
endloop
endfacet
facet normal -0.7729548340360461 0.6344610504517265 0
outer loop
vertex 1.66165 5.83832 -1.5999713333333334
vertex 1.66165 5.83832 2.4000126666666666
vertex 1.9539 6.194364 2.4000126666666666
endloop
endfacet
facet normal -0.7729548340360461 0.6344610504517265 0
outer loop
vertex 1.66165 5.83832 -1.5999713333333334
vertex 1.9539 6.194364 2.4000126666666666
vertex 1.9539 6.194364 -1.5999713333333334
endloop
endfacet
facet normal -0.8819178134740915 0.47140319290080923 0
outer loop
vertex 1.9539 6.194364 -1.5999713333333334
vertex 1.9539 6.194364 2.4000126666666666
vertex 2.171111333333333 6.600730666666666 2.4000126666666666
endloop
endfacet
facet normal -0.8819178134740915 0.47140319290080923 0
outer loop
vertex 1.9539 6.194364 -1.5999713333333334
vertex 2.171111333333333 6.600730666666666 2.4000126666666666
vertex 2.171111333333333 6.600730666666666 -1.5999713333333334
endloop
endfacet
facet normal -0.9569369462680645 0.2902958505854873 0
outer loop
vertex 2.171111333333333 6.600730666666666 -1.5999713333333334
vertex 2.171111333333333 6.600730666666666 2.4000126666666666
vertex 2.3048226666666665 7.041499333333333 2.4000126666666666
endloop
endfacet
facet normal -0.9569369462680645 0.2902958505854873 0
outer loop
vertex 2.171111333333333 6.600730666666666 -1.5999713333333334
vertex 2.3048226666666665 7.041499333333333 2.4000126666666666
vertex 2.3048226666666665 7.041499333333333 -1.5999713333333334
endloop
endfacet
facet normal -0.9951750001597837 0.098115845086176 0
outer loop
vertex 2.3048226666666665 7.041499333333333 -1.5999713333333334
vertex 2.3048226666666665 7.041499333333333 2.4000126666666666
vertex 2.350024 7.49997 2.4000126666666666
endloop
endfacet
facet normal -0.9951750001597837 0.098115845086176 0
outer loop
vertex 2.3048226666666665 7.041499333333333 -1.5999713333333334
vertex 2.350024 7.49997 2.4000126666666666
vertex 2.350024 7.49997 -1.5999713333333334
endloop
endfacet
facet normal -0.9951750001597837 -0.098115845086176 0
outer loop
vertex 2.350024 -7.49997 -1.5999713333333334
vertex 2.350024 -7.49997 2.4000126666666666
vertex 2.3048226666666665 -7.041499333333333 2.4000126666666666
endloop
endfacet
facet normal -0.9951750001597837 -0.098115845086176 0
outer loop
vertex 2.350024 -7.49997 -1.5999713333333334
vertex 2.3048226666666665 -7.041499333333333 2.4000126666666666
vertex 2.3048226666666665 -7.041499333333333 -1.5999713333333334
endloop
endfacet
facet normal -0.9569369462680645 -0.2902958505854873 0
outer loop
vertex 2.3048226666666665 -7.041499333333333 -1.5999713333333334
vertex 2.3048226666666665 -7.041499333333333 2.4000126666666666
vertex 2.171111333333333 -6.600730666666666 2.4000126666666666
endloop
endfacet
facet normal -0.9569369462680645 -0.2902958505854873 0
outer loop
vertex 2.3048226666666665 -7.041499333333333 -1.5999713333333334
vertex 2.171111333333333 -6.600730666666666 2.4000126666666666
vertex 2.171111333333333 -6.600730666666666 -1.5999713333333334
endloop
endfacet
facet normal -0.8819178134740915 -0.47140319290080923 0
outer loop
vertex 2.171111333333333 -6.600730666666666 -1.5999713333333334
vertex 2.171111333333333 -6.600730666666666 2.4000126666666666
vertex 1.9539 -6.194364 2.4000126666666666
endloop
endfacet
facet normal -0.8819178134740915 -0.47140319290080923 0
outer loop
vertex 2.171111333333333 -6.600730666666666 -1.5999713333333334
vertex 1.9539 -6.194364 2.4000126666666666
vertex 1.9539 -6.194364 -1.5999713333333334
endloop
endfacet
facet normal -0.7729548340360461 -0.6344610504517265 0
outer loop
vertex 1.9539 -6.194364 -1.5999713333333334
vertex 1.9539 -6.194364 2.4000126666666666
vertex 1.66165 -5.83832 2.4000126666666666
endloop
endfacet
facet normal -0.7729548340360461 -0.6344610504517265 0
outer loop
vertex 1.9539 -6.194364 -1.5999713333333334
vertex 1.66165 -5.83832 2.4000126666666666
vertex 1.66165 -5.83832 -1.5999713333333334
endloop
endfacet
facet normal -0.6344610504517266 -0.7729548340360461 0
outer loop
vertex 1.66165 -5.83832 -1.5999713333333334
vertex 1.66165 -5.83832 2.4000126666666666
vertex 1.305606 -5.54607 2.4000126666666666
endloop
endfacet
facet normal -0.6344610504517266 -0.7729548340360461 0
outer loop
vertex 1.66165 -5.83832 -1.5999713333333334
vertex 1.305606 -5.54607 2.4000126666666666
vertex 1.305606 -5.54607 -1.5999713333333334
endloop
endfacet
facet normal -0.4715036626255398 -0.8818641029833911 0
outer loop
vertex 1.305606 -5.54607 -1.5999713333333334
vertex 1.305606 -5.54607 2.4000126666666666
vertex 0.8993506666666666 -5.328858666666667 2.4000126666666666
endloop
endfacet
facet normal -0.4715036626255398 -0.8818641029833911 0
outer loop
vertex 1.305606 -5.54607 -1.5999713333333334
vertex 0.8993506666666666 -5.328858666666667 2.4000126666666666
vertex 0.8993506666666666 -5.328858666666667 -1.5999713333333334
endloop
endfacet
facet normal -0.2902287191166627 -0.956957308661103 0
outer loop
vertex 0.8993506666666666 -5.328858666666667 -1.5999713333333334
vertex 0.8993506666666666 -5.328858666666667 2.4000126666666666
vertex 0.4584706666666667 -5.195147333333334 2.4000126666666666
endloop
endfacet
facet normal -0.2902287191166627 -0.956957308661103 0
outer loop
vertex 0.8993506666666666 -5.328858666666667 -1.5999713333333334
vertex 0.4584706666666667 -5.195147333333334 2.4000126666666666
vertex 0.4584706666666667 -5.195147333333334 -1.5999713333333334
endloop
endfacet
facet normal -0.09811584508617702 -0.9951750001597836 0
outer loop
vertex 0.4584706666666667 -5.195147333333334 -1.5999713333333334
vertex 0.4584706666666667 -5.195147333333334 2.4000126666666666
vertex 0 -5.149946 2.4000126666666666
endloop
endfacet
facet normal -0.09811584508617702 -0.9951750001597836 0
outer loop
vertex 0.4584706666666667 -5.195147333333334 -1.5999713333333334
vertex 0 -5.149946 2.4000126666666666
vertex 0 -5.149946 -1.5999713333333334
endloop
endfacet
facet normal 0.09811584508617702 -0.9951750001597836 0
outer loop
vertex 0 -5.149946 -1.5999713333333334
vertex 0 -5.149946 2.4000126666666666
vertex -0.4584706666666667 -5.195147333333334 2.4000126666666666
endloop
endfacet
facet normal 0.09811584508617702 -0.9951750001597836 0
outer loop
vertex 0 -5.149946 -1.5999713333333334
vertex -0.4584706666666667 -5.195147333333334 2.4000126666666666
vertex -0.4584706666666667 -5.195147333333334 -1.5999713333333334
endloop
endfacet
facet normal 0.09811584508617892 0.9951750001597833 0
outer loop
vertex -0.4584706666666667 -9.804792666666666 -1.5999713333333334
vertex -0.4584706666666667 -9.804792666666666 2.4000126666666666
vertex 0 -9.849994 2.4000126666666666
endloop
endfacet
facet normal 0.09811584508617892 0.9951750001597833 0
outer loop
vertex -0.4584706666666667 -9.804792666666666 -1.5999713333333334
vertex 0 -9.849994 2.4000126666666666
vertex 0 -9.849994 -1.5999713333333334
endloop
endfacet
facet normal -0.09811584508617892 0.9951750001597833 0
outer loop
vertex 0 -9.849994 -1.5999713333333334
vertex 0 -9.849994 2.4000126666666666
vertex 0.4584706666666667 -9.804792666666666 2.4000126666666666
endloop
endfacet
facet normal -0.09811584508617892 0.9951750001597833 0
outer loop
vertex 0 -9.849994 -1.5999713333333334
vertex 0.4584706666666667 -9.804792666666666 2.4000126666666666
vertex 0.4584706666666667 -9.804792666666666 -1.5999713333333334
endloop
endfacet
facet normal -0.2902287191166609 0.9569573086611033 0
outer loop
vertex 0.4584706666666667 -9.804792666666666 -1.5999713333333334
vertex 0.4584706666666667 -9.804792666666666 2.4000126666666666
vertex 0.8993506666666666 -9.671081333333333 2.4000126666666666
endloop
endfacet
facet normal -0.2902287191166609 0.9569573086611033 0
outer loop
vertex 0.4584706666666667 -9.804792666666666 -1.5999713333333334
vertex 0.8993506666666666 -9.671081333333333 2.4000126666666666
vertex 0.8993506666666666 -9.671081333333333 -1.5999713333333334
endloop
endfacet
facet normal -0.4713156853472611 0.8819645824780276 0
outer loop
vertex 0.8993506666666666 -9.671081333333333 -1.5999713333333334
vertex 0.8993506666666666 -9.671081333333333 2.4000126666666666
vertex 1.305606 -9.453981333333333 2.4000126666666666
endloop
endfacet
facet normal -0.4713156853472611 0.8819645824780276 0
outer loop
vertex 0.8993506666666666 -9.671081333333333 -1.5999713333333334
vertex 1.305606 -9.453981333333333 2.4000126666666666
vertex 1.305606 -9.453981333333333 -1.5999713333333334
endloop
endfacet
facet normal -0.6344610504517255 0.7729548340360471 0
outer loop
vertex 1.305606 -9.453981333333333 -1.5999713333333334
vertex 1.305606 -9.453981333333333 2.4000126666666666
vertex 1.66165 -9.161731333333334 2.4000126666666666
endloop
endfacet
facet normal -0.6344610504517255 0.7729548340360471 0
outer loop
vertex 1.305606 -9.453981333333333 -1.5999713333333334
vertex 1.66165 -9.161731333333334 2.4000126666666666
vertex 1.66165 -9.161731333333334 -1.5999713333333334
endloop
endfacet
facet normal -0.7730521006716278 0.6343425333738733 0
outer loop
vertex 1.66165 -9.161731333333334 -1.5999713333333334
vertex 1.66165 -9.161731333333334 2.4000126666666666
vertex 1.9539 -8.805576 2.4000126666666666
endloop
endfacet
facet normal -0.7730521006716278 0.6343425333738733 0
outer loop
vertex 1.66165 -9.161731333333334 -1.5999713333333334
vertex 1.9539 -8.805576 2.4000126666666666
vertex 1.9539 -8.805576 -1.5999713333333334
endloop
endfacet
facet normal -0.8818641029833914 0.4715036626255391 0
outer loop
vertex 1.9539 -8.805576 -1.5999713333333334
vertex 1.9539 -8.805576 2.4000126666666666
vertex 2.171111333333333 -8.399320666666666 2.4000126666666666
endloop
endfacet
facet normal -0.8818641029833914 0.4715036626255391 0
outer loop
vertex 1.9539 -8.805576 -1.5999713333333334
vertex 2.171111333333333 -8.399320666666666 2.4000126666666666
vertex 2.171111333333333 -8.399320666666666 -1.5999713333333334
endloop
endfacet
facet normal -0.956957308661103 0.2902287191166627 0
outer loop
vertex 2.171111333333333 -8.399320666666666 -1.5999713333333334
vertex 2.171111333333333 -8.399320666666666 2.4000126666666666
vertex 2.3048226666666665 -7.958440666666666 2.4000126666666666
endloop
endfacet
facet normal -0.956957308661103 0.2902287191166627 0
outer loop
vertex 2.171111333333333 -8.399320666666666 -1.5999713333333334
vertex 2.3048226666666665 -7.958440666666666 2.4000126666666666
vertex 2.3048226666666665 -7.958440666666666 -1.5999713333333334
endloop
endfacet
facet normal -0.9951750001597836 0.09811584508617618 0
outer loop
vertex 2.3048226666666665 -7.958440666666666 -1.5999713333333334
vertex 2.3048226666666665 -7.958440666666666 2.4000126666666666
vertex 2.350024 -7.49997 2.4000126666666666
endloop
endfacet
facet normal -0.9951750001597836 0.09811584508617618 0
outer loop
vertex 2.3048226666666665 -7.958440666666666 -1.5999713333333334
vertex 2.350024 -7.49997 2.4000126666666666
vertex 2.350024 -7.49997 -1.5999713333333334
endloop
endfacet
facet normal 0.2902287191166609 -0.9569573086611033 0
outer loop
vertex -0.4584706666666667 9.804792666666666 -1.5999713333333334
vertex -0.4584706666666667 9.804792666666666 2.4000126666666666
vertex -0.8993506666666666 9.671081333333333 2.4000126666666666
endloop
endfacet
facet normal 0.2902287191166609 -0.9569573086611033 0
outer loop
vertex -0.4584706666666667 9.804792666666666 -1.5999713333333334
vertex -0.8993506666666666 9.671081333333333 2.4000126666666666
vertex -0.8993506666666666 9.671081333333333 -1.5999713333333334
endloop
endfacet
facet normal 0.4713156853472611 -0.8819645824780276 0
outer loop
vertex -0.8993506666666666 9.671081333333333 -1.5999713333333334
vertex -0.8993506666666666 9.671081333333333 2.4000126666666666
vertex -1.305606 9.453981333333333 2.4000126666666666
endloop
endfacet
facet normal 0.4713156853472611 -0.8819645824780276 0
outer loop
vertex -0.8993506666666666 9.671081333333333 -1.5999713333333334
vertex -1.305606 9.453981333333333 2.4000126666666666
vertex -1.305606 9.453981333333333 -1.5999713333333334
endloop
endfacet
facet normal 0.6344610504517255 -0.7729548340360471 0
outer loop
vertex -1.305606 9.453981333333333 -1.5999713333333334
vertex -1.305606 9.453981333333333 2.4000126666666666
vertex -1.66165 9.161731333333334 2.4000126666666666
endloop
endfacet
facet normal 0.6344610504517255 -0.7729548340360471 0
outer loop
vertex -1.305606 9.453981333333333 -1.5999713333333334
vertex -1.66165 9.161731333333334 2.4000126666666666
vertex -1.66165 9.161731333333334 -1.5999713333333334
endloop
endfacet
facet normal 0.7730521006716278 -0.6343425333738733 0
outer loop
vertex -1.66165 9.161731333333334 -1.5999713333333334
vertex -1.66165 9.161731333333334 2.4000126666666666
vertex -1.9539 8.805576 2.4000126666666666
endloop
endfacet
facet normal 0.7730521006716278 -0.6343425333738733 0
outer loop
vertex -1.66165 9.161731333333334 -1.5999713333333334
vertex -1.9539 8.805576 2.4000126666666666
vertex -1.9539 8.805576 -1.5999713333333334
endloop
endfacet
facet normal 0.8818641029833914 -0.4715036626255391 0
outer loop
vertex -1.9539 8.805576 -1.5999713333333334
vertex -1.9539 8.805576 2.4000126666666666
vertex -2.171111333333333 8.399320666666666 2.4000126666666666
endloop
endfacet
facet normal 0.8818641029833914 -0.4715036626255391 0
outer loop
vertex -1.9539 8.805576 -1.5999713333333334
vertex -2.171111333333333 8.399320666666666 2.4000126666666666
vertex -2.171111333333333 8.399320666666666 -1.5999713333333334
endloop
endfacet
facet normal 0.956957308661103 -0.2902287191166627 0
outer loop
vertex -2.171111333333333 8.399320666666666 -1.5999713333333334
vertex -2.171111333333333 8.399320666666666 2.4000126666666666
vertex -2.3048226666666665 7.958440666666666 2.4000126666666666
endloop
endfacet
facet normal 0.956957308661103 -0.2902287191166627 0
outer loop
vertex -2.171111333333333 8.399320666666666 -1.5999713333333334
vertex -2.3048226666666665 7.958440666666666 2.4000126666666666
vertex -2.3048226666666665 7.958440666666666 -1.5999713333333334
endloop
endfacet
facet normal 0.9951750001597836 -0.09811584508617618 0
outer loop
vertex -2.3048226666666665 7.958440666666666 -1.5999713333333334
vertex -2.3048226666666665 7.958440666666666 2.4000126666666666
vertex -2.350024 7.49997 2.4000126666666666
endloop
endfacet
facet normal 0.9951750001597836 -0.09811584508617618 0
outer loop
vertex -2.3048226666666665 7.958440666666666 -1.5999713333333334
vertex -2.350024 7.49997 2.4000126666666666
vertex -2.350024 7.49997 -1.5999713333333334
endloop
endfacet
facet normal 0.9951750001597837 0.098115845086176 0
outer loop
vertex -2.350024 7.49997 -1.5999713333333334
vertex -2.350024 7.49997 2.4000126666666666
vertex -2.3048226666666665 7.041499333333333 2.4000126666666666
endloop
endfacet
facet normal 0.9951750001597837 0.098115845086176 0
outer loop
vertex -2.350024 7.49997 -1.5999713333333334
vertex -2.3048226666666665 7.041499333333333 2.4000126666666666
vertex -2.3048226666666665 7.041499333333333 -1.5999713333333334
endloop
endfacet
facet normal 0.9569369462680645 0.2902958505854873 0
outer loop
vertex -2.3048226666666665 7.041499333333333 -1.5999713333333334
vertex -2.3048226666666665 7.041499333333333 2.4000126666666666
vertex -2.171111333333333 6.600730666666666 2.4000126666666666
endloop
endfacet
facet normal 0.9569369462680645 0.2902958505854873 0
outer loop
vertex -2.3048226666666665 7.041499333333333 -1.5999713333333334
vertex -2.171111333333333 6.600730666666666 2.4000126666666666
vertex -2.171111333333333 6.600730666666666 -1.5999713333333334
endloop
endfacet
facet normal 0.8819178134740915 0.47140319290080923 0
outer loop
vertex -2.171111333333333 6.600730666666666 -1.5999713333333334
vertex -2.171111333333333 6.600730666666666 2.4000126666666666
vertex -1.9539 6.194364 2.4000126666666666
endloop
endfacet
facet normal 0.8819178134740915 0.47140319290080923 0
outer loop
vertex -2.171111333333333 6.600730666666666 -1.5999713333333334
vertex -1.9539 6.194364 2.4000126666666666
vertex -1.9539 6.194364 -1.5999713333333334
endloop
endfacet
facet normal 0.7729548340360461 0.6344610504517265 0
outer loop
vertex -1.9539 6.194364 -1.5999713333333334
vertex -1.9539 6.194364 2.4000126666666666
vertex -1.66165 5.83832 2.4000126666666666
endloop
endfacet
facet normal 0.7729548340360461 0.6344610504517265 0
outer loop
vertex -1.9539 6.194364 -1.5999713333333334
vertex -1.66165 5.83832 2.4000126666666666
vertex -1.66165 5.83832 -1.5999713333333334
endloop
endfacet
facet normal 0.6344610504517266 0.7729548340360461 0
outer loop
vertex -1.66165 5.83832 -1.5999713333333334
vertex -1.66165 5.83832 2.4000126666666666
vertex -1.305606 5.54607 2.4000126666666666
endloop
endfacet
facet normal 0.6344610504517266 0.7729548340360461 0
outer loop
vertex -1.66165 5.83832 -1.5999713333333334
vertex -1.305606 5.54607 2.4000126666666666
vertex -1.305606 5.54607 -1.5999713333333334
endloop
endfacet
facet normal 0.4715036626255398 0.8818641029833911 0
outer loop
vertex -1.305606 5.54607 -1.5999713333333334
vertex -1.305606 5.54607 2.4000126666666666
vertex -0.8993506666666666 5.328858666666667 2.4000126666666666
endloop
endfacet
facet normal 0.4715036626255398 0.8818641029833911 0
outer loop
vertex -1.305606 5.54607 -1.5999713333333334
vertex -0.8993506666666666 5.328858666666667 2.4000126666666666
vertex -0.8993506666666666 5.328858666666667 -1.5999713333333334
endloop
endfacet
facet normal 0.2902287191166627 0.956957308661103 0
outer loop
vertex -0.8993506666666666 5.328858666666667 -1.5999713333333334
vertex -0.8993506666666666 5.328858666666667 2.4000126666666666
vertex -0.4584706666666667 5.195147333333334 2.4000126666666666
endloop
endfacet
facet normal 0.2902287191166627 0.956957308661103 0
outer loop
vertex -0.8993506666666666 5.328858666666667 -1.5999713333333334
vertex -0.4584706666666667 5.195147333333334 2.4000126666666666
vertex -0.4584706666666667 5.195147333333334 -1.5999713333333334
endloop
endfacet
facet normal 0.2902287191166627 -0.956957308661103 0
outer loop
vertex -0.4584706666666667 -5.195147333333334 -1.5999713333333334
vertex -0.4584706666666667 -5.195147333333334 2.4000126666666666
vertex -0.8993506666666666 -5.328858666666667 2.4000126666666666
endloop
endfacet
facet normal 0.2902287191166627 -0.956957308661103 0
outer loop
vertex -0.4584706666666667 -5.195147333333334 -1.5999713333333334
vertex -0.8993506666666666 -5.328858666666667 2.4000126666666666
vertex -0.8993506666666666 -5.328858666666667 -1.5999713333333334
endloop
endfacet
facet normal 0.4715036626255398 -0.8818641029833911 0
outer loop
vertex -0.8993506666666666 -5.328858666666667 -1.5999713333333334
vertex -0.8993506666666666 -5.328858666666667 2.4000126666666666
vertex -1.305606 -5.54607 2.4000126666666666
endloop
endfacet
facet normal 0.4715036626255398 -0.8818641029833911 0
outer loop
vertex -0.8993506666666666 -5.328858666666667 -1.5999713333333334
vertex -1.305606 -5.54607 2.4000126666666666
vertex -1.305606 -5.54607 -1.5999713333333334
endloop
endfacet
facet normal 0.7729548340360461 -0.6344610504517265 0
outer loop
vertex -1.66165 -5.83832 -1.5999713333333334
vertex -1.66165 -5.83832 2.4000126666666666
vertex -1.9539 -6.194364 2.4000126666666666
endloop
endfacet
facet normal 0.7729548340360461 -0.6344610504517265 0
outer loop
vertex -1.66165 -5.83832 -1.5999713333333334
vertex -1.9539 -6.194364 2.4000126666666666
vertex -1.9539 -6.194364 -1.5999713333333334
endloop
endfacet
facet normal 0.8819178134740915 -0.47140319290080923 0
outer loop
vertex -1.9539 -6.194364 -1.5999713333333334
vertex -1.9539 -6.194364 2.4000126666666666
vertex -2.171111333333333 -6.600730666666666 2.4000126666666666
endloop
endfacet
facet normal 0.8819178134740915 -0.47140319290080923 0
outer loop
vertex -1.9539 -6.194364 -1.5999713333333334
vertex -2.171111333333333 -6.600730666666666 2.4000126666666666
vertex -2.171111333333333 -6.600730666666666 -1.5999713333333334
endloop
endfacet
facet normal 0.9569369462680645 -0.2902958505854873 0
outer loop
vertex -2.171111333333333 -6.600730666666666 -1.5999713333333334
vertex -2.171111333333333 -6.600730666666666 2.4000126666666666
vertex -2.3048226666666665 -7.041499333333333 2.4000126666666666
endloop
endfacet
facet normal 0.9569369462680645 -0.2902958505854873 0
outer loop
vertex -2.171111333333333 -6.600730666666666 -1.5999713333333334
vertex -2.3048226666666665 -7.041499333333333 2.4000126666666666
vertex -2.3048226666666665 -7.041499333333333 -1.5999713333333334
endloop
endfacet
facet normal 0.9951750001597837 -0.098115845086176 0
outer loop
vertex -2.3048226666666665 -7.041499333333333 -1.5999713333333334
vertex -2.3048226666666665 -7.041499333333333 2.4000126666666666
vertex -2.350024 -7.49997 2.4000126666666666
endloop
endfacet
facet normal 0.9951750001597837 -0.098115845086176 0
outer loop
vertex -2.3048226666666665 -7.041499333333333 -1.5999713333333334
vertex -2.350024 -7.49997 2.4000126666666666
vertex -2.350024 -7.49997 -1.5999713333333334
endloop
endfacet
facet normal 0.9951750001597836 0.09811584508617618 0
outer loop
vertex -2.350024 -7.49997 -1.5999713333333334
vertex -2.350024 -7.49997 2.4000126666666666
vertex -2.3048226666666665 -7.958440666666666 2.4000126666666666
endloop
endfacet
facet normal 0.9951750001597836 0.09811584508617618 0
outer loop
vertex -2.350024 -7.49997 -1.5999713333333334
vertex -2.3048226666666665 -7.958440666666666 2.4000126666666666
vertex -2.3048226666666665 -7.958440666666666 -1.5999713333333334
endloop
endfacet
facet normal 0.8818641029833914 0.4715036626255391 0
outer loop
vertex -2.171111333333333 -8.399320666666666 -1.5999713333333334
vertex -2.171111333333333 -8.399320666666666 2.4000126666666666
vertex -1.9539 -8.805576 2.4000126666666666
endloop
endfacet
facet normal 0.8818641029833914 0.4715036626255391 0
outer loop
vertex -2.171111333333333 -8.399320666666666 -1.5999713333333334
vertex -1.9539 -8.805576 2.4000126666666666
vertex -1.9539 -8.805576 -1.5999713333333334
endloop
endfacet
facet normal 0.7730521006716278 0.6343425333738733 0
outer loop
vertex -1.9539 -8.805576 -1.5999713333333334
vertex -1.9539 -8.805576 2.4000126666666666
vertex -1.66165 -9.161731333333334 2.4000126666666666
endloop
endfacet
facet normal 0.7730521006716278 0.6343425333738733 0
outer loop
vertex -1.9539 -8.805576 -1.5999713333333334
vertex -1.66165 -9.161731333333334 2.4000126666666666
vertex -1.66165 -9.161731333333334 -1.5999713333333334
endloop
endfacet
facet normal 0.6344610504517255 0.7729548340360471 0
outer loop
vertex -1.66165 -9.161731333333334 -1.5999713333333334
vertex -1.66165 -9.161731333333334 2.4000126666666666
vertex -1.305606 -9.453981333333333 2.4000126666666666
endloop
endfacet
facet normal 0.6344610504517255 0.7729548340360471 0
outer loop
vertex -1.66165 -9.161731333333334 -1.5999713333333334
vertex -1.305606 -9.453981333333333 2.4000126666666666
vertex -1.305606 -9.453981333333333 -1.5999713333333334
endloop
endfacet
facet normal 0.4713156853472611 0.8819645824780276 0
outer loop
vertex -1.305606 -9.453981333333333 -1.5999713333333334
vertex -1.305606 -9.453981333333333 2.4000126666666666
vertex -0.8993506666666666 -9.671081333333333 2.4000126666666666
endloop
endfacet
facet normal 0.4713156853472611 0.8819645824780276 0
outer loop
vertex -1.305606 -9.453981333333333 -1.5999713333333334
vertex -0.8993506666666666 -9.671081333333333 2.4000126666666666
vertex -0.8993506666666666 -9.671081333333333 -1.5999713333333334
endloop
endfacet
facet normal 0.2902287191166609 0.9569573086611033 0
outer loop
vertex -0.8993506666666666 -9.671081333333333 -1.5999713333333334
vertex -0.8993506666666666 -9.671081333333333 2.4000126666666666
vertex -0.4584706666666667 -9.804792666666666 2.4000126666666666
endloop
endfacet
facet normal 0.2902287191166609 0.9569573086611033 0
outer loop
vertex -0.8993506666666666 -9.671081333333333 -1.5999713333333334
vertex -0.4584706666666667 -9.804792666666666 2.4000126666666666
vertex -0.4584706666666667 -9.804792666666666 -1.5999713333333334
endloop
endfacet
facet normal 0.6344610504517266 -0.7729548340360461 0
outer loop
vertex -1.305606 -5.54607 -1.5999713333333334
vertex -1.305606 -5.54607 2.4000126666666666
vertex -1.66165 -5.83832 2.4000126666666666
endloop
endfacet
facet normal 0.6344610504517266 -0.7729548340360461 0
outer loop
vertex -1.305606 -5.54607 -1.5999713333333334
vertex -1.66165 -5.83832 2.4000126666666666
vertex -1.66165 -5.83832 -1.5999713333333334
endloop
endfacet
facet normal 0.956957308661103 0.2902287191166627 0
outer loop
vertex -2.3048226666666665 -7.958440666666666 -1.5999713333333334
vertex -2.3048226666666665 -7.958440666666666 2.4000126666666666
vertex -2.171111333333333 -8.399320666666666 2.4000126666666666
endloop
endfacet
facet normal 0.956957308661103 0.2902287191166627 0
outer loop
vertex -2.3048226666666665 -7.958440666666666 -1.5999713333333334
vertex -2.171111333333333 -8.399320666666666 2.4000126666666666
vertex -2.171111333333333 -8.399320666666666 -1.5999713333333334
endloop
endfacet
facet normal 0 0 -0.9999999999999999
outer loop
vertex 0 10.349992 -1.5999713333333334
vertex 3.599963333333333 11.100044666666667 -1.5999713333333334
vertex 3.599963333333333 9.849994 -1.5999713333333334
endloop
endfacet
facet normal 0 0 -1
outer loop
vertex 0 10.349992 -1.5999713333333334
vertex 3.599963333333333 9.849994 -1.5999713333333334
vertex 0 9.849994 -1.5999713333333334
endloop
endfacet
facet normal 0 0 -1
outer loop
vertex 0 10.349992 -1.5999713333333334
vertex 0 9.849994 -1.5999713333333334
vertex -3.599963333333333 9.849994 -1.5999713333333334
endloop
endfacet
facet normal 0 0 -0.9999999999999999
outer loop
vertex 0 10.349992 -1.5999713333333334
vertex -3.599963333333333 9.849994 -1.5999713333333334
vertex -3.599963333333333 11.100044666666667 -1.5999713333333334
endloop
endfacet
facet normal 0 0 -1
outer loop
vertex 0 10.349992 -1.5999713333333334
vertex -3.599963333333333 11.100044666666667 -1.5999713333333334
vertex 3.599963333333333 11.100044666666667 -1.5999713333333334
endloop
endfacet
facet normal 0 0 -1
outer loop
vertex 3.599963333333333 9.849994 -1.5999713333333334
vertex 3.599963333333333 9.804792666666666 -1.5999713333333334
vertex 0.4584706666666667 9.804792666666666 -1.5999713333333334
endloop
endfacet
facet normal 0 0 -1
outer loop
vertex 3.599963333333333 9.849994 -1.5999713333333334
vertex 0.4584706666666667 9.804792666666666 -1.5999713333333334
vertex 0 9.849994 -1.5999713333333334
endloop
endfacet
facet normal 0 0 -1
outer loop
vertex 0 9.849994 -1.5999713333333334
vertex -0.4584706666666667 9.804792666666666 -1.5999713333333334
vertex -3.599963333333333 9.804792666666666 -1.5999713333333334
endloop
endfacet
facet normal 0 0 -1
outer loop
vertex 0 9.849994 -1.5999713333333334
vertex -3.599963333333333 9.804792666666666 -1.5999713333333334
vertex -3.599963333333333 9.849994 -1.5999713333333334
endloop
endfacet
facet normal 0 0 -1
outer loop
vertex 3.599963333333333 9.804792666666666 -1.5999713333333334
vertex 3.599963333333333 9.671081333333333 -1.5999713333333334
vertex 0.8993506666666666 9.671081333333333 -1.5999713333333334
endloop
endfacet
facet normal 0 0 -1
outer loop
vertex 3.599963333333333 9.804792666666666 -1.5999713333333334
vertex 0.8993506666666666 9.671081333333333 -1.5999713333333334
vertex 0.4584706666666667 9.804792666666666 -1.5999713333333334
endloop
endfacet
facet normal 0 0 -1
outer loop
vertex -0.4584706666666667 9.804792666666666 -1.5999713333333334
vertex -0.8993506666666666 9.671081333333333 -1.5999713333333334
vertex -3.599963333333333 9.671081333333333 -1.5999713333333334
endloop
endfacet
facet normal 0 0 -1
outer loop
vertex -0.4584706666666667 9.804792666666666 -1.5999713333333334
vertex -3.599963333333333 9.671081333333333 -1.5999713333333334
vertex -3.599963333333333 9.804792666666666 -1.5999713333333334
endloop
endfacet
facet normal 0 0 -1
outer loop
vertex 3.599963333333333 9.671081333333333 -1.5999713333333334
vertex 3.599963333333333 9.453981333333333 -1.5999713333333334
vertex 1.305606 9.453981333333333 -1.5999713333333334
endloop
endfacet
facet normal 0 0 -1
outer loop
vertex 3.599963333333333 9.671081333333333 -1.5999713333333334
vertex 1.305606 9.453981333333333 -1.5999713333333334
vertex 0.8993506666666666 9.671081333333333 -1.5999713333333334
endloop
endfacet
facet normal 0 0 -1
outer loop
vertex -0.8993506666666666 9.671081333333333 -1.5999713333333334
vertex -1.305606 9.453981333333333 -1.5999713333333334
vertex -3.599963333333333 9.453981333333333 -1.5999713333333334
endloop
endfacet
facet normal 0 0 -1
outer loop
vertex -0.8993506666666666 9.671081333333333 -1.5999713333333334
vertex -3.599963333333333 9.453981333333333 -1.5999713333333334
vertex -3.599963333333333 9.671081333333333 -1.5999713333333334
endloop
endfacet
facet normal 0 0 -1
outer loop
vertex 3.599963333333333 9.453981333333333 -1.5999713333333334
vertex 3.599963333333333 9.161731333333334 -1.5999713333333334
vertex 1.66165 9.161731333333334 -1.5999713333333334
endloop
endfacet
facet normal 0 0 -0.9999999999999999
outer loop
vertex 3.599963333333333 9.453981333333333 -1.5999713333333334
vertex 1.66165 9.161731333333334 -1.5999713333333334
vertex 1.305606 9.453981333333333 -1.5999713333333334
endloop
endfacet
facet normal 0 0 -1
outer loop
vertex -1.305606 9.453981333333333 -1.5999713333333334
vertex -1.66165 9.161731333333334 -1.5999713333333334
vertex -3.599963333333333 9.161731333333334 -1.5999713333333334
endloop
endfacet
facet normal 0 0 -0.9999999999999999
outer loop
vertex -1.305606 9.453981333333333 -1.5999713333333334
vertex -3.599963333333333 9.161731333333334 -1.5999713333333334
vertex -3.599963333333333 9.453981333333333 -1.5999713333333334
endloop
endfacet
facet normal 0 0 -1
outer loop
vertex 3.599963333333333 9.161731333333334 -1.5999713333333334
vertex 3.599963333333333 8.805576 -1.5999713333333334
vertex 1.9539 8.805576 -1.5999713333333334
endloop
endfacet
facet normal 0 0 -1
outer loop
vertex 3.599963333333333 9.161731333333334 -1.5999713333333334
vertex 1.9539 8.805576 -1.5999713333333334
vertex 1.66165 9.161731333333334 -1.5999713333333334
endloop
endfacet
facet normal 0 0 -1
outer loop
vertex -1.66165 9.161731333333334 -1.5999713333333334
vertex -1.9539 8.805576 -1.5999713333333334
vertex -3.599963333333333 8.805576 -1.5999713333333334
endloop
endfacet
facet normal 0 0 -1
outer loop
vertex -1.66165 9.161731333333334 -1.5999713333333334
vertex -3.599963333333333 8.805576 -1.5999713333333334
vertex -3.599963333333333 9.161731333333334 -1.5999713333333334
endloop
endfacet
facet normal 0 0 -1
outer loop
vertex 3.599963333333333 8.805576 -1.5999713333333334
vertex 3.599963333333333 8.399320666666666 -1.5999713333333334
vertex 2.171111333333333 8.399320666666666 -1.5999713333333334
endloop
endfacet
facet normal 0 0 -1
outer loop
vertex 3.599963333333333 8.805576 -1.5999713333333334
vertex 2.171111333333333 8.399320666666666 -1.5999713333333334
vertex 1.9539 8.805576 -1.5999713333333334
endloop
endfacet
facet normal 0 0 -1
outer loop
vertex -1.9539 8.805576 -1.5999713333333334
vertex -2.171111333333333 8.399320666666666 -1.5999713333333334
vertex -3.599963333333333 8.399320666666666 -1.5999713333333334
endloop
endfacet
facet normal 0 0 -1
outer loop
vertex -1.9539 8.805576 -1.5999713333333334
vertex -3.599963333333333 8.399320666666666 -1.5999713333333334
vertex -3.599963333333333 8.805576 -1.5999713333333334
endloop
endfacet
facet normal 0 0 -1
outer loop
vertex 3.599963333333333 8.399320666666666 -1.5999713333333334
vertex 3.599963333333333 7.958440666666666 -1.5999713333333334
vertex 2.3048226666666665 7.958440666666666 -1.5999713333333334
endloop
endfacet
facet normal 0 0 -1
outer loop
vertex 3.599963333333333 8.399320666666666 -1.5999713333333334
vertex 2.3048226666666665 7.958440666666666 -1.5999713333333334
vertex 2.171111333333333 8.399320666666666 -1.5999713333333334
endloop
endfacet
facet normal 0 0 -1
outer loop
vertex -2.171111333333333 8.399320666666666 -1.5999713333333334
vertex -2.3048226666666665 7.958440666666666 -1.5999713333333334
vertex -3.599963333333333 7.958440666666666 -1.5999713333333334
endloop
endfacet
facet normal 0 0 -1
outer loop
vertex -2.171111333333333 8.399320666666666 -1.5999713333333334
vertex -3.599963333333333 7.958440666666666 -1.5999713333333334
vertex -3.599963333333333 8.399320666666666 -1.5999713333333334
endloop
endfacet
facet normal 0 0 -1
outer loop
vertex 3.599963333333333 7.958440666666666 -1.5999713333333334
vertex 3.599963333333333 7.49997 -1.5999713333333334
vertex 2.350024 7.49997 -1.5999713333333334
endloop
endfacet
facet normal 0 0 -1
outer loop
vertex 3.599963333333333 7.958440666666666 -1.5999713333333334
vertex 2.350024 7.49997 -1.5999713333333334
vertex 2.3048226666666665 7.958440666666666 -1.5999713333333334
endloop
endfacet
facet normal 0 0 -1
outer loop
vertex -2.3048226666666665 7.958440666666666 -1.5999713333333334
vertex -2.350024 7.49997 -1.5999713333333334
vertex -3.599963333333333 7.49997 -1.5999713333333334
endloop
endfacet
facet normal 0 0 -1
outer loop
vertex -2.3048226666666665 7.958440666666666 -1.5999713333333334
vertex -3.599963333333333 7.49997 -1.5999713333333334
vertex -3.599963333333333 7.958440666666666 -1.5999713333333334
endloop
endfacet
facet normal 0 0 -1
outer loop
vertex 3.599963333333333 7.49997 -1.5999713333333334
vertex 3.599963333333333 7.041499333333333 -1.5999713333333334
vertex 2.3048226666666665 7.041499333333333 -1.5999713333333334
endloop
endfacet
facet normal 0 0 -1
outer loop
vertex 3.599963333333333 7.49997 -1.5999713333333334
vertex 2.3048226666666665 7.041499333333333 -1.5999713333333334
vertex 2.350024 7.49997 -1.5999713333333334
endloop
endfacet
facet normal 0 0 -1
outer loop
vertex -2.350024 7.49997 -1.5999713333333334
vertex -2.3048226666666665 7.041499333333333 -1.5999713333333334
vertex -3.599963333333333 7.041499333333333 -1.5999713333333334
endloop
endfacet
facet normal 0 0 -1
outer loop
vertex -2.350024 7.49997 -1.5999713333333334
vertex -3.599963333333333 7.041499333333333 -1.5999713333333334
vertex -3.599963333333333 7.49997 -1.5999713333333334
endloop
endfacet
facet normal 0 0 -1
outer loop
vertex 3.599963333333333 7.041499333333333 -1.5999713333333334
vertex 3.599963333333333 6.600730666666666 -1.5999713333333334
vertex 2.171111333333333 6.600730666666666 -1.5999713333333334
endloop
endfacet
facet normal 0 0 -1
outer loop
vertex 3.599963333333333 7.041499333333333 -1.5999713333333334
vertex 2.171111333333333 6.600730666666666 -1.5999713333333334
vertex 2.3048226666666665 7.041499333333333 -1.5999713333333334
endloop
endfacet
facet normal 0 0 -1
outer loop
vertex -2.3048226666666665 7.041499333333333 -1.5999713333333334
vertex -2.171111333333333 6.600730666666666 -1.5999713333333334
vertex -3.599963333333333 6.600730666666666 -1.5999713333333334
endloop
endfacet
facet normal 0 0 -1
outer loop
vertex -2.3048226666666665 7.041499333333333 -1.5999713333333334
vertex -3.599963333333333 6.600730666666666 -1.5999713333333334
vertex -3.599963333333333 7.041499333333333 -1.5999713333333334
endloop
endfacet
facet normal 0 0 -1
outer loop
vertex 3.599963333333333 6.600730666666666 -1.5999713333333334
vertex 3.599963333333333 6.194364 -1.5999713333333334
vertex 1.9539 6.194364 -1.5999713333333334
endloop
endfacet
facet normal 0 0 -1
outer loop
vertex 3.599963333333333 6.600730666666666 -1.5999713333333334
vertex 1.9539 6.194364 -1.5999713333333334
vertex 2.171111333333333 6.600730666666666 -1.5999713333333334
endloop
endfacet
facet normal 0 0 -0.9999999999999999
outer loop
vertex -2.171111333333333 6.600730666666666 -1.5999713333333334
vertex -1.9539 6.194364 -1.5999713333333334
vertex -3.599963333333333 6.194364 -1.5999713333333334
endloop
endfacet
facet normal 0 0 -1
outer loop
vertex -2.171111333333333 6.600730666666666 -1.5999713333333334
vertex -3.599963333333333 6.194364 -1.5999713333333334
vertex -3.599963333333333 6.600730666666666 -1.5999713333333334
endloop
endfacet
facet normal 0 0 -1
outer loop
vertex 3.599963333333333 6.194364 -1.5999713333333334
vertex 3.599963333333333 5.83832 -1.5999713333333334
vertex 1.66165 5.83832 -1.5999713333333334
endloop
endfacet
facet normal 0 0 -1
outer loop
vertex 3.599963333333333 6.194364 -1.5999713333333334
vertex 1.66165 5.83832 -1.5999713333333334
vertex 1.9539 6.194364 -1.5999713333333334
endloop
endfacet
facet normal 0 0 -1
outer loop
vertex -1.9539 6.194364 -1.5999713333333334
vertex -1.66165 5.83832 -1.5999713333333334
vertex -3.599963333333333 5.83832 -1.5999713333333334
endloop
endfacet
facet normal 0 0 -1
outer loop
vertex -1.9539 6.194364 -1.5999713333333334
vertex -3.599963333333333 5.83832 -1.5999713333333334
vertex -3.599963333333333 6.194364 -1.5999713333333334
endloop
endfacet
facet normal 0 0 -0.9999999999999999
outer loop
vertex 3.599963333333333 5.83832 -1.5999713333333334
vertex 3.599963333333333 5.54607 -1.5999713333333334
vertex 1.305606 5.54607 -1.5999713333333334
endloop
endfacet
facet normal 0 0 -1
outer loop
vertex 3.599963333333333 5.83832 -1.5999713333333334
vertex 1.305606 5.54607 -1.5999713333333334
vertex 1.66165 5.83832 -1.5999713333333334
endloop
endfacet
facet normal 0 0 -0.9999999999999999
outer loop
vertex -1.66165 5.83832 -1.5999713333333334
vertex -1.305606 5.54607 -1.5999713333333334
vertex -3.599963333333333 5.54607 -1.5999713333333334
endloop
endfacet
facet normal 0 0 -1
outer loop
vertex -1.66165 5.83832 -1.5999713333333334
vertex -3.599963333333333 5.54607 -1.5999713333333334
vertex -3.599963333333333 5.83832 -1.5999713333333334
endloop
endfacet
facet normal 0 0 -1
outer loop
vertex 3.599963333333333 5.54607 -1.5999713333333334
vertex 3.599963333333333 5.328858666666667 -1.5999713333333334
vertex 0.8993506666666666 5.328858666666667 -1.5999713333333334
endloop
endfacet
facet normal 0 0 -1
outer loop
vertex 3.599963333333333 5.54607 -1.5999713333333334
vertex 0.8993506666666666 5.328858666666667 -1.5999713333333334
vertex 1.305606 5.54607 -1.5999713333333334
endloop
endfacet
facet normal 0 0 -1
outer loop
vertex -1.305606 5.54607 -1.5999713333333334
vertex -0.8993506666666666 5.328858666666667 -1.5999713333333334
vertex -3.599963333333333 5.328858666666667 -1.5999713333333334
endloop
endfacet
facet normal 0 0 -1
outer loop
vertex -1.305606 5.54607 -1.5999713333333334
vertex -3.599963333333333 5.328858666666667 -1.5999713333333334
vertex -3.599963333333333 5.54607 -1.5999713333333334
endloop
endfacet
facet normal 0 0 -0.9999999999999999
outer loop
vertex 3.599963333333333 5.328858666666667 -1.5999713333333334
vertex 3.599963333333333 5.195147333333334 -1.5999713333333334
vertex 0.4584706666666667 5.195147333333334 -1.5999713333333334
endloop
endfacet
facet normal 0 0 -1
outer loop
vertex 3.599963333333333 5.328858666666667 -1.5999713333333334
vertex 0.4584706666666667 5.195147333333334 -1.5999713333333334
vertex 0.8993506666666666 5.328858666666667 -1.5999713333333334
endloop
endfacet
facet normal 0 0 -0.9999999999999999
outer loop
vertex -0.8993506666666666 5.328858666666667 -1.5999713333333334
vertex -0.4584706666666667 5.195147333333334 -1.5999713333333334
vertex -3.599963333333333 5.195147333333334 -1.5999713333333334
endloop
endfacet
facet normal 0 0 -1
outer loop
vertex -0.8993506666666666 5.328858666666667 -1.5999713333333334
vertex -3.599963333333333 5.195147333333334 -1.5999713333333334
vertex -3.599963333333333 5.328858666666667 -1.5999713333333334
endloop
endfacet
facet normal 0 0 -0.9999999999999999
outer loop
vertex 3.599963333333333 5.195147333333334 -1.5999713333333334
vertex 3.599963333333333 5.149946 -1.5999713333333334
vertex 0 5.149946 -1.5999713333333334
endloop
endfacet
facet normal 0 0 -1
outer loop
vertex 3.599963333333333 5.195147333333334 -1.5999713333333334
vertex 0 5.149946 -1.5999713333333334
vertex 0.4584706666666667 5.195147333333334 -1.5999713333333334
endloop
endfacet
facet normal 0 0 -0.9999999999999999
outer loop
vertex -0.4584706666666667 5.195147333333334 -1.5999713333333334
vertex 0 5.149946 -1.5999713333333334
vertex -3.599963333333333 5.149946 -1.5999713333333334
endloop
endfacet
facet normal 0 0 -1
outer loop
vertex -0.4584706666666667 5.195147333333334 -1.5999713333333334
vertex -3.599963333333333 5.149946 -1.5999713333333334
vertex -3.599963333333333 5.195147333333334 -1.5999713333333334
endloop
endfacet
facet normal 0 0 -1
outer loop
vertex 0 0 -1.5999713333333334
vertex 0 5.149946 -1.5999713333333334
vertex 3.599963333333333 5.149946 -1.5999713333333334
endloop
endfacet
facet normal 0 0 -1
outer loop
vertex 0 0 -1.5999713333333334
vertex 3.599963333333333 5.149946 -1.5999713333333334
vertex 3.599963333333333 -5.149946 -1.5999713333333334
endloop
endfacet
facet normal 0 0 -1
outer loop
vertex 0 0 -1.5999713333333334
vertex 3.599963333333333 -5.149946 -1.5999713333333334
vertex 0 -5.149946 -1.5999713333333334
endloop
endfacet
facet normal 0 0 -1
outer loop
vertex 0 0 -1.5999713333333334
vertex 0 -5.149946 -1.5999713333333334
vertex -3.599963333333333 -5.149946 -1.5999713333333334
endloop
endfacet
facet normal 0 0 -1
outer loop
vertex 0 0 -1.5999713333333334
vertex -3.599963333333333 -5.149946 -1.5999713333333334
vertex -3.599963333333333 5.149946 -1.5999713333333334
endloop
endfacet
facet normal 0 0 -1
outer loop
vertex 0 0 -1.5999713333333334
vertex -3.599963333333333 5.149946 -1.5999713333333334
vertex 0 5.149946 -1.5999713333333334
endloop
endfacet
facet normal 0 0 -1
outer loop
vertex 3.599963333333333 -5.149946 -1.5999713333333334
vertex 3.599963333333333 -5.195147333333334 -1.5999713333333334
vertex 0.4584706666666667 -5.195147333333334 -1.5999713333333334
endloop
endfacet
facet normal 0 0 -0.9999999999999999
outer loop
vertex 3.599963333333333 -5.149946 -1.5999713333333334
vertex 0.4584706666666667 -5.195147333333334 -1.5999713333333334
vertex 0 -5.149946 -1.5999713333333334
endloop
endfacet
facet normal 0 0 -1
outer loop
vertex 0 -5.149946 -1.5999713333333334
vertex -0.4584706666666667 -5.195147333333334 -1.5999713333333334
vertex -3.599963333333333 -5.195147333333334 -1.5999713333333334
endloop
endfacet
facet normal 0 0 -0.9999999999999999
outer loop
vertex 0 -5.149946 -1.5999713333333334
vertex -3.599963333333333 -5.195147333333334 -1.5999713333333334
vertex -3.599963333333333 -5.149946 -1.5999713333333334
endloop
endfacet
facet normal 0 0 -1
outer loop
vertex 3.599963333333333 -5.195147333333334 -1.5999713333333334
vertex 3.599963333333333 -5.328858666666667 -1.5999713333333334
vertex 0.8993506666666666 -5.328858666666667 -1.5999713333333334
endloop
endfacet
facet normal 0 0 -0.9999999999999999
outer loop
vertex 3.599963333333333 -5.195147333333334 -1.5999713333333334
vertex 0.8993506666666666 -5.328858666666667 -1.5999713333333334
vertex 0.4584706666666667 -5.195147333333334 -1.5999713333333334
endloop
endfacet
facet normal 0 0 -1
outer loop
vertex -0.4584706666666667 -5.195147333333334 -1.5999713333333334
vertex -0.8993506666666666 -5.328858666666667 -1.5999713333333334
vertex -3.599963333333333 -5.328858666666667 -1.5999713333333334
endloop
endfacet
facet normal 0 0 -0.9999999999999999
outer loop
vertex -0.4584706666666667 -5.195147333333334 -1.5999713333333334
vertex -3.599963333333333 -5.328858666666667 -1.5999713333333334
vertex -3.599963333333333 -5.195147333333334 -1.5999713333333334
endloop
endfacet
facet normal 0 0 -1
outer loop
vertex 3.599963333333333 -5.328858666666667 -1.5999713333333334
vertex 3.599963333333333 -5.54607 -1.5999713333333334
vertex 1.305606 -5.54607 -1.5999713333333334
endloop
endfacet
facet normal 0 0 -1
outer loop
vertex 3.599963333333333 -5.328858666666667 -1.5999713333333334
vertex 1.305606 -5.54607 -1.5999713333333334
vertex 0.8993506666666666 -5.328858666666667 -1.5999713333333334
endloop
endfacet
facet normal 0 0 -1
outer loop
vertex -0.8993506666666666 -5.328858666666667 -1.5999713333333334
vertex -1.305606 -5.54607 -1.5999713333333334
vertex -3.599963333333333 -5.54607 -1.5999713333333334
endloop
endfacet
facet normal 0 0 -1
outer loop
vertex -0.8993506666666666 -5.328858666666667 -1.5999713333333334
vertex -3.599963333333333 -5.54607 -1.5999713333333334
vertex -3.599963333333333 -5.328858666666667 -1.5999713333333334
endloop
endfacet
facet normal 0 0 -1
outer loop
vertex 3.599963333333333 -5.54607 -1.5999713333333334
vertex 3.599963333333333 -5.83832 -1.5999713333333334
vertex 1.66165 -5.83832 -1.5999713333333334
endloop
endfacet
facet normal 0 0 -0.9999999999999999
outer loop
vertex 3.599963333333333 -5.54607 -1.5999713333333334
vertex 1.66165 -5.83832 -1.5999713333333334
vertex 1.305606 -5.54607 -1.5999713333333334
endloop
endfacet
facet normal 0 0 -1
outer loop
vertex -1.305606 -5.54607 -1.5999713333333334
vertex -1.66165 -5.83832 -1.5999713333333334
vertex -3.599963333333333 -5.83832 -1.5999713333333334
endloop
endfacet
facet normal 0 0 -0.9999999999999999
outer loop
vertex -1.305606 -5.54607 -1.5999713333333334
vertex -3.599963333333333 -5.83832 -1.5999713333333334
vertex -3.599963333333333 -5.54607 -1.5999713333333334
endloop
endfacet
facet normal 0 0 -1
outer loop
vertex 3.599963333333333 -5.83832 -1.5999713333333334
vertex 3.599963333333333 -6.194364 -1.5999713333333334
vertex 1.9539 -6.194364 -1.5999713333333334
endloop
endfacet
facet normal 0 0 -1
outer loop
vertex 3.599963333333333 -5.83832 -1.5999713333333334
vertex 1.9539 -6.194364 -1.5999713333333334
vertex 1.66165 -5.83832 -1.5999713333333334
endloop
endfacet
facet normal 0 0 -1
outer loop
vertex -1.66165 -5.83832 -1.5999713333333334
vertex -1.9539 -6.194364 -1.5999713333333334
vertex -3.599963333333333 -6.194364 -1.5999713333333334
endloop
endfacet
facet normal 0 0 -1
outer loop
vertex -1.66165 -5.83832 -1.5999713333333334
vertex -3.599963333333333 -6.194364 -1.5999713333333334
vertex -3.599963333333333 -5.83832 -1.5999713333333334
endloop
endfacet
facet normal 0 0 -1
outer loop
vertex 3.599963333333333 -6.194364 -1.5999713333333334
vertex 3.599963333333333 -6.600730666666666 -1.5999713333333334
vertex 2.171111333333333 -6.600730666666666 -1.5999713333333334
endloop
endfacet
facet normal 0 0 -1
outer loop
vertex 3.599963333333333 -6.194364 -1.5999713333333334
vertex 2.171111333333333 -6.600730666666666 -1.5999713333333334
vertex 1.9539 -6.194364 -1.5999713333333334
endloop
endfacet
facet normal 0 0 -1
outer loop
vertex -1.9539 -6.194364 -1.5999713333333334
vertex -2.171111333333333 -6.600730666666666 -1.5999713333333334
vertex -3.599963333333333 -6.600730666666666 -1.5999713333333334
endloop
endfacet
facet normal 0 0 -1
outer loop
vertex -1.9539 -6.194364 -1.5999713333333334
vertex -3.599963333333333 -6.600730666666666 -1.5999713333333334
vertex -3.599963333333333 -6.194364 -1.5999713333333334
endloop
endfacet
facet normal 0 0 -1
outer loop
vertex 3.599963333333333 -6.600730666666666 -1.5999713333333334
vertex 3.599963333333333 -7.041499333333333 -1.5999713333333334
vertex 2.3048226666666665 -7.041499333333333 -1.5999713333333334
endloop
endfacet
facet normal 0 0 -1
outer loop
vertex 3.599963333333333 -6.600730666666666 -1.5999713333333334
vertex 2.3048226666666665 -7.041499333333333 -1.5999713333333334
vertex 2.171111333333333 -6.600730666666666 -1.5999713333333334
endloop
endfacet
facet normal 0 0 -1
outer loop
vertex -2.171111333333333 -6.600730666666666 -1.5999713333333334
vertex -2.3048226666666665 -7.041499333333333 -1.5999713333333334
vertex -3.599963333333333 -7.041499333333333 -1.5999713333333334
endloop
endfacet
facet normal 0 0 -1
outer loop
vertex -2.171111333333333 -6.600730666666666 -1.5999713333333334
vertex -3.599963333333333 -7.041499333333333 -1.5999713333333334
vertex -3.599963333333333 -6.600730666666666 -1.5999713333333334
endloop
endfacet
facet normal 0 0 -1
outer loop
vertex 3.599963333333333 -7.041499333333333 -1.5999713333333334
vertex 3.599963333333333 -7.49997 -1.5999713333333334
vertex 2.350024 -7.49997 -1.5999713333333334
endloop
endfacet
facet normal 0 0 -1
outer loop
vertex 3.599963333333333 -7.041499333333333 -1.5999713333333334
vertex 2.350024 -7.49997 -1.5999713333333334
vertex 2.3048226666666665 -7.041499333333333 -1.5999713333333334
endloop
endfacet
facet normal 0 0 -1
outer loop
vertex -2.3048226666666665 -7.041499333333333 -1.5999713333333334
vertex -2.350024 -7.49997 -1.5999713333333334
vertex -3.599963333333333 -7.49997 -1.5999713333333334
endloop
endfacet
facet normal 0 0 -1
outer loop
vertex -2.3048226666666665 -7.041499333333333 -1.5999713333333334
vertex -3.599963333333333 -7.49997 -1.5999713333333334
vertex -3.599963333333333 -7.041499333333333 -1.5999713333333334
endloop
endfacet
facet normal 0 0 -1
outer loop
vertex 3.599963333333333 -7.49997 -1.5999713333333334
vertex 3.599963333333333 -7.958440666666666 -1.5999713333333334
vertex 2.3048226666666665 -7.958440666666666 -1.5999713333333334
endloop
endfacet
facet normal 0 0 -1
outer loop
vertex 3.599963333333333 -7.49997 -1.5999713333333334
vertex 2.3048226666666665 -7.958440666666666 -1.5999713333333334
vertex 2.350024 -7.49997 -1.5999713333333334
endloop
endfacet
facet normal 0 0 -1
outer loop
vertex -2.350024 -7.49997 -1.5999713333333334
vertex -2.3048226666666665 -7.958440666666666 -1.5999713333333334
vertex -3.599963333333333 -7.958440666666666 -1.5999713333333334
endloop
endfacet
facet normal 0 0 -1
outer loop
vertex -2.350024 -7.49997 -1.5999713333333334
vertex -3.599963333333333 -7.958440666666666 -1.5999713333333334
vertex -3.599963333333333 -7.49997 -1.5999713333333334
endloop
endfacet
facet normal 0 0 -1
outer loop
vertex 3.599963333333333 -7.958440666666666 -1.5999713333333334
vertex 3.599963333333333 -8.399320666666666 -1.5999713333333334
vertex 2.171111333333333 -8.399320666666666 -1.5999713333333334
endloop
endfacet
facet normal 0 0 -1
outer loop
vertex 3.599963333333333 -7.958440666666666 -1.5999713333333334
vertex 2.171111333333333 -8.399320666666666 -1.5999713333333334
vertex 2.3048226666666665 -7.958440666666666 -1.5999713333333334
endloop
endfacet
facet normal 0 0 -1
outer loop
vertex -2.3048226666666665 -7.958440666666666 -1.5999713333333334
vertex -2.171111333333333 -8.399320666666666 -1.5999713333333334
vertex -3.599963333333333 -8.399320666666666 -1.5999713333333334
endloop
endfacet
facet normal 0 0 -1
outer loop
vertex -2.3048226666666665 -7.958440666666666 -1.5999713333333334
vertex -3.599963333333333 -8.399320666666666 -1.5999713333333334
vertex -3.599963333333333 -7.958440666666666 -1.5999713333333334
endloop
endfacet
facet normal 0 0 -1
outer loop
vertex 3.599963333333333 -8.399320666666666 -1.5999713333333334
vertex 3.599963333333333 -8.805576 -1.5999713333333334
vertex 1.9539 -8.805576 -1.5999713333333334
endloop
endfacet
facet normal 0 0 -1
outer loop
vertex 3.599963333333333 -8.399320666666666 -1.5999713333333334
vertex 1.9539 -8.805576 -1.5999713333333334
vertex 2.171111333333333 -8.399320666666666 -1.5999713333333334
endloop
endfacet
facet normal 0 0 -1
outer loop
vertex -2.171111333333333 -8.399320666666666 -1.5999713333333334
vertex -1.9539 -8.805576 -1.5999713333333334
vertex -3.599963333333333 -8.805576 -1.5999713333333334
endloop
endfacet
facet normal 0 0 -1
outer loop
vertex -2.171111333333333 -8.399320666666666 -1.5999713333333334
vertex -3.599963333333333 -8.805576 -1.5999713333333334
vertex -3.599963333333333 -8.399320666666666 -1.5999713333333334
endloop
endfacet
facet normal 0 0 -1
outer loop
vertex 3.599963333333333 -8.805576 -1.5999713333333334
vertex 3.599963333333333 -9.161731333333334 -1.5999713333333334
vertex 1.66165 -9.161731333333334 -1.5999713333333334
endloop
endfacet
facet normal 0 0 -1
outer loop
vertex 3.599963333333333 -8.805576 -1.5999713333333334
vertex 1.66165 -9.161731333333334 -1.5999713333333334
vertex 1.9539 -8.805576 -1.5999713333333334
endloop
endfacet
facet normal 0 0 -1
outer loop
vertex -1.9539 -8.805576 -1.5999713333333334
vertex -1.66165 -9.161731333333334 -1.5999713333333334
vertex -3.599963333333333 -9.161731333333334 -1.5999713333333334
endloop
endfacet
facet normal 0 0 -1
outer loop
vertex -1.9539 -8.805576 -1.5999713333333334
vertex -3.599963333333333 -9.161731333333334 -1.5999713333333334
vertex -3.599963333333333 -8.805576 -1.5999713333333334
endloop
endfacet
facet normal 0 0 -0.9999999999999999
outer loop
vertex 3.599963333333333 -9.161731333333334 -1.5999713333333334
vertex 3.599963333333333 -9.453981333333333 -1.5999713333333334
vertex 1.305606 -9.453981333333333 -1.5999713333333334
endloop
endfacet
facet normal 0 0 -1
outer loop
vertex 3.599963333333333 -9.161731333333334 -1.5999713333333334
vertex 1.305606 -9.453981333333333 -1.5999713333333334
vertex 1.66165 -9.161731333333334 -1.5999713333333334
endloop
endfacet
facet normal 0 0 -0.9999999999999999
outer loop
vertex -1.66165 -9.161731333333334 -1.5999713333333334
vertex -1.305606 -9.453981333333333 -1.5999713333333334
vertex -3.599963333333333 -9.453981333333333 -1.5999713333333334
endloop
endfacet
facet normal 0 0 -1
outer loop
vertex -1.66165 -9.161731333333334 -1.5999713333333334
vertex -3.599963333333333 -9.453981333333333 -1.5999713333333334
vertex -3.599963333333333 -9.161731333333334 -1.5999713333333334
endloop
endfacet
facet normal 0 0 -1
outer loop
vertex 3.599963333333333 -9.453981333333333 -1.5999713333333334
vertex 3.599963333333333 -9.671081333333333 -1.5999713333333334
vertex 0.8993506666666666 -9.671081333333333 -1.5999713333333334
endloop
endfacet
facet normal 0 0 -1
outer loop
vertex 3.599963333333333 -9.453981333333333 -1.5999713333333334
vertex 0.8993506666666666 -9.671081333333333 -1.5999713333333334
vertex 1.305606 -9.453981333333333 -1.5999713333333334
endloop
endfacet
facet normal 0 0 -1
outer loop
vertex -1.305606 -9.453981333333333 -1.5999713333333334
vertex -0.8993506666666666 -9.671081333333333 -1.5999713333333334
vertex -3.599963333333333 -9.671081333333333 -1.5999713333333334
endloop
endfacet
facet normal 0 0 -1
outer loop
vertex -1.305606 -9.453981333333333 -1.5999713333333334
vertex -3.599963333333333 -9.671081333333333 -1.5999713333333334
vertex -3.599963333333333 -9.453981333333333 -1.5999713333333334
endloop
endfacet
facet normal 0 0 -1
outer loop
vertex 3.599963333333333 -9.671081333333333 -1.5999713333333334
vertex 3.599963333333333 -9.804792666666666 -1.5999713333333334
vertex 0.4584706666666667 -9.804792666666666 -1.5999713333333334
endloop
endfacet
facet normal 0 0 -1
outer loop
vertex 3.599963333333333 -9.671081333333333 -1.5999713333333334
vertex 0.4584706666666667 -9.804792666666666 -1.5999713333333334
vertex 0.8993506666666666 -9.671081333333333 -1.5999713333333334
endloop
endfacet
facet normal 0 0 -1
outer loop
vertex -0.8993506666666666 -9.671081333333333 -1.5999713333333334
vertex -0.4584706666666667 -9.804792666666666 -1.5999713333333334
vertex -3.599963333333333 -9.804792666666666 -1.5999713333333334
endloop
endfacet
facet normal 0 0 -1
outer loop
vertex -0.8993506666666666 -9.671081333333333 -1.5999713333333334
vertex -3.599963333333333 -9.804792666666666 -1.5999713333333334
vertex -3.599963333333333 -9.671081333333333 -1.5999713333333334
endloop
endfacet
facet normal 0 0 -1
outer loop
vertex 3.599963333333333 -9.804792666666666 -1.5999713333333334
vertex 3.599963333333333 -9.849994 -1.5999713333333334
vertex 0 -9.849994 -1.5999713333333334
endloop
endfacet
facet normal 0 0 -1
outer loop
vertex 3.599963333333333 -9.804792666666666 -1.5999713333333334
vertex 0 -9.849994 -1.5999713333333334
vertex 0.4584706666666667 -9.804792666666666 -1.5999713333333334
endloop
endfacet
facet normal 0 0 -1
outer loop
vertex -0.4584706666666667 -9.804792666666666 -1.5999713333333334
vertex 0 -9.849994 -1.5999713333333334
vertex -3.599963333333333 -9.849994 -1.5999713333333334
endloop
endfacet
facet normal 0 0 -1
outer loop
vertex -0.4584706666666667 -9.804792666666666 -1.5999713333333334
vertex -3.599963333333333 -9.849994 -1.5999713333333334
vertex -3.599963333333333 -9.804792666666666 -1.5999713333333334
endloop
endfacet
facet normal 0 0 -1
outer loop
vertex 0 -10.349992 -1.5999713333333334
vertex 0 -9.849994 -1.5999713333333334
vertex 3.599963333333333 -9.849994 -1.5999713333333334
endloop
endfacet
facet normal 0 0 -0.9999999999999999
outer loop
vertex 0 -10.349992 -1.5999713333333334
vertex 3.599963333333333 -9.849994 -1.5999713333333334
vertex 3.599963333333333 -11.100044666666667 -1.5999713333333334
endloop
endfacet
facet normal 0 0 -1
outer loop
vertex 0 -10.349992 -1.5999713333333334
vertex 3.599963333333333 -11.100044666666667 -1.5999713333333334
vertex -3.599963333333333 -11.100044666666667 -1.5999713333333334
endloop
endfacet
facet normal 0 0 -0.9999999999999999
outer loop
vertex 0 -10.349992 -1.5999713333333334
vertex -3.599963333333333 -11.100044666666667 -1.5999713333333334
vertex -3.599963333333333 -9.849994 -1.5999713333333334
endloop
endfacet
facet normal 0 0 -1
outer loop
vertex 0 -10.349992 -1.5999713333333334
vertex -3.599963333333333 -9.849994 -1.5999713333333334
vertex 0 -9.849994 -1.5999713333333334
endloop
endfacet
facet normal 0 0 1
outer loop
vertex 0 10.453420666666666 2.4000126666666666
vertex 0 11.100044666666667 2.4000126666666666
vertex -0.7022906666666666 11.030795333333334 2.4000126666666666
endloop
endfacet
facet normal 0 0 1
outer loop
vertex 0 10.453420666666666 2.4000126666666666
vertex -0.7022906666666666 11.030795333333334 2.4000126666666666
vertex -1.3776386666666667 10.825942 2.4000126666666666
endloop
endfacet
facet normal 0 0 1
outer loop
vertex 0 10.453420666666666 2.4000126666666666
vertex -1.3776386666666667 10.825942 2.4000126666666666
vertex -2.000103333333333 10.493278 2.4000126666666666
endloop
endfacet
facet normal 0 0 1
outer loop
vertex 0 10.453420666666666 2.4000126666666666
vertex -2.000103333333333 10.493278 2.4000126666666666
vertex -2.5456366666666668 10.045606666666666 2.4000126666666666
endloop
endfacet
facet normal 0 0 1
outer loop
vertex 0 10.453420666666666 2.4000126666666666
vertex -2.5456366666666668 10.045606666666666 2.4000126666666666
vertex -2.706068 9.849994 2.4000126666666666
endloop
endfacet
facet normal 0 0 1
outer loop
vertex 0 10.453420666666666 2.4000126666666666
vertex -2.706068 9.849994 2.4000126666666666
vertex 0 9.849994 2.4000126666666666
endloop
endfacet
facet normal 0 0 1
outer loop
vertex 0 10.453420666666666 2.4000126666666666
vertex 0 9.849994 2.4000126666666666
vertex 2.706068 9.849994 2.4000126666666666
endloop
endfacet
facet normal 0 0 1
outer loop
vertex 0 10.453420666666666 2.4000126666666666
vertex 2.706068 9.849994 2.4000126666666666
vertex 2.5456366666666668 10.045606666666666 2.4000126666666666
endloop
endfacet
facet normal 0 0 1
outer loop
vertex 0 10.453420666666666 2.4000126666666666
vertex 2.5456366666666668 10.045606666666666 2.4000126666666666
vertex 2.000103333333333 10.493278 2.4000126666666666
endloop
endfacet
facet normal 0 0 1
outer loop
vertex 0 10.453420666666666 2.4000126666666666
vertex 2.000103333333333 10.493278 2.4000126666666666
vertex 1.3776386666666667 10.825942 2.4000126666666666
endloop
endfacet
facet normal 0 0 1
outer loop
vertex 0 10.453420666666666 2.4000126666666666
vertex 1.3776386666666667 10.825942 2.4000126666666666
vertex 0.7022906666666666 11.030795333333334 2.4000126666666666
endloop
endfacet
facet normal 0 0 1
outer loop
vertex 0 10.453420666666666 2.4000126666666666
vertex 0.7022906666666666 11.030795333333334 2.4000126666666666
vertex 0 11.100044666666667 2.4000126666666666
endloop
endfacet
facet normal 0 0 1
outer loop
vertex -2.706068 9.849994 2.4000126666666666
vertex -2.743142 9.804792666666666 2.4000126666666666
vertex -0.4584706666666667 9.804792666666666 2.4000126666666666
endloop
endfacet
facet normal 0 0 1
outer loop
vertex -2.706068 9.849994 2.4000126666666666
vertex -0.4584706666666667 9.804792666666666 2.4000126666666666
vertex 0 9.849994 2.4000126666666666
endloop
endfacet
facet normal 0 0 1
outer loop
vertex 0 9.849994 2.4000126666666666
vertex 0.4584706666666667 9.804792666666666 2.4000126666666666
vertex 2.743142 9.804792666666666 2.4000126666666666
endloop
endfacet
facet normal 0 0 1
outer loop
vertex 0 9.849994 2.4000126666666666
vertex 2.743142 9.804792666666666 2.4000126666666666
vertex 2.706068 9.849994 2.4000126666666666
endloop
endfacet
facet normal 0 0 1
outer loop
vertex -2.743142 9.804792666666666 2.4000126666666666
vertex -2.8529166666666668 9.671081333333333 2.4000126666666666
vertex -0.8993506666666666 9.671081333333333 2.4000126666666666
endloop
endfacet
facet normal 0 0 1
outer loop
vertex -2.743142 9.804792666666666 2.4000126666666666
vertex -0.8993506666666666 9.671081333333333 2.4000126666666666
vertex -0.4584706666666667 9.804792666666666 2.4000126666666666
endloop
endfacet
facet normal 0 0 1
outer loop
vertex 0.4584706666666667 9.804792666666666 2.4000126666666666
vertex 0.8993506666666666 9.671081333333333 2.4000126666666666
vertex 2.8529166666666668 9.671081333333333 2.4000126666666666
endloop
endfacet
facet normal 0 0 1
outer loop
vertex 0.4584706666666667 9.804792666666666 2.4000126666666666
vertex 2.8529166666666668 9.671081333333333 2.4000126666666666
vertex 2.743142 9.804792666666666 2.4000126666666666
endloop
endfacet
facet normal 0 0 1
outer loop
vertex -2.2138633333333333 9.550062 2.4000126666666666
vertex -2.8529166666666668 9.671081333333333 2.4000126666666666
vertex -2.993308 9.500073333333333 2.4000126666666666
endloop
endfacet
facet normal 0 0 1
outer loop
vertex -2.2138633333333333 9.550062 2.4000126666666666
vertex -2.993308 9.500073333333333 2.4000126666666666
vertex -3.0179126666666667 9.453981333333333 2.4000126666666666
endloop
endfacet
facet normal 0 0 1
outer loop
vertex -2.2138633333333333 9.550062 2.4000126666666666
vertex -3.0179126666666667 9.453981333333333 2.4000126666666666
vertex -1.305606 9.453981333333333 2.4000126666666666
endloop
endfacet
facet normal 0 0 1
outer loop
vertex -2.2138633333333333 9.550062 2.4000126666666666
vertex -1.305606 9.453981333333333 2.4000126666666666
vertex -0.8993506666666666 9.671081333333333 2.4000126666666666
endloop
endfacet
facet normal 0 0 1
outer loop
vertex -2.2138633333333333 9.550062 2.4000126666666666
vertex -0.8993506666666666 9.671081333333333 2.4000126666666666
vertex -2.8529166666666668 9.671081333333333 2.4000126666666666
endloop
endfacet
facet normal 0 0 1
outer loop
vertex 2.2138633333333333 9.550062 2.4000126666666666
vertex 0.8993506666666666 9.671081333333333 2.4000126666666666
vertex 1.305606 9.453981333333333 2.4000126666666666
endloop
endfacet
facet normal 0 0 1
outer loop
vertex 2.2138633333333333 9.550062 2.4000126666666666
vertex 1.305606 9.453981333333333 2.4000126666666666
vertex 3.0179126666666667 9.453981333333333 2.4000126666666666
endloop
endfacet
facet normal 0 0 1
outer loop
vertex 2.2138633333333333 9.550062 2.4000126666666666
vertex 3.0179126666666667 9.453981333333333 2.4000126666666666
vertex 2.993308 9.500073333333333 2.4000126666666666
endloop
endfacet
facet normal 0 0 1
outer loop
vertex 2.2138633333333333 9.550062 2.4000126666666666
vertex 2.993308 9.500073333333333 2.4000126666666666
vertex 2.8529166666666668 9.671081333333333 2.4000126666666666
endloop
endfacet
facet normal 0 0 1
outer loop
vertex 2.2138633333333333 9.550062 2.4000126666666666
vertex 2.8529166666666668 9.671081333333333 2.4000126666666666
vertex 0.8993506666666666 9.671081333333333 2.4000126666666666
endloop
endfacet
facet normal 0 0 1
outer loop
vertex -3.0179126666666667 9.453981333333333 2.4000126666666666
vertex -3.174113333333333 9.161731333333334 2.4000126666666666
vertex -1.66165 9.161731333333334 2.4000126666666666
endloop
endfacet
facet normal 0 0 1
outer loop
vertex -3.0179126666666667 9.453981333333333 2.4000126666666666
vertex -1.66165 9.161731333333334 2.4000126666666666
vertex -1.305606 9.453981333333333 2.4000126666666666
endloop
endfacet
facet normal 0 0 1
outer loop
vertex 1.305606 9.453981333333333 2.4000126666666666
vertex 1.66165 9.161731333333334 2.4000126666666666
vertex 3.174113333333333 9.161731333333334 2.4000126666666666
endloop
endfacet
facet normal 0 0 1
outer loop
vertex 1.305606 9.453981333333333 2.4000126666666666
vertex 3.174113333333333 9.161731333333334 2.4000126666666666
vertex 3.0179126666666667 9.453981333333333 2.4000126666666666
endloop
endfacet
facet normal 0 0 1
outer loop
vertex -2.692708 8.962444666666666 2.4000126666666666
vertex -3.174113333333333 9.161731333333334 2.4000126666666666
vertex -3.325972 8.877608666666667 2.4000126666666666
endloop
endfacet
facet normal 0 0 1
outer loop
vertex -2.692708 8.962444666666666 2.4000126666666666
vertex -3.325972 8.877608666666667 2.4000126666666666
vertex -3.347793333333333 8.805576 2.4000126666666666
endloop
endfacet
facet normal 0 0 1
outer loop
vertex -2.692708 8.962444666666666 2.4000126666666666
vertex -3.347793333333333 8.805576 2.4000126666666666
vertex -1.9539 8.805576 2.4000126666666666
endloop
endfacet
facet normal 0 0 1
outer loop
vertex -2.692708 8.962444666666666 2.4000126666666666
vertex -1.9539 8.805576 2.4000126666666666
vertex -1.66165 9.161731333333334 2.4000126666666666
endloop
endfacet
facet normal 0 0 1
outer loop
vertex -2.692708 8.962444666666666 2.4000126666666666
vertex -1.66165 9.161731333333334 2.4000126666666666
vertex -3.174113333333333 9.161731333333334 2.4000126666666666
endloop
endfacet
facet normal 0 0 1
outer loop
vertex 2.692708 8.962444666666666 2.4000126666666666
vertex 1.66165 9.161731333333334 2.4000126666666666
vertex 1.9539 8.805576 2.4000126666666666
endloop
endfacet
facet normal 0 0 1
outer loop
vertex 2.692708 8.962444666666666 2.4000126666666666
vertex 1.9539 8.805576 2.4000126666666666
vertex 3.347793333333333 8.805576 2.4000126666666666
endloop
endfacet
facet normal 0 0 1
outer loop
vertex 2.692708 8.962444666666666 2.4000126666666666
vertex 3.347793333333333 8.805576 2.4000126666666666
vertex 3.325972 8.877608666666667 2.4000126666666666
endloop
endfacet
facet normal 0 0 1
outer loop
vertex 2.692708 8.962444666666666 2.4000126666666666
vertex 3.325972 8.877608666666667 2.4000126666666666
vertex 3.174113333333333 9.161731333333334 2.4000126666666666
endloop
endfacet
facet normal 0 0 1
outer loop
vertex 2.692708 8.962444666666666 2.4000126666666666
vertex 3.174113333333333 9.161731333333334 2.4000126666666666
vertex 1.66165 9.161731333333334 2.4000126666666666
endloop
endfacet
facet normal 0 0 1
outer loop
vertex -3.347793333333333 8.805576 2.4000126666666666
vertex -3.471039333333333 8.399320666666666 2.4000126666666666
vertex -2.171111333333333 8.399320666666666 2.4000126666666666
endloop
endfacet
facet normal 0 0 1
outer loop
vertex -3.347793333333333 8.805576 2.4000126666666666
vertex -2.171111333333333 8.399320666666666 2.4000126666666666
vertex -1.9539 8.805576 2.4000126666666666
endloop
endfacet
facet normal 0 0 1
outer loop
vertex 1.9539 8.805576 2.4000126666666666
vertex 2.171111333333333 8.399320666666666 2.4000126666666666
vertex 3.471039333333333 8.399320666666666 2.4000126666666666
endloop
endfacet
facet normal 0 0 1
outer loop
vertex 1.9539 8.805576 2.4000126666666666
vertex 3.471039333333333 8.399320666666666 2.4000126666666666
vertex 3.347793333333333 8.805576 2.4000126666666666
endloop
endfacet
facet normal 0 0 1
outer loop
vertex -3.0065566666666665 8.183556666666666 2.4000126666666666
vertex -3.471039333333333 8.399320666666666 2.4000126666666666
vertex -3.5308253333333335 8.202372 2.4000126666666666
endloop
endfacet
facet normal 0 0 1
outer loop
vertex -3.0065566666666665 8.183556666666666 2.4000126666666666
vertex -3.5308253333333335 8.202372 2.4000126666666666
vertex -3.5548733333333336 7.958440666666666 2.4000126666666666
endloop
endfacet
facet normal 0 0 1
outer loop
vertex -3.0065566666666665 8.183556666666666 2.4000126666666666
vertex -3.5548733333333336 7.958440666666666 2.4000126666666666
vertex -2.3048226666666665 7.958440666666666 2.4000126666666666
endloop
endfacet
facet normal 0 0 1
outer loop
vertex -3.0065566666666665 8.183556666666666 2.4000126666666666
vertex -2.3048226666666665 7.958440666666666 2.4000126666666666
vertex -2.171111333333333 8.399320666666666 2.4000126666666666
endloop
endfacet
facet normal 0 0 1
outer loop
vertex -3.0065566666666665 8.183556666666666 2.4000126666666666
vertex -2.171111333333333 8.399320666666666 2.4000126666666666
vertex -3.471039333333333 8.399320666666666 2.4000126666666666
endloop
endfacet
facet normal 0 0 1
outer loop
vertex 3.0065566666666665 8.183556666666666 2.4000126666666666
vertex 2.171111333333333 8.399320666666666 2.4000126666666666
vertex 2.3048226666666665 7.958440666666666 2.4000126666666666
endloop
endfacet
facet normal 0 0 1
outer loop
vertex 3.0065566666666665 8.183556666666666 2.4000126666666666
vertex 2.3048226666666665 7.958440666666666 2.4000126666666666
vertex 3.5548733333333336 7.958440666666666 2.4000126666666666
endloop
endfacet
facet normal 0 0 1
outer loop
vertex 3.0065566666666665 8.183556666666666 2.4000126666666666
vertex 3.5548733333333336 7.958440666666666 2.4000126666666666
vertex 3.5308253333333335 8.202372 2.4000126666666666
endloop
endfacet
facet normal 0 0 1
outer loop
vertex 3.0065566666666665 8.183556666666666 2.4000126666666666
vertex 3.5308253333333335 8.202372 2.4000126666666666
vertex 3.471039333333333 8.399320666666666 2.4000126666666666
endloop
endfacet
facet normal 0 0 1
outer loop
vertex 3.0065566666666665 8.183556666666666 2.4000126666666666
vertex 3.471039333333333 8.399320666666666 2.4000126666666666
vertex 2.171111333333333 8.399320666666666 2.4000126666666666
endloop
endfacet
facet normal 0 0 1
outer loop
vertex -3.5548733333333336 7.958440666666666 2.4000126666666666
vertex -3.599963333333333 7.49997 2.4000126666666666
vertex -2.350024 7.49997 2.4000126666666666
endloop
endfacet
facet normal 0 0 1
outer loop
vertex -3.5548733333333336 7.958440666666666 2.4000126666666666
vertex -2.350024 7.49997 2.4000126666666666
vertex -2.3048226666666665 7.958440666666666 2.4000126666666666
endloop
endfacet
facet normal 0 0 1
outer loop
vertex 2.3048226666666665 7.958440666666666 2.4000126666666666
vertex 2.350024 7.49997 2.4000126666666666
vertex 3.599963333333333 7.49997 2.4000126666666666
endloop
endfacet
facet normal 0 0 1
outer loop
vertex 2.3048226666666665 7.958440666666666 2.4000126666666666
vertex 3.599963333333333 7.49997 2.4000126666666666
vertex 3.5548733333333336 7.958440666666666 2.4000126666666666
endloop
endfacet
facet normal 0 0 1
outer loop
vertex -3.599963333333333 7.49997 2.4000126666666666
vertex -3.5548733333333336 7.041499333333333 2.4000126666666666
vertex -2.3048226666666665 7.041499333333333 2.4000126666666666
endloop
endfacet
facet normal 0 0 1
outer loop
vertex -3.599963333333333 7.49997 2.4000126666666666
vertex -2.3048226666666665 7.041499333333333 2.4000126666666666
vertex -2.350024 7.49997 2.4000126666666666
endloop
endfacet
facet normal 0 0 1
outer loop
vertex 2.350024 7.49997 2.4000126666666666
vertex 2.3048226666666665 7.041499333333333 2.4000126666666666
vertex 3.5548733333333336 7.041499333333333 2.4000126666666666
endloop
endfacet
facet normal 0 0 1
outer loop
vertex 2.350024 7.49997 2.4000126666666666
vertex 3.5548733333333336 7.041499333333333 2.4000126666666666
vertex 3.599963333333333 7.49997 2.4000126666666666
endloop
endfacet
facet normal 0 0 1
outer loop
vertex -3.0065566666666665 6.8163833333333335 2.4000126666666666
vertex -3.5548733333333336 7.041499333333333 2.4000126666666666
vertex -3.5308253333333335 6.797679333333333 2.4000126666666666
endloop
endfacet
facet normal 0 0 0.9999999999999999
outer loop
vertex -3.0065566666666665 6.8163833333333335 2.4000126666666666
vertex -3.5308253333333335 6.797679333333333 2.4000126666666666
vertex -3.471039333333333 6.600730666666666 2.4000126666666666
endloop
endfacet
facet normal 0 0 1
outer loop
vertex -3.0065566666666665 6.8163833333333335 2.4000126666666666
vertex -3.471039333333333 6.600730666666666 2.4000126666666666
vertex -2.171111333333333 6.600730666666666 2.4000126666666666
endloop
endfacet
facet normal 0 0 1
outer loop
vertex -3.0065566666666665 6.8163833333333335 2.4000126666666666
vertex -2.171111333333333 6.600730666666666 2.4000126666666666
vertex -2.3048226666666665 7.041499333333333 2.4000126666666666
endloop
endfacet
facet normal 0 0 1
outer loop
vertex -3.0065566666666665 6.8163833333333335 2.4000126666666666
vertex -2.3048226666666665 7.041499333333333 2.4000126666666666
vertex -3.5548733333333336 7.041499333333333 2.4000126666666666
endloop
endfacet
facet normal 0 0 1
outer loop
vertex 3.0065566666666665 6.8163833333333335 2.4000126666666666
vertex 2.3048226666666665 7.041499333333333 2.4000126666666666
vertex 2.171111333333333 6.600730666666666 2.4000126666666666
endloop
endfacet
facet normal 0 0 1
outer loop
vertex 3.0065566666666665 6.8163833333333335 2.4000126666666666
vertex 2.171111333333333 6.600730666666666 2.4000126666666666
vertex 3.471039333333333 6.600730666666666 2.4000126666666666
endloop
endfacet
facet normal 0 0 0.9999999999999999
outer loop
vertex 3.0065566666666665 6.8163833333333335 2.4000126666666666
vertex 3.471039333333333 6.600730666666666 2.4000126666666666
vertex 3.5308253333333335 6.797679333333333 2.4000126666666666
endloop
endfacet
facet normal 0 0 1
outer loop
vertex 3.0065566666666665 6.8163833333333335 2.4000126666666666
vertex 3.5308253333333335 6.797679333333333 2.4000126666666666
vertex 3.5548733333333336 7.041499333333333 2.4000126666666666
endloop
endfacet
facet normal 0 0 1
outer loop
vertex 3.0065566666666665 6.8163833333333335 2.4000126666666666
vertex 3.5548733333333336 7.041499333333333 2.4000126666666666
vertex 2.3048226666666665 7.041499333333333 2.4000126666666666
endloop
endfacet
facet normal 0 0 1
outer loop
vertex -3.471039333333333 6.600730666666666 2.4000126666666666
vertex -3.347793333333333 6.194364 2.4000126666666666
vertex -1.9539 6.194364 2.4000126666666666
endloop
endfacet
facet normal 0 0 1
outer loop
vertex -3.471039333333333 6.600730666666666 2.4000126666666666
vertex -1.9539 6.194364 2.4000126666666666
vertex -2.171111333333333 6.600730666666666 2.4000126666666666
endloop
endfacet
facet normal 0 0 1
outer loop
vertex 2.171111333333333 6.600730666666666 2.4000126666666666
vertex 1.9539 6.194364 2.4000126666666666
vertex 3.347793333333333 6.194364 2.4000126666666666
endloop
endfacet
facet normal 0 0 1
outer loop
vertex 2.171111333333333 6.600730666666666 2.4000126666666666
vertex 3.347793333333333 6.194364 2.4000126666666666
vertex 3.471039333333333 6.600730666666666 2.4000126666666666
endloop
endfacet
facet normal 0 0 1
outer loop
vertex -2.692708 6.037495333333333 2.4000126666666666
vertex -3.347793333333333 6.194364 2.4000126666666666
vertex -3.325972 6.122331333333333 2.4000126666666666
endloop
endfacet
facet normal 0 0 0.9999999999999999
outer loop
vertex -2.692708 6.037495333333333 2.4000126666666666
vertex -3.325972 6.122331333333333 2.4000126666666666
vertex -3.174113333333333 5.83832 2.4000126666666666
endloop
endfacet
facet normal 0 0 1
outer loop
vertex -2.692708 6.037495333333333 2.4000126666666666
vertex -3.174113333333333 5.83832 2.4000126666666666
vertex -1.66165 5.83832 2.4000126666666666
endloop
endfacet
facet normal 0 0 1
outer loop
vertex -2.692708 6.037495333333333 2.4000126666666666
vertex -1.66165 5.83832 2.4000126666666666
vertex -1.9539 6.194364 2.4000126666666666
endloop
endfacet
facet normal 0 0 1
outer loop
vertex -2.692708 6.037495333333333 2.4000126666666666
vertex -1.9539 6.194364 2.4000126666666666
vertex -3.347793333333333 6.194364 2.4000126666666666
endloop
endfacet
facet normal 0 0 1
outer loop
vertex 2.692708 6.037495333333333 2.4000126666666666
vertex 1.9539 6.194364 2.4000126666666666
vertex 1.66165 5.83832 2.4000126666666666
endloop
endfacet
facet normal 0 0 1
outer loop
vertex 2.692708 6.037495333333333 2.4000126666666666
vertex 1.66165 5.83832 2.4000126666666666
vertex 3.174113333333333 5.83832 2.4000126666666666
endloop
endfacet
facet normal 0 0 0.9999999999999999
outer loop
vertex 2.692708 6.037495333333333 2.4000126666666666
vertex 3.174113333333333 5.83832 2.4000126666666666
vertex 3.325972 6.122331333333333 2.4000126666666666
endloop
endfacet
facet normal 0 0 1
outer loop
vertex 2.692708 6.037495333333333 2.4000126666666666
vertex 3.325972 6.122331333333333 2.4000126666666666
vertex 3.347793333333333 6.194364 2.4000126666666666
endloop
endfacet
facet normal 0 0 1
outer loop
vertex 2.692708 6.037495333333333 2.4000126666666666
vertex 3.347793333333333 6.194364 2.4000126666666666
vertex 1.9539 6.194364 2.4000126666666666
endloop
endfacet
facet normal 0 0 1
outer loop
vertex -3.174113333333333 5.83832 2.4000126666666666
vertex -3.0179126666666667 5.54607 2.4000126666666666
vertex -1.305606 5.54607 2.4000126666666666
endloop
endfacet
facet normal 0 0 0.9999999999999999
outer loop
vertex -3.174113333333333 5.83832 2.4000126666666666
vertex -1.305606 5.54607 2.4000126666666666
vertex -1.66165 5.83832 2.4000126666666666
endloop
endfacet
facet normal 0 0 1
outer loop
vertex 1.66165 5.83832 2.4000126666666666
vertex 1.305606 5.54607 2.4000126666666666
vertex 3.0179126666666667 5.54607 2.4000126666666666
endloop
endfacet
facet normal 0 0 0.9999999999999999
outer loop
vertex 1.66165 5.83832 2.4000126666666666
vertex 3.0179126666666667 5.54607 2.4000126666666666
vertex 3.174113333333333 5.83832 2.4000126666666666
endloop
endfacet
facet normal 0 0 1
outer loop
vertex -2.2138633333333333 5.449989333333333 2.4000126666666666
vertex -3.0179126666666667 5.54607 2.4000126666666666
vertex -2.993308 5.499978 2.4000126666666666
endloop
endfacet
facet normal 0 0 1
outer loop
vertex -2.2138633333333333 5.449989333333333 2.4000126666666666
vertex -2.993308 5.499978 2.4000126666666666
vertex -2.8529166666666668 5.328858666666667 2.4000126666666666
endloop
endfacet
facet normal 0 0 1
outer loop
vertex -2.2138633333333333 5.449989333333333 2.4000126666666666
vertex -2.8529166666666668 5.328858666666667 2.4000126666666666
vertex -0.8993506666666666 5.328858666666667 2.4000126666666666
endloop
endfacet
facet normal 0 0 1
outer loop
vertex -2.2138633333333333 5.449989333333333 2.4000126666666666
vertex -0.8993506666666666 5.328858666666667 2.4000126666666666
vertex -1.305606 5.54607 2.4000126666666666
endloop
endfacet
facet normal 0 0 1
outer loop
vertex -2.2138633333333333 5.449989333333333 2.4000126666666666
vertex -1.305606 5.54607 2.4000126666666666
vertex -3.0179126666666667 5.54607 2.4000126666666666
endloop
endfacet
facet normal 0 0 1
outer loop
vertex 2.2138633333333333 5.449989333333333 2.4000126666666666
vertex 1.305606 5.54607 2.4000126666666666
vertex 0.8993506666666666 5.328858666666667 2.4000126666666666
endloop
endfacet
facet normal 0 0 1
outer loop
vertex 2.2138633333333333 5.449989333333333 2.4000126666666666
vertex 0.8993506666666666 5.328858666666667 2.4000126666666666
vertex 2.8529166666666668 5.328858666666667 2.4000126666666666
endloop
endfacet
facet normal 0 0 1
outer loop
vertex 2.2138633333333333 5.449989333333333 2.4000126666666666
vertex 2.8529166666666668 5.328858666666667 2.4000126666666666
vertex 2.993308 5.499978 2.4000126666666666
endloop
endfacet
facet normal 0 0 1
outer loop
vertex 2.2138633333333333 5.449989333333333 2.4000126666666666
vertex 2.993308 5.499978 2.4000126666666666
vertex 3.0179126666666667 5.54607 2.4000126666666666
endloop
endfacet
facet normal 0 0 1
outer loop
vertex 2.2138633333333333 5.449989333333333 2.4000126666666666
vertex 3.0179126666666667 5.54607 2.4000126666666666
vertex 1.305606 5.54607 2.4000126666666666
endloop
endfacet
facet normal 0 0 1
outer loop
vertex -2.8529166666666668 5.328858666666667 2.4000126666666666
vertex -2.743142 5.195147333333334 2.4000126666666666
vertex -0.4584706666666667 5.195147333333334 2.4000126666666666
endloop
endfacet
facet normal 0 0 1
outer loop
vertex -2.8529166666666668 5.328858666666667 2.4000126666666666
vertex -0.4584706666666667 5.195147333333334 2.4000126666666666
vertex -0.8993506666666666 5.328858666666667 2.4000126666666666
endloop
endfacet
facet normal 0 0 1
outer loop
vertex 0.8993506666666666 5.328858666666667 2.4000126666666666
vertex 0.4584706666666667 5.195147333333334 2.4000126666666666
vertex 2.743142 5.195147333333334 2.4000126666666666
endloop
endfacet
facet normal 0 0 1
outer loop
vertex 0.8993506666666666 5.328858666666667 2.4000126666666666
vertex 2.743142 5.195147333333334 2.4000126666666666
vertex 2.8529166666666668 5.328858666666667 2.4000126666666666
endloop
endfacet
facet normal 0 0 1
outer loop
vertex -2.743142 5.195147333333334 2.4000126666666666
vertex -2.706068 5.149946 2.4000126666666666
vertex 0 5.149946 2.4000126666666666
endloop
endfacet
facet normal 0 0 1
outer loop
vertex -2.743142 5.195147333333334 2.4000126666666666
vertex 0 5.149946 2.4000126666666666
vertex -0.4584706666666667 5.195147333333334 2.4000126666666666
endloop
endfacet
facet normal 0 0 1
outer loop
vertex 0.4584706666666667 5.195147333333334 2.4000126666666666
vertex 0 5.149946 2.4000126666666666
vertex 2.706068 5.149946 2.4000126666666666
endloop
endfacet
facet normal 0 0 1
outer loop
vertex 0.4584706666666667 5.195147333333334 2.4000126666666666
vertex 2.706068 5.149946 2.4000126666666666
vertex 2.743142 5.195147333333334 2.4000126666666666
endloop
endfacet
facet normal 0 0 0.9999999999999999
outer loop
vertex 0 4.546519333333333 2.4000126666666666
vertex 0 5.149946 2.4000126666666666
vertex -2.706068 5.149946 2.4000126666666666
endloop
endfacet
facet normal 0 0 1
outer loop
vertex 0 4.546519333333333 2.4000126666666666
vertex -2.706068 5.149946 2.4000126666666666
vertex -2.5456366666666668 4.954444666666666 2.4000126666666666
endloop
endfacet
facet normal 0 0 0.9999999999999999
outer loop
vertex 0 4.546519333333333 2.4000126666666666
vertex -2.5456366666666668 4.954444666666666 2.4000126666666666
vertex -2.000103333333333 4.506662 2.4000126666666666
endloop
endfacet
facet normal 0 0 1
outer loop
vertex 0 4.546519333333333 2.4000126666666666
vertex -2.000103333333333 4.506662 2.4000126666666666
vertex -1.3776386666666667 4.173998 2.4000126666666666
endloop
endfacet
facet normal 0 0 1
outer loop
vertex 0 4.546519333333333 2.4000126666666666
vertex -1.3776386666666667 4.173998 2.4000126666666666
vertex -0.7022906666666666 3.9691446666666668 2.4000126666666666
endloop
endfacet
facet normal 0 0 1
outer loop
vertex 0 4.546519333333333 2.4000126666666666
vertex -0.7022906666666666 3.9691446666666668 2.4000126666666666
vertex 0 3.9000066666666666 2.4000126666666666
endloop
endfacet
facet normal 0 0 1
outer loop
vertex 0 4.546519333333333 2.4000126666666666
vertex 0 3.9000066666666666 2.4000126666666666
vertex 0.7022906666666666 3.9691446666666668 2.4000126666666666
endloop
endfacet
facet normal 0 0 1
outer loop
vertex 0 4.546519333333333 2.4000126666666666
vertex 0.7022906666666666 3.9691446666666668 2.4000126666666666
vertex 1.3776386666666667 4.173998 2.4000126666666666
endloop
endfacet
facet normal 0 0 1
outer loop
vertex 0 4.546519333333333 2.4000126666666666
vertex 1.3776386666666667 4.173998 2.4000126666666666
vertex 2.000103333333333 4.506662 2.4000126666666666
endloop
endfacet
facet normal 0 0 0.9999999999999999
outer loop
vertex 0 4.546519333333333 2.4000126666666666
vertex 2.000103333333333 4.506662 2.4000126666666666
vertex 2.5456366666666668 4.954444666666666 2.4000126666666666
endloop
endfacet
facet normal 0 0 1
outer loop
vertex 0 4.546519333333333 2.4000126666666666
vertex 2.5456366666666668 4.954444666666666 2.4000126666666666
vertex 2.706068 5.149946 2.4000126666666666
endloop
endfacet
facet normal 0 0 0.9999999999999999
outer loop
vertex 0 4.546519333333333 2.4000126666666666
vertex 2.706068 5.149946 2.4000126666666666
vertex 0 5.149946 2.4000126666666666
endloop
endfacet
facet normal 0 0 1
outer loop
vertex 0 -4.546519333333333 2.4000126666666666
vertex 0 -3.9000066666666666 2.4000126666666666
vertex -0.7022906666666666 -3.9691446666666668 2.4000126666666666
endloop
endfacet
facet normal 0 0 1
outer loop
vertex 0 -4.546519333333333 2.4000126666666666
vertex -0.7022906666666666 -3.9691446666666668 2.4000126666666666
vertex -1.3776386666666667 -4.173998 2.4000126666666666
endloop
endfacet
facet normal 0 0 1
outer loop
vertex 0 -4.546519333333333 2.4000126666666666
vertex -1.3776386666666667 -4.173998 2.4000126666666666
vertex -2.000103333333333 -4.506662 2.4000126666666666
endloop
endfacet
facet normal 0 0 0.9999999999999999
outer loop
vertex 0 -4.546519333333333 2.4000126666666666
vertex -2.000103333333333 -4.506662 2.4000126666666666
vertex -2.5456366666666668 -4.954444666666666 2.4000126666666666
endloop
endfacet
facet normal 0 0 1
outer loop
vertex 0 -4.546519333333333 2.4000126666666666
vertex -2.5456366666666668 -4.954444666666666 2.4000126666666666
vertex -2.706068 -5.149946 2.4000126666666666
endloop
endfacet
facet normal 0 0 0.9999999999999999
outer loop
vertex 0 -4.546519333333333 2.4000126666666666
vertex -2.706068 -5.149946 2.4000126666666666
vertex 0 -5.149946 2.4000126666666666
endloop
endfacet
facet normal 0 0 0.9999999999999999
outer loop
vertex 0 -4.546519333333333 2.4000126666666666
vertex 0 -5.149946 2.4000126666666666
vertex 2.706068 -5.149946 2.4000126666666666
endloop
endfacet
facet normal 0 0 1
outer loop
vertex 0 -4.546519333333333 2.4000126666666666
vertex 2.706068 -5.149946 2.4000126666666666
vertex 2.5456366666666668 -4.954444666666666 2.4000126666666666
endloop
endfacet
facet normal 0 0 0.9999999999999999
outer loop
vertex 0 -4.546519333333333 2.4000126666666666
vertex 2.5456366666666668 -4.954444666666666 2.4000126666666666
vertex 2.000103333333333 -4.506662 2.4000126666666666
endloop
endfacet
facet normal 0 0 1
outer loop
vertex 0 -4.546519333333333 2.4000126666666666
vertex 2.000103333333333 -4.506662 2.4000126666666666
vertex 1.3776386666666667 -4.173998 2.4000126666666666
endloop
endfacet
facet normal 0 0 1
outer loop
vertex 0 -4.546519333333333 2.4000126666666666
vertex 1.3776386666666667 -4.173998 2.4000126666666666
vertex 0.7022906666666666 -3.9691446666666668 2.4000126666666666
endloop
endfacet
facet normal 0 0 1
outer loop
vertex 0 -4.546519333333333 2.4000126666666666
vertex 0.7022906666666666 -3.9691446666666668 2.4000126666666666
vertex 0 -3.9000066666666666 2.4000126666666666
endloop
endfacet
facet normal 0 0 1
outer loop
vertex -2.706068 -5.149946 2.4000126666666666
vertex -2.743142 -5.195147333333334 2.4000126666666666
vertex -0.4584706666666667 -5.195147333333334 2.4000126666666666
endloop
endfacet
facet normal 0 0 1
outer loop
vertex -2.706068 -5.149946 2.4000126666666666
vertex -0.4584706666666667 -5.195147333333334 2.4000126666666666
vertex 0 -5.149946 2.4000126666666666
endloop
endfacet
facet normal 0 0 1
outer loop
vertex 0 -5.149946 2.4000126666666666
vertex 0.4584706666666667 -5.195147333333334 2.4000126666666666
vertex 2.743142 -5.195147333333334 2.4000126666666666
endloop
endfacet
facet normal 0 0 1
outer loop
vertex 0 -5.149946 2.4000126666666666
vertex 2.743142 -5.195147333333334 2.4000126666666666
vertex 2.706068 -5.149946 2.4000126666666666
endloop
endfacet
facet normal 0 0 1
outer loop
vertex -2.743142 -5.195147333333334 2.4000126666666666
vertex -2.8529166666666668 -5.328858666666667 2.4000126666666666
vertex -0.8993506666666666 -5.328858666666667 2.4000126666666666
endloop
endfacet
facet normal 0 0 1
outer loop
vertex -2.743142 -5.195147333333334 2.4000126666666666
vertex -0.8993506666666666 -5.328858666666667 2.4000126666666666
vertex -0.4584706666666667 -5.195147333333334 2.4000126666666666
endloop
endfacet
facet normal 0 0 1
outer loop
vertex 0.4584706666666667 -5.195147333333334 2.4000126666666666
vertex 0.8993506666666666 -5.328858666666667 2.4000126666666666
vertex 2.8529166666666668 -5.328858666666667 2.4000126666666666
endloop
endfacet
facet normal 0 0 1
outer loop
vertex 0.4584706666666667 -5.195147333333334 2.4000126666666666
vertex 2.8529166666666668 -5.328858666666667 2.4000126666666666
vertex 2.743142 -5.195147333333334 2.4000126666666666
endloop
endfacet
facet normal 0 0 1
outer loop
vertex -2.2138633333333333 -5.449989333333333 2.4000126666666666
vertex -2.8529166666666668 -5.328858666666667 2.4000126666666666
vertex -2.993308 -5.499978 2.4000126666666666
endloop
endfacet
facet normal 0 0 1
outer loop
vertex -2.2138633333333333 -5.449989333333333 2.4000126666666666
vertex -2.993308 -5.499978 2.4000126666666666
vertex -3.0179126666666667 -5.54607 2.4000126666666666
endloop
endfacet
facet normal 0 0 1
outer loop
vertex -2.2138633333333333 -5.449989333333333 2.4000126666666666
vertex -3.0179126666666667 -5.54607 2.4000126666666666
vertex -1.305606 -5.54607 2.4000126666666666
endloop
endfacet
facet normal 0 0 1
outer loop
vertex -2.2138633333333333 -5.449989333333333 2.4000126666666666
vertex -1.305606 -5.54607 2.4000126666666666
vertex -0.8993506666666666 -5.328858666666667 2.4000126666666666
endloop
endfacet
facet normal 0 0 1
outer loop
vertex -2.2138633333333333 -5.449989333333333 2.4000126666666666
vertex -0.8993506666666666 -5.328858666666667 2.4000126666666666
vertex -2.8529166666666668 -5.328858666666667 2.4000126666666666
endloop
endfacet
facet normal 0 0 1
outer loop
vertex 2.2138633333333333 -5.449989333333333 2.4000126666666666
vertex 0.8993506666666666 -5.328858666666667 2.4000126666666666
vertex 1.305606 -5.54607 2.4000126666666666
endloop
endfacet
facet normal 0 0 1
outer loop
vertex 2.2138633333333333 -5.449989333333333 2.4000126666666666
vertex 1.305606 -5.54607 2.4000126666666666
vertex 3.0179126666666667 -5.54607 2.4000126666666666
endloop
endfacet
facet normal 0 0 1
outer loop
vertex 2.2138633333333333 -5.449989333333333 2.4000126666666666
vertex 3.0179126666666667 -5.54607 2.4000126666666666
vertex 2.993308 -5.499978 2.4000126666666666
endloop
endfacet
facet normal 0 0 1
outer loop
vertex 2.2138633333333333 -5.449989333333333 2.4000126666666666
vertex 2.993308 -5.499978 2.4000126666666666
vertex 2.8529166666666668 -5.328858666666667 2.4000126666666666
endloop
endfacet
facet normal 0 0 1
outer loop
vertex 2.2138633333333333 -5.449989333333333 2.4000126666666666
vertex 2.8529166666666668 -5.328858666666667 2.4000126666666666
vertex 0.8993506666666666 -5.328858666666667 2.4000126666666666
endloop
endfacet
facet normal 0 0 0.9999999999999999
outer loop
vertex -3.0179126666666667 -5.54607 2.4000126666666666
vertex -3.174113333333333 -5.83832 2.4000126666666666
vertex -1.66165 -5.83832 2.4000126666666666
endloop
endfacet
facet normal 0 0 1
outer loop
vertex -3.0179126666666667 -5.54607 2.4000126666666666
vertex -1.66165 -5.83832 2.4000126666666666
vertex -1.305606 -5.54607 2.4000126666666666
endloop
endfacet
facet normal 0 0 0.9999999999999999
outer loop
vertex 1.305606 -5.54607 2.4000126666666666
vertex 1.66165 -5.83832 2.4000126666666666
vertex 3.174113333333333 -5.83832 2.4000126666666666
endloop
endfacet
facet normal 0 0 1
outer loop
vertex 1.305606 -5.54607 2.4000126666666666
vertex 3.174113333333333 -5.83832 2.4000126666666666
vertex 3.0179126666666667 -5.54607 2.4000126666666666
endloop
endfacet
facet normal 0 0 0.9999999999999999
outer loop
vertex -2.692708 -6.037495333333333 2.4000126666666666
vertex -3.174113333333333 -5.83832 2.4000126666666666
vertex -3.325972 -6.122331333333333 2.4000126666666666
endloop
endfacet
facet normal 0 0 1
outer loop
vertex -2.692708 -6.037495333333333 2.4000126666666666
vertex -3.325972 -6.122331333333333 2.4000126666666666
vertex -3.347793333333333 -6.194364 2.4000126666666666
endloop
endfacet
facet normal 0 0 1
outer loop
vertex -2.692708 -6.037495333333333 2.4000126666666666
vertex -3.347793333333333 -6.194364 2.4000126666666666
vertex -1.9539 -6.194364 2.4000126666666666
endloop
endfacet
facet normal 0 0 1
outer loop
vertex -2.692708 -6.037495333333333 2.4000126666666666
vertex -1.9539 -6.194364 2.4000126666666666
vertex -1.66165 -5.83832 2.4000126666666666
endloop
endfacet
facet normal 0 0 1
outer loop
vertex -2.692708 -6.037495333333333 2.4000126666666666
vertex -1.66165 -5.83832 2.4000126666666666
vertex -3.174113333333333 -5.83832 2.4000126666666666
endloop
endfacet
facet normal 0 0 1
outer loop
vertex 2.692708 -6.037495333333333 2.4000126666666666
vertex 1.66165 -5.83832 2.4000126666666666
vertex 1.9539 -6.194364 2.4000126666666666
endloop
endfacet
facet normal 0 0 1
outer loop
vertex 2.692708 -6.037495333333333 2.4000126666666666
vertex 1.9539 -6.194364 2.4000126666666666
vertex 3.347793333333333 -6.194364 2.4000126666666666
endloop
endfacet
facet normal 0 0 1
outer loop
vertex 2.692708 -6.037495333333333 2.4000126666666666
vertex 3.347793333333333 -6.194364 2.4000126666666666
vertex 3.325972 -6.122331333333333 2.4000126666666666
endloop
endfacet
facet normal 0 0 0.9999999999999999
outer loop
vertex 2.692708 -6.037495333333333 2.4000126666666666
vertex 3.325972 -6.122331333333333 2.4000126666666666
vertex 3.174113333333333 -5.83832 2.4000126666666666
endloop
endfacet
facet normal 0 0 1
outer loop
vertex 2.692708 -6.037495333333333 2.4000126666666666
vertex 3.174113333333333 -5.83832 2.4000126666666666
vertex 1.66165 -5.83832 2.4000126666666666
endloop
endfacet
facet normal 0 0 1
outer loop
vertex -3.347793333333333 -6.194364 2.4000126666666666
vertex -3.471039333333333 -6.600730666666666 2.4000126666666666
vertex -2.171111333333333 -6.600730666666666 2.4000126666666666
endloop
endfacet
facet normal 0 0 1
outer loop
vertex -3.347793333333333 -6.194364 2.4000126666666666
vertex -2.171111333333333 -6.600730666666666 2.4000126666666666
vertex -1.9539 -6.194364 2.4000126666666666
endloop
endfacet
facet normal 0 0 1
outer loop
vertex 1.9539 -6.194364 2.4000126666666666
vertex 2.171111333333333 -6.600730666666666 2.4000126666666666
vertex 3.471039333333333 -6.600730666666666 2.4000126666666666
endloop
endfacet
facet normal 0 0 1
outer loop
vertex 1.9539 -6.194364 2.4000126666666666
vertex 3.471039333333333 -6.600730666666666 2.4000126666666666
vertex 3.347793333333333 -6.194364 2.4000126666666666
endloop
endfacet
facet normal 0 0 0.9999999999999999
outer loop
vertex -3.0065566666666665 -6.8163833333333335 2.4000126666666666
vertex -3.471039333333333 -6.600730666666666 2.4000126666666666
vertex -3.5308253333333335 -6.797679333333333 2.4000126666666666
endloop
endfacet
facet normal 0 0 1
outer loop
vertex -3.0065566666666665 -6.8163833333333335 2.4000126666666666
vertex -3.5308253333333335 -6.797679333333333 2.4000126666666666
vertex -3.5548733333333336 -7.041499333333333 2.4000126666666666
endloop
endfacet
facet normal 0 0 1
outer loop
vertex -3.0065566666666665 -6.8163833333333335 2.4000126666666666
vertex -3.5548733333333336 -7.041499333333333 2.4000126666666666
vertex -2.3048226666666665 -7.041499333333333 2.4000126666666666
endloop
endfacet
facet normal 0 0 1
outer loop
vertex -3.0065566666666665 -6.8163833333333335 2.4000126666666666
vertex -2.3048226666666665 -7.041499333333333 2.4000126666666666
vertex -2.171111333333333 -6.600730666666666 2.4000126666666666
endloop
endfacet
facet normal 0 0 1
outer loop
vertex -3.0065566666666665 -6.8163833333333335 2.4000126666666666
vertex -2.171111333333333 -6.600730666666666 2.4000126666666666
vertex -3.471039333333333 -6.600730666666666 2.4000126666666666
endloop
endfacet
facet normal 0 0 1
outer loop
vertex 3.0065566666666665 -6.8163833333333335 2.4000126666666666
vertex 2.171111333333333 -6.600730666666666 2.4000126666666666
vertex 2.3048226666666665 -7.041499333333333 2.4000126666666666
endloop
endfacet
facet normal 0 0 1
outer loop
vertex 3.0065566666666665 -6.8163833333333335 2.4000126666666666
vertex 2.3048226666666665 -7.041499333333333 2.4000126666666666
vertex 3.5548733333333336 -7.041499333333333 2.4000126666666666
endloop
endfacet
facet normal 0 0 1
outer loop
vertex 3.0065566666666665 -6.8163833333333335 2.4000126666666666
vertex 3.5548733333333336 -7.041499333333333 2.4000126666666666
vertex 3.5308253333333335 -6.797679333333333 2.4000126666666666
endloop
endfacet
facet normal 0 0 0.9999999999999999
outer loop
vertex 3.0065566666666665 -6.8163833333333335 2.4000126666666666
vertex 3.5308253333333335 -6.797679333333333 2.4000126666666666
vertex 3.471039333333333 -6.600730666666666 2.4000126666666666
endloop
endfacet
facet normal 0 0 1
outer loop
vertex 3.0065566666666665 -6.8163833333333335 2.4000126666666666
vertex 3.471039333333333 -6.600730666666666 2.4000126666666666
vertex 2.171111333333333 -6.600730666666666 2.4000126666666666
endloop
endfacet
facet normal 0 0 1
outer loop
vertex -3.5548733333333336 -7.041499333333333 2.4000126666666666
vertex -3.599963333333333 -7.49997 2.4000126666666666
vertex -2.350024 -7.49997 2.4000126666666666
endloop
endfacet
facet normal 0 0 1
outer loop
vertex -3.5548733333333336 -7.041499333333333 2.4000126666666666
vertex -2.350024 -7.49997 2.4000126666666666
vertex -2.3048226666666665 -7.041499333333333 2.4000126666666666
endloop
endfacet
facet normal 0 0 1
outer loop
vertex 2.3048226666666665 -7.041499333333333 2.4000126666666666
vertex 2.350024 -7.49997 2.4000126666666666
vertex 3.599963333333333 -7.49997 2.4000126666666666
endloop
endfacet
facet normal 0 0 1
outer loop
vertex 2.3048226666666665 -7.041499333333333 2.4000126666666666
vertex 3.599963333333333 -7.49997 2.4000126666666666
vertex 3.5548733333333336 -7.041499333333333 2.4000126666666666
endloop
endfacet
facet normal 0 0 1
outer loop
vertex -3.599963333333333 -7.49997 2.4000126666666666
vertex -3.5548733333333336 -7.958440666666666 2.4000126666666666
vertex -2.3048226666666665 -7.958440666666666 2.4000126666666666
endloop
endfacet
facet normal 0 0 1
outer loop
vertex -3.599963333333333 -7.49997 2.4000126666666666
vertex -2.3048226666666665 -7.958440666666666 2.4000126666666666
vertex -2.350024 -7.49997 2.4000126666666666
endloop
endfacet
facet normal 0 0 1
outer loop
vertex 2.350024 -7.49997 2.4000126666666666
vertex 2.3048226666666665 -7.958440666666666 2.4000126666666666
vertex 3.5548733333333336 -7.958440666666666 2.4000126666666666
endloop
endfacet
facet normal 0 0 1
outer loop
vertex 2.350024 -7.49997 2.4000126666666666
vertex 3.5548733333333336 -7.958440666666666 2.4000126666666666
vertex 3.599963333333333 -7.49997 2.4000126666666666
endloop
endfacet
facet normal 0 0 1
outer loop
vertex -3.0065566666666665 -8.183556666666666 2.4000126666666666
vertex -3.5548733333333336 -7.958440666666666 2.4000126666666666
vertex -3.5308253333333335 -8.202372 2.4000126666666666
endloop
endfacet
facet normal 0 0 1
outer loop
vertex -3.0065566666666665 -8.183556666666666 2.4000126666666666
vertex -3.5308253333333335 -8.202372 2.4000126666666666
vertex -3.471039333333333 -8.399320666666666 2.4000126666666666
endloop
endfacet
facet normal 0 0 1
outer loop
vertex -3.0065566666666665 -8.183556666666666 2.4000126666666666
vertex -3.471039333333333 -8.399320666666666 2.4000126666666666
vertex -2.171111333333333 -8.399320666666666 2.4000126666666666
endloop
endfacet
facet normal 0 0 1
outer loop
vertex -3.0065566666666665 -8.183556666666666 2.4000126666666666
vertex -2.171111333333333 -8.399320666666666 2.4000126666666666
vertex -2.3048226666666665 -7.958440666666666 2.4000126666666666
endloop
endfacet
facet normal 0 0 1
outer loop
vertex -3.0065566666666665 -8.183556666666666 2.4000126666666666
vertex -2.3048226666666665 -7.958440666666666 2.4000126666666666
vertex -3.5548733333333336 -7.958440666666666 2.4000126666666666
endloop
endfacet
facet normal 0 0 1
outer loop
vertex 3.0065566666666665 -8.183556666666666 2.4000126666666666
vertex 2.3048226666666665 -7.958440666666666 2.4000126666666666
vertex 2.171111333333333 -8.399320666666666 2.4000126666666666
endloop
endfacet
facet normal 0 0 1
outer loop
vertex 3.0065566666666665 -8.183556666666666 2.4000126666666666
vertex 2.171111333333333 -8.399320666666666 2.4000126666666666
vertex 3.471039333333333 -8.399320666666666 2.4000126666666666
endloop
endfacet
facet normal 0 0 1
outer loop
vertex 3.0065566666666665 -8.183556666666666 2.4000126666666666
vertex 3.471039333333333 -8.399320666666666 2.4000126666666666
vertex 3.5308253333333335 -8.202372 2.4000126666666666
endloop
endfacet
facet normal 0 0 1
outer loop
vertex 3.0065566666666665 -8.183556666666666 2.4000126666666666
vertex 3.5308253333333335 -8.202372 2.4000126666666666
vertex 3.5548733333333336 -7.958440666666666 2.4000126666666666
endloop
endfacet
facet normal 0 0 1
outer loop
vertex 3.0065566666666665 -8.183556666666666 2.4000126666666666
vertex 3.5548733333333336 -7.958440666666666 2.4000126666666666
vertex 2.3048226666666665 -7.958440666666666 2.4000126666666666
endloop
endfacet
facet normal 0 0 1
outer loop
vertex -3.471039333333333 -8.399320666666666 2.4000126666666666
vertex -3.347793333333333 -8.805576 2.4000126666666666
vertex -1.9539 -8.805576 2.4000126666666666
endloop
endfacet
facet normal 0 0 1
outer loop
vertex -3.471039333333333 -8.399320666666666 2.4000126666666666
vertex -1.9539 -8.805576 2.4000126666666666
vertex -2.171111333333333 -8.399320666666666 2.4000126666666666
endloop
endfacet
facet normal 0 0 1
outer loop
vertex 2.171111333333333 -8.399320666666666 2.4000126666666666
vertex 1.9539 -8.805576 2.4000126666666666
vertex 3.347793333333333 -8.805576 2.4000126666666666
endloop
endfacet
facet normal 0 0 1
outer loop
vertex 2.171111333333333 -8.399320666666666 2.4000126666666666
vertex 3.347793333333333 -8.805576 2.4000126666666666
vertex 3.471039333333333 -8.399320666666666 2.4000126666666666
endloop
endfacet
facet normal 0 0 1
outer loop
vertex -2.692708 -8.962444666666666 2.4000126666666666
vertex -3.347793333333333 -8.805576 2.4000126666666666
vertex -3.325972 -8.877608666666667 2.4000126666666666
endloop
endfacet
facet normal 0 0 1
outer loop
vertex -2.692708 -8.962444666666666 2.4000126666666666
vertex -3.325972 -8.877608666666667 2.4000126666666666
vertex -3.174113333333333 -9.161731333333334 2.4000126666666666
endloop
endfacet
facet normal 0 0 1
outer loop
vertex -2.692708 -8.962444666666666 2.4000126666666666
vertex -3.174113333333333 -9.161731333333334 2.4000126666666666
vertex -1.66165 -9.161731333333334 2.4000126666666666
endloop
endfacet
facet normal 0 0 1
outer loop
vertex -2.692708 -8.962444666666666 2.4000126666666666
vertex -1.66165 -9.161731333333334 2.4000126666666666
vertex -1.9539 -8.805576 2.4000126666666666
endloop
endfacet
facet normal 0 0 1
outer loop
vertex -2.692708 -8.962444666666666 2.4000126666666666
vertex -1.9539 -8.805576 2.4000126666666666
vertex -3.347793333333333 -8.805576 2.4000126666666666
endloop
endfacet
facet normal 0 0 1
outer loop
vertex 2.692708 -8.962444666666666 2.4000126666666666
vertex 1.9539 -8.805576 2.4000126666666666
vertex 1.66165 -9.161731333333334 2.4000126666666666
endloop
endfacet
facet normal 0 0 1
outer loop
vertex 2.692708 -8.962444666666666 2.4000126666666666
vertex 1.66165 -9.161731333333334 2.4000126666666666
vertex 3.174113333333333 -9.161731333333334 2.4000126666666666
endloop
endfacet
facet normal 0 0 1
outer loop
vertex 2.692708 -8.962444666666666 2.4000126666666666
vertex 3.174113333333333 -9.161731333333334 2.4000126666666666
vertex 3.325972 -8.877608666666667 2.4000126666666666
endloop
endfacet
facet normal 0 0 1
outer loop
vertex 2.692708 -8.962444666666666 2.4000126666666666
vertex 3.325972 -8.877608666666667 2.4000126666666666
vertex 3.347793333333333 -8.805576 2.4000126666666666
endloop
endfacet
facet normal 0 0 1
outer loop
vertex 2.692708 -8.962444666666666 2.4000126666666666
vertex 3.347793333333333 -8.805576 2.4000126666666666
vertex 1.9539 -8.805576 2.4000126666666666
endloop
endfacet
facet normal 0 0 1
outer loop
vertex -3.174113333333333 -9.161731333333334 2.4000126666666666
vertex -3.0179126666666667 -9.453981333333333 2.4000126666666666
vertex -1.305606 -9.453981333333333 2.4000126666666666
endloop
endfacet
facet normal 0 0 1
outer loop
vertex -3.174113333333333 -9.161731333333334 2.4000126666666666
vertex -1.305606 -9.453981333333333 2.4000126666666666
vertex -1.66165 -9.161731333333334 2.4000126666666666
endloop
endfacet
facet normal 0 0 1
outer loop
vertex 1.66165 -9.161731333333334 2.4000126666666666
vertex 1.305606 -9.453981333333333 2.4000126666666666
vertex 3.0179126666666667 -9.453981333333333 2.4000126666666666
endloop
endfacet
facet normal 0 0 1
outer loop
vertex 1.66165 -9.161731333333334 2.4000126666666666
vertex 3.0179126666666667 -9.453981333333333 2.4000126666666666
vertex 3.174113333333333 -9.161731333333334 2.4000126666666666
endloop
endfacet
facet normal 0 0 1
outer loop
vertex -2.2138633333333333 -9.550062 2.4000126666666666
vertex -3.0179126666666667 -9.453981333333333 2.4000126666666666
vertex -2.993308 -9.500073333333333 2.4000126666666666
endloop
endfacet
facet normal 0 0 1
outer loop
vertex -2.2138633333333333 -9.550062 2.4000126666666666
vertex -2.993308 -9.500073333333333 2.4000126666666666
vertex -2.8529166666666668 -9.671081333333333 2.4000126666666666
endloop
endfacet
facet normal 0 0 1
outer loop
vertex -2.2138633333333333 -9.550062 2.4000126666666666
vertex -2.8529166666666668 -9.671081333333333 2.4000126666666666
vertex -0.8993506666666666 -9.671081333333333 2.4000126666666666
endloop
endfacet
facet normal 0 0 1
outer loop
vertex -2.2138633333333333 -9.550062 2.4000126666666666
vertex -0.8993506666666666 -9.671081333333333 2.4000126666666666
vertex -1.305606 -9.453981333333333 2.4000126666666666
endloop
endfacet
facet normal 0 0 1
outer loop
vertex -2.2138633333333333 -9.550062 2.4000126666666666
vertex -1.305606 -9.453981333333333 2.4000126666666666
vertex -3.0179126666666667 -9.453981333333333 2.4000126666666666
endloop
endfacet
facet normal 0 0 1
outer loop
vertex 2.2138633333333333 -9.550062 2.4000126666666666
vertex 1.305606 -9.453981333333333 2.4000126666666666
vertex 0.8993506666666666 -9.671081333333333 2.4000126666666666
endloop
endfacet
facet normal 0 0 1
outer loop
vertex 2.2138633333333333 -9.550062 2.4000126666666666
vertex 0.8993506666666666 -9.671081333333333 2.4000126666666666
vertex 2.8529166666666668 -9.671081333333333 2.4000126666666666
endloop
endfacet
facet normal 0 0 1
outer loop
vertex 2.2138633333333333 -9.550062 2.4000126666666666
vertex 2.8529166666666668 -9.671081333333333 2.4000126666666666
vertex 2.993308 -9.500073333333333 2.4000126666666666
endloop
endfacet
facet normal 0 0 1
outer loop
vertex 2.2138633333333333 -9.550062 2.4000126666666666
vertex 2.993308 -9.500073333333333 2.4000126666666666
vertex 3.0179126666666667 -9.453981333333333 2.4000126666666666
endloop
endfacet
facet normal 0 0 1
outer loop
vertex 2.2138633333333333 -9.550062 2.4000126666666666
vertex 3.0179126666666667 -9.453981333333333 2.4000126666666666
vertex 1.305606 -9.453981333333333 2.4000126666666666
endloop
endfacet
facet normal 0 0 1
outer loop
vertex -2.8529166666666668 -9.671081333333333 2.4000126666666666
vertex -2.743142 -9.804792666666666 2.4000126666666666
vertex -0.4584706666666667 -9.804792666666666 2.4000126666666666
endloop
endfacet
facet normal 0 0 1
outer loop
vertex -2.8529166666666668 -9.671081333333333 2.4000126666666666
vertex -0.4584706666666667 -9.804792666666666 2.4000126666666666
vertex -0.8993506666666666 -9.671081333333333 2.4000126666666666
endloop
endfacet
facet normal 0 0 1
outer loop
vertex 0.8993506666666666 -9.671081333333333 2.4000126666666666
vertex 0.4584706666666667 -9.804792666666666 2.4000126666666666
vertex 2.743142 -9.804792666666666 2.4000126666666666
endloop
endfacet
facet normal 0 0 1
outer loop
vertex 0.8993506666666666 -9.671081333333333 2.4000126666666666
vertex 2.743142 -9.804792666666666 2.4000126666666666
vertex 2.8529166666666668 -9.671081333333333 2.4000126666666666
endloop
endfacet
facet normal 0 0 1
outer loop
vertex -2.743142 -9.804792666666666 2.4000126666666666
vertex -2.706068 -9.849994 2.4000126666666666
vertex 0 -9.849994 2.4000126666666666
endloop
endfacet
facet normal 0 0 1
outer loop
vertex -2.743142 -9.804792666666666 2.4000126666666666
vertex 0 -9.849994 2.4000126666666666
vertex -0.4584706666666667 -9.804792666666666 2.4000126666666666
endloop
endfacet
facet normal 0 0 1
outer loop
vertex 0.4584706666666667 -9.804792666666666 2.4000126666666666
vertex 0 -9.849994 2.4000126666666666
vertex 2.706068 -9.849994 2.4000126666666666
endloop
endfacet
facet normal 0 0 1
outer loop
vertex 0.4584706666666667 -9.804792666666666 2.4000126666666666
vertex 2.706068 -9.849994 2.4000126666666666
vertex 2.743142 -9.804792666666666 2.4000126666666666
endloop
endfacet
facet normal 0 0 1
outer loop
vertex 0 -10.453420666666666 2.4000126666666666
vertex 0 -9.849994 2.4000126666666666
vertex -2.706068 -9.849994 2.4000126666666666
endloop
endfacet
facet normal 0 0 1
outer loop
vertex 0 -10.453420666666666 2.4000126666666666
vertex -2.706068 -9.849994 2.4000126666666666
vertex -2.5456366666666668 -10.045606666666666 2.4000126666666666
endloop
endfacet
facet normal 0 0 1
outer loop
vertex 0 -10.453420666666666 2.4000126666666666
vertex -2.5456366666666668 -10.045606666666666 2.4000126666666666
vertex -2.000103333333333 -10.493278 2.4000126666666666
endloop
endfacet
facet normal 0 0 1
outer loop
vertex 0 -10.453420666666666 2.4000126666666666
vertex -2.000103333333333 -10.493278 2.4000126666666666
vertex -1.3776386666666667 -10.825942 2.4000126666666666
endloop
endfacet
facet normal 0 0 1
outer loop
vertex 0 -10.453420666666666 2.4000126666666666
vertex -1.3776386666666667 -10.825942 2.4000126666666666
vertex -0.7022906666666666 -11.030795333333334 2.4000126666666666
endloop
endfacet
facet normal 0 0 1
outer loop
vertex 0 -10.453420666666666 2.4000126666666666
vertex -0.7022906666666666 -11.030795333333334 2.4000126666666666
vertex 0 -11.100044666666667 2.4000126666666666
endloop
endfacet
facet normal 0 0 1
outer loop
vertex 0 -10.453420666666666 2.4000126666666666
vertex 0 -11.100044666666667 2.4000126666666666
vertex 0.7022906666666666 -11.030795333333334 2.4000126666666666
endloop
endfacet
facet normal 0 0 1
outer loop
vertex 0 -10.453420666666666 2.4000126666666666
vertex 0.7022906666666666 -11.030795333333334 2.4000126666666666
vertex 1.3776386666666667 -10.825942 2.4000126666666666
endloop
endfacet
facet normal 0 0 1
outer loop
vertex 0 -10.453420666666666 2.4000126666666666
vertex 1.3776386666666667 -10.825942 2.4000126666666666
vertex 2.000103333333333 -10.493278 2.4000126666666666
endloop
endfacet
facet normal 0 0 1
outer loop
vertex 0 -10.453420666666666 2.4000126666666666
vertex 2.000103333333333 -10.493278 2.4000126666666666
vertex 2.5456366666666668 -10.045606666666666 2.4000126666666666
endloop
endfacet
facet normal 0 0 1
outer loop
vertex 0 -10.453420666666666 2.4000126666666666
vertex 2.5456366666666668 -10.045606666666666 2.4000126666666666
vertex 2.706068 -9.849994 2.4000126666666666
endloop
endfacet
facet normal 0 0 1
outer loop
vertex 0 -10.453420666666666 2.4000126666666666
vertex 2.706068 -9.849994 2.4000126666666666
vertex 0 -9.849994 2.4000126666666666
endloop
endfacet
endsolid JSCAD
