solid JSCAD
facet normal 0 0 -1
outer loop
vertex -0.5294833043972563 37.80526170452685 0
vertex 0 38.485183876146365 0
vertex 2.0000424528151926 37.48516264973877 0
endloop
endfacet
facet normal 0 0 -1
outer loop
vertex -0.5294833043972563 37.80526170452685 0
vertex 2.0000424528151926 37.48516264973877 0
vertex 2.0000424528151926 37.28526091816575 0
endloop
endfacet
facet normal 0 0 -1
outer loop
vertex -0.5294833043972563 37.80526170452685 0
vertex 2.0000424528151926 37.28526091816575 0
vertex -3.323494429537086 37.28526091816575 0
endloop
endfacet
facet normal 0 0 -1
outer loop
vertex -0.5294833043972563 37.80526170452685 0
vertex -3.323494429537086 37.28526091816575 0
vertex -3.323494429537086 38.485183876146365 0
endloop
endfacet
facet normal 0 0 -0.9999999999999999
outer loop
vertex -0.5294833043972563 37.80526170452685 0
vertex -3.323494429537086 38.485183876146365 0
vertex 0 38.485183876146365 0
endloop
endfacet
facet normal 0 0 -0.9999999999999999
outer loop
vertex 7.7905292773803465 34.67936244812155 0
vertex 2.0000424528151926 37.28526091816575 0
vertex 21.800052680851604 37.28526091816575 0
endloop
endfacet
facet normal 0 0 -0.9999999999999999
outer loop
vertex 7.7905292773803465 34.67936244812155 0
vertex 21.800052680851604 37.28526091816575 0
vertex 21.800052680851604 30.770514743055266 0
endloop
endfacet
facet normal 0 0 -1
outer loop
vertex 7.7905292773803465 34.67936244812155 0
vertex 21.800052680851604 30.770514743055266 0
vertex -3.323494429537086 30.770514743055266 0
endloop
endfacet
facet normal 0 0 -1
outer loop
vertex 7.7905292773803465 34.67936244812155 0
vertex -3.323494429537086 30.770514743055266 0
vertex -3.323494429537086 37.28526091816575 0
endloop
endfacet
facet normal 0 0 -1
outer loop
vertex 7.7905292773803465 34.67936244812155 0
vertex -3.323494429537086 37.28526091816575 0
vertex 2.0000424528151926 37.28526091816575 0
endloop
endfacet
facet normal 0 0 -1
outer loop
vertex 13.12764922610874 27.359371092751548 0
vertex 21.800052680851604 30.770514743055266 0
vertex 27.48520666993405 25.085360753972818 0
endloop
endfacet
facet normal 0 0 -1
outer loop
vertex 13.12764922610874 27.359371092751548 0
vertex 27.48520666993405 25.085360753972818 0
vertex 22.999975638832222 25.085360753972818 0
endloop
endfacet
facet normal 0 0 -1
outer loop
vertex 13.12764922610874 27.359371092751548 0
vertex 22.999975638832222 25.085360753972818 0
vertex -3.323494429537086 25.085360753972818 0
endloop
endfacet
facet normal 0 0 -1
outer loop
vertex 13.12764922610874 27.359371092751548 0
vertex -3.323494429537086 25.085360753972818 0
vertex -3.323494429537086 30.770514743055266 0
endloop
endfacet
facet normal 0 0 -1
outer loop
vertex 13.12764922610874 27.359371092751548 0
vertex -3.323494429537086 30.770514743055266 0
vertex 21.800052680851604 30.770514743055266 0
endloop
endfacet
facet normal 0 0 -1
outer loop
vertex 22.999975638832222 25.085360753972818 0
vertex 22.68782139645281 25.054606641423124 0
vertex -3.323494429537086 25.054606641423124 0
endloop
endfacet
facet normal 0 0 -1
outer loop
vertex 22.999975638832222 25.085360753972818 0
vertex -3.323494429537086 25.054606641423124 0
vertex -3.323494429537086 25.085360753972818 0
endloop
endfacet
facet normal 0 0 -1
outer loop
vertex 27.48520666993405 25.085360753972818 0
vertex 27.515960782483745 25.054606641423124 0
vertex 23.31212988121163 25.054606641423124 0
endloop
endfacet
facet normal 0 0 -1
outer loop
vertex 27.48520666993405 25.085360753972818 0
vertex 23.31212988121163 25.054606641423124 0
vertex 22.999975638832222 25.085360753972818 0
endloop
endfacet
facet normal 0 0 -1
outer loop
vertex 22.68782139645281 25.054606641423124 0
vertex 22.387712514822034 24.963369440859026 0
vertex -3.323494429537086 24.963369440859026 0
endloop
endfacet
facet normal 0 0 -1
outer loop
vertex 22.68782139645281 25.054606641423124 0
vertex -3.323494429537086 24.963369440859026 0
vertex -3.323494429537086 25.054606641423124 0
endloop
endfacet
facet normal 0 0 -1
outer loop
vertex 27.515960782483745 25.054606641423124 0
vertex 27.607197983047843 24.963369440859026 0
vertex 23.612238762842406 24.963369440859026 0
endloop
endfacet
facet normal 0 0 -1
outer loop
vertex 27.515960782483745 25.054606641423124 0
vertex 23.612238762842406 24.963369440859026 0
vertex 23.31212988121163 25.054606641423124 0
endloop
endfacet
facet normal 0 0 -1
outer loop
vertex 22.387712514822034 24.963369440859026 0
vertex 22.111181786146023 24.815749700620486 0
vertex -3.323494429537086 24.815749700620486 0
endloop
endfacet
facet normal 0 0 -1
outer loop
vertex 22.387712514822034 24.963369440859026 0
vertex -3.323494429537086 24.815749700620486 0
vertex -3.323494429537086 24.963369440859026 0
endloop
endfacet
facet normal 0 0 -1
outer loop
vertex 27.607197983047843 24.963369440859026 0
vertex 27.754817723286383 24.815749700620486 0
vertex 23.889025775789666 24.815749700620486 0
endloop
endfacet
facet normal 0 0 -1
outer loop
vertex 27.607197983047843 24.963369440859026 0
vertex 23.889025775789666 24.815749700620486 0
vertex 23.612238762842406 24.963369440859026 0
endloop
endfacet
facet normal 0 0 -1
outer loop
vertex 22.111181786146023 24.815749700620486 0
vertex 21.868736865545923 24.61661682186121 0
vertex -3.323494429537086 24.61661682186121 0
endloop
endfacet
facet normal 0 0 -1
outer loop
vertex 22.111181786146023 24.815749700620486 0
vertex -3.323494429537086 24.61661682186121 0
vertex -3.323494429537086 24.815749700620486 0
endloop
endfacet
facet normal 0 0 -1
outer loop
vertex 26.275032341103536 24.727075342768867 0
vertex 27.754817723286383 24.815749700620486 0
vertex 27.799923755025933 24.770643668880936 0
endloop
endfacet
facet normal 0 0 -1
outer loop
vertex 26.275032341103536 24.727075342768867 0
vertex 27.799923755025933 24.770643668880936 0
vertex 27.799923755025933 24.61661682186121 0
endloop
endfacet
facet normal 0 0 -1
outer loop
vertex 26.275032341103536 24.727075342768867 0
vertex 27.799923755025933 24.61661682186121 0
vertex 24.131470696389766 24.61661682186121 0
endloop
endfacet
facet normal 0 0 -1
outer loop
vertex 26.275032341103536 24.727075342768867 0
vertex 24.131470696389766 24.61661682186121 0
vertex 23.889025775789666 24.815749700620486 0
endloop
endfacet
facet normal 0 0 -1
outer loop
vertex 26.275032341103536 24.727075342768867 0
vertex 23.889025775789666 24.815749700620486 0
vertex 27.754817723286383 24.815749700620486 0
endloop
endfacet
facet normal 0 0 -1
outer loop
vertex 21.868736865545923 24.61661682186121 0
vertex 21.669603986786647 24.37417190126111 0
vertex -3.323494429537086 24.37417190126111 0
endloop
endfacet
facet normal 0 0 -1
outer loop
vertex 21.868736865545923 24.61661682186121 0
vertex -3.323494429537086 24.37417190126111 0
vertex -3.323494429537086 24.61661682186121 0
endloop
endfacet
facet normal 0 0 -1
outer loop
vertex 27.799923755025933 24.61661682186121 0
vertex 27.799923755025933 24.37417190126111 0
vertex 24.330347290877796 24.37417190126111 0
endloop
endfacet
facet normal 0 0 -1
outer loop
vertex 27.799923755025933 24.61661682186121 0
vertex 24.330347290877796 24.37417190126111 0
vertex 24.131470696389766 24.61661682186121 0
endloop
endfacet
facet normal 0 0 -0.9999999999999999
outer loop
vertex 21.669603986786647 24.37417190126111 0
vertex 21.52172796227686 24.0976411725851 0
vertex -3.323494429537086 24.0976411725851 0
endloop
endfacet
facet normal 0 0 -1
outer loop
vertex 21.669603986786647 24.37417190126111 0
vertex -3.323494429537086 24.0976411725851 0
vertex -3.323494429537086 24.37417190126111 0
endloop
endfacet
facet normal 0 0 -1
outer loop
vertex 27.799923755025933 24.37417190126111 0
vertex 27.799923755025933 24.0976411725851 0
vertex 24.47822331538758 24.0976411725851 0
endloop
endfacet
facet normal 0 0 -1
outer loop
vertex 27.799923755025933 24.37417190126111 0
vertex 24.47822331538758 24.0976411725851 0
vertex 24.330347290877796 24.37417190126111 0
endloop
endfacet
facet normal 0 0 -1
outer loop
vertex 21.52172796227686 24.0976411725851 0
vertex 21.43074704598401 23.797532290954322 0
vertex -3.323494429537086 23.797532290954322 0
endloop
endfacet
facet normal 0 0 -1
outer loop
vertex 21.52172796227686 24.0976411725851 0
vertex -3.323494429537086 23.797532290954322 0
vertex -3.323494429537086 24.0976411725851 0
endloop
endfacet
facet normal 0 0 -1
outer loop
vertex 27.799923755025933 24.0976411725851 0
vertex 27.799923755025933 23.797532290954322 0
vertex 24.56920423168043 23.797532290954322 0
endloop
endfacet
facet normal 0 0 -1
outer loop
vertex 27.799923755025933 24.0976411725851 0
vertex 24.56920423168043 23.797532290954322 0
vertex 24.47822331538758 24.0976411725851 0
endloop
endfacet
facet normal 0 0 -1
outer loop
vertex 21.43074704598401 23.797532290954322 0
vertex 21.399992933434316 23.485378048574912 0
vertex -3.323494429537086 23.485378048574912 0
endloop
endfacet
facet normal 0 0 -0.9999999999999999
outer loop
vertex 21.43074704598401 23.797532290954322 0
vertex -3.323494429537086 23.485378048574912 0
vertex -3.323494429537086 23.797532290954322 0
endloop
endfacet
facet normal 0 0 -0.9999999999999999
outer loop
vertex 27.799923755025933 23.797532290954322 0
vertex 27.799923755025933 23.485378048574912 0
vertex 24.599958344230124 23.485378048574912 0
endloop
endfacet
facet normal 0 0 -1
outer loop
vertex 27.799923755025933 23.797532290954322 0
vertex 24.599958344230124 23.485378048574912 0
vertex 24.56920423168043 23.797532290954322 0
endloop
endfacet
facet normal 0 0 -1
outer loop
vertex 21.399992933434316 23.485378048574912 0
vertex 21.43074704598401 23.173223806195505 0
vertex -3.323494429537086 23.173223806195505 0
endloop
endfacet
facet normal 0 0 -1
outer loop
vertex 21.399992933434316 23.485378048574912 0
vertex -3.323494429537086 23.173223806195505 0
vertex -3.323494429537086 23.485378048574912 0
endloop
endfacet
facet normal 0 0 -1
outer loop
vertex 27.799923755025933 23.485378048574912 0
vertex 27.799923755025933 23.173223806195505 0
vertex 24.56920423168043 23.173223806195505 0
endloop
endfacet
facet normal 0 0 -1
outer loop
vertex 27.799923755025933 23.485378048574912 0
vertex 24.56920423168043 23.173223806195505 0
vertex 24.599958344230124 23.485378048574912 0
endloop
endfacet
facet normal 0 0 -1
outer loop
vertex 21.43074704598401 23.173223806195505 0
vertex 21.52172796227686 22.873114924564728 0
vertex -3.323494429537086 22.873114924564728 0
endloop
endfacet
facet normal 0 0 -1
outer loop
vertex 21.43074704598401 23.173223806195505 0
vertex -3.323494429537086 22.873114924564728 0
vertex -3.323494429537086 23.173223806195505 0
endloop
endfacet
facet normal 0 0 -1
outer loop
vertex 27.799923755025933 23.173223806195505 0
vertex 27.799923755025933 22.873114924564728 0
vertex 24.47822331538758 22.873114924564728 0
endloop
endfacet
facet normal 0 0 -1
outer loop
vertex 27.799923755025933 23.173223806195505 0
vertex 24.47822331538758 22.873114924564728 0
vertex 24.56920423168043 23.173223806195505 0
endloop
endfacet
facet normal 0 0 -1
outer loop
vertex 21.52172796227686 22.873114924564728 0
vertex 21.669603986786647 22.59632791161747 0
vertex -3.323494429537086 22.59632791161747 0
endloop
endfacet
facet normal 0 0 -1
outer loop
vertex 21.52172796227686 22.873114924564728 0
vertex -3.323494429537086 22.59632791161747 0
vertex -3.323494429537086 22.873114924564728 0
endloop
endfacet
facet normal 0 0 -0.9999999999999999
outer loop
vertex 27.799923755025933 22.873114924564728 0
vertex 27.799923755025933 22.59632791161747 0
vertex 24.330347290877796 22.59632791161747 0
endloop
endfacet
facet normal 0 0 -0.9999999999999999
outer loop
vertex 27.799923755025933 22.873114924564728 0
vertex 24.330347290877796 22.59632791161747 0
vertex 24.47822331538758 22.873114924564728 0
endloop
endfacet
facet normal 0 0 -1
outer loop
vertex 21.669603986786647 22.59632791161747 0
vertex 21.868736865545923 22.353882991017368 0
vertex -3.323494429537086 22.353882991017368 0
endloop
endfacet
facet normal 0 0 -1
outer loop
vertex 21.669603986786647 22.59632791161747 0
vertex -3.323494429537086 22.353882991017368 0
vertex -3.323494429537086 22.59632791161747 0
endloop
endfacet
facet normal 0 0 -1
outer loop
vertex 27.799923755025933 22.59632791161747 0
vertex 27.799923755025933 22.353882991017368 0
vertex 24.131470696389766 22.353882991017368 0
endloop
endfacet
facet normal 0 0 -1
outer loop
vertex 27.799923755025933 22.59632791161747 0
vertex 24.131470696389766 22.353882991017368 0
vertex 24.330347290877796 22.59632791161747 0
endloop
endfacet
facet normal 0 0 -1
outer loop
vertex 21.868736865545923 22.353882991017368 0
vertex 22.111181786146023 22.155006396529338 0
vertex -3.323494429537086 22.155006396529338 0
endloop
endfacet
facet normal 0 0 -1
outer loop
vertex 21.868736865545923 22.353882991017368 0
vertex -3.323494429537086 22.155006396529338 0
vertex -3.323494429537086 22.353882991017368 0
endloop
endfacet
facet normal 0 0 -1
outer loop
vertex 27.799923755025933 22.353882991017368 0
vertex 27.799923755025933 22.155006396529338 0
vertex 23.889025775789666 22.155006396529338 0
endloop
endfacet
facet normal 0 0 -1
outer loop
vertex 27.799923755025933 22.353882991017368 0
vertex 23.889025775789666 22.155006396529338 0
vertex 24.131470696389766 22.353882991017368 0
endloop
endfacet
facet normal 0 0 -0.9999999999999999
outer loop
vertex 22.111181786146023 22.155006396529338 0
vertex 22.387712514822034 22.007130372019553 0
vertex -3.323494429537086 22.007130372019553 0
endloop
endfacet
facet normal 0 0 -1
outer loop
vertex 22.111181786146023 22.155006396529338 0
vertex -3.323494429537086 22.007130372019553 0
vertex -3.323494429537086 22.155006396529338 0
endloop
endfacet
facet normal 0 0 -1
outer loop
vertex 27.799923755025933 22.155006396529338 0
vertex 27.799923755025933 22.007130372019553 0
vertex 23.612238762842406 22.007130372019553 0
endloop
endfacet
facet normal 0 0 -1
outer loop
vertex 27.799923755025933 22.155006396529338 0
vertex 23.612238762842406 22.007130372019553 0
vertex 23.889025775789666 22.155006396529338 0
endloop
endfacet
facet normal 0 0 -0.9999999999999999
outer loop
vertex 22.387712514822034 22.007130372019553 0
vertex 22.68782139645281 21.916149455726703 0
vertex -3.323494429537086 21.916149455726703 0
endloop
endfacet
facet normal 0 0 -1
outer loop
vertex 22.387712514822034 22.007130372019553 0
vertex -3.323494429537086 21.916149455726703 0
vertex -3.323494429537086 22.007130372019553 0
endloop
endfacet
facet normal 0 0 -0.9999999999999999
outer loop
vertex 27.799923755025933 22.007130372019553 0
vertex 27.799923755025933 21.916149455726703 0
vertex 23.31212988121163 21.916149455726703 0
endloop
endfacet
facet normal 0 0 -1
outer loop
vertex 27.799923755025933 22.007130372019553 0
vertex 23.31212988121163 21.916149455726703 0
vertex 23.612238762842406 22.007130372019553 0
endloop
endfacet
facet normal 0 0 -1
outer loop
vertex 22.68782139645281 21.916149455726703 0
vertex 22.999975638832222 21.88539534317701 0
vertex -3.323494429537086 21.88539534317701 0
endloop
endfacet
facet normal 0 0 -1
outer loop
vertex 22.68782139645281 21.916149455726703 0
vertex -3.323494429537086 21.88539534317701 0
vertex -3.323494429537086 21.916149455726703 0
endloop
endfacet
facet normal 0 0 -1
outer loop
vertex 27.799923755025933 21.916149455726703 0
vertex 27.799923755025933 21.88539534317701 0
vertex 22.999975638832222 21.88539534317701 0
endloop
endfacet
facet normal 0 0 -1
outer loop
vertex 27.799923755025933 21.916149455726703 0
vertex 22.999975638832222 21.88539534317701 0
vertex 23.31212988121163 21.916149455726703 0
endloop
endfacet
facet normal 0 0 -0.9999999999999999
outer loop
vertex 15.825553749530773 15.985475134789189 0
vertex 22.999975638832222 21.88539534317701 0
vertex 27.799923755025933 21.88539534317701 0
endloop
endfacet
facet normal 0 0 -1
outer loop
vertex 15.825553749530773 15.985475134789189 0
vertex 27.799923755025933 21.88539534317701 0
vertex 27.799923755025933 10.085298642130121 0
endloop
endfacet
facet normal 0 0 -0.9999999999999999
outer loop
vertex 15.825553749530773 15.985475134789189 0
vertex 27.799923755025933 10.085298642130121 0
vertex 22.999975638832222 10.085298642130121 0
endloop
endfacet
facet normal 0 0 -1
outer loop
vertex 15.825553749530773 15.985475134789189 0
vertex 22.999975638832222 10.085298642130121 0
vertex -3.323494429537086 10.085298642130121 0
endloop
endfacet
facet normal 0 0 -1
outer loop
vertex 15.825553749530773 15.985475134789189 0
vertex -3.323494429537086 10.085298642130121 0
vertex -3.323494429537086 21.88539534317701 0
endloop
endfacet
facet normal 0 0 -1
outer loop
vertex 15.825553749530773 15.985475134789189 0
vertex -3.323494429537086 21.88539534317701 0
vertex 22.999975638832222 21.88539534317701 0
endloop
endfacet
facet normal 0 0 -1
outer loop
vertex 22.999975638832222 10.085298642130121 0
vertex 22.68782139645281 10.054544529580426 0
vertex -3.323494429537086 10.054544529580426 0
endloop
endfacet
facet normal 0 0 -1
outer loop
vertex 22.999975638832222 10.085298642130121 0
vertex -3.323494429537086 10.054544529580426 0
vertex -3.323494429537086 10.085298642130121 0
endloop
endfacet
facet normal 0 0 -1
outer loop
vertex 27.799923755025933 10.085298642130121 0
vertex 27.799923755025933 10.054544529580426 0
vertex 23.31212988121163 10.054544529580426 0
endloop
endfacet
facet normal 0 0 -1
outer loop
vertex 27.799923755025933 10.085298642130121 0
vertex 23.31212988121163 10.054544529580426 0
vertex 22.999975638832222 10.085298642130121 0
endloop
endfacet
facet normal 0 0 -1
outer loop
vertex 22.68782139645281 10.054544529580426 0
vertex 22.387712514822034 9.963563613287576 0
vertex -3.323494429537086 9.963563613287576 0
endloop
endfacet
facet normal 0 0 -0.9999999999999999
outer loop
vertex 22.68782139645281 10.054544529580426 0
vertex -3.323494429537086 9.963563613287576 0
vertex -3.323494429537086 10.054544529580426 0
endloop
endfacet
facet normal 0 0 -1
outer loop
vertex 27.799923755025933 10.054544529580426 0
vertex 27.799923755025933 9.963563613287576 0
vertex 23.612238762842406 9.963563613287576 0
endloop
endfacet
facet normal 0 0 -0.9999999999999999
outer loop
vertex 27.799923755025933 10.054544529580426 0
vertex 23.612238762842406 9.963563613287576 0
vertex 23.31212988121163 10.054544529580426 0
endloop
endfacet
facet normal 0 0 -1
outer loop
vertex 22.387712514822034 9.963563613287576 0
vertex 22.111181786146023 9.815687588777791 0
vertex -3.323494429537086 9.815687588777791 0
endloop
endfacet
facet normal 0 0 -0.9999999999999999
outer loop
vertex 22.387712514822034 9.963563613287576 0
vertex -3.323494429537086 9.815687588777791 0
vertex -3.323494429537086 9.963563613287576 0
endloop
endfacet
facet normal 0 0 -1
outer loop
vertex 27.799923755025933 9.963563613287576 0
vertex 27.799923755025933 9.815687588777791 0
vertex 23.889025775789666 9.815687588777791 0
endloop
endfacet
facet normal 0 0 -1
outer loop
vertex 27.799923755025933 9.963563613287576 0
vertex 23.889025775789666 9.815687588777791 0
vertex 23.612238762842406 9.963563613287576 0
endloop
endfacet
facet normal 0 0 -1
outer loop
vertex 22.111181786146023 9.815687588777791 0
vertex 21.868736865545923 9.616554710018512 0
vertex -3.323494429537086 9.616554710018512 0
endloop
endfacet
facet normal 0 0 -1
outer loop
vertex 22.111181786146023 9.815687588777791 0
vertex -3.323494429537086 9.616554710018512 0
vertex -3.323494429537086 9.815687588777791 0
endloop
endfacet
facet normal 0 0 -1
outer loop
vertex 27.799923755025933 9.815687588777791 0
vertex 27.799923755025933 9.616554710018512 0
vertex 24.131470696389766 9.616554710018512 0
endloop
endfacet
facet normal 0 0 -1
outer loop
vertex 27.799923755025933 9.815687588777791 0
vertex 24.131470696389766 9.616554710018512 0
vertex 23.889025775789666 9.815687588777791 0
endloop
endfacet
facet normal 0 0 -1
outer loop
vertex 21.868736865545923 9.616554710018512 0
vertex 21.669603986786647 9.374109789418414 0
vertex -3.323494429537086 9.374109789418414 0
endloop
endfacet
facet normal 0 0 -1
outer loop
vertex 21.868736865545923 9.616554710018512 0
vertex -3.323494429537086 9.374109789418414 0
vertex -3.323494429537086 9.616554710018512 0
endloop
endfacet
facet normal 0 0 -1
outer loop
vertex 27.799923755025933 9.616554710018512 0
vertex 27.799923755025933 9.374109789418414 0
vertex 24.330347290877796 9.374109789418414 0
endloop
endfacet
facet normal 0 0 -1
outer loop
vertex 27.799923755025933 9.616554710018512 0
vertex 24.330347290877796 9.374109789418414 0
vertex 24.131470696389766 9.616554710018512 0
endloop
endfacet
facet normal 0 0 -0.9999999999999999
outer loop
vertex 21.669603986786647 9.374109789418414 0
vertex 21.52172796227686 9.097579060742403 0
vertex -3.323494429537086 9.097579060742403 0
endloop
endfacet
facet normal 0 0 -1
outer loop
vertex 21.669603986786647 9.374109789418414 0
vertex -3.323494429537086 9.097579060742403 0
vertex -3.323494429537086 9.374109789418414 0
endloop
endfacet
facet normal 0 0 -1
outer loop
vertex 27.799923755025933 9.374109789418414 0
vertex 27.799923755025933 9.097579060742403 0
vertex 24.47822331538758 9.097579060742403 0
endloop
endfacet
facet normal 0 0 -1
outer loop
vertex 27.799923755025933 9.374109789418414 0
vertex 24.47822331538758 9.097579060742403 0
vertex 24.330347290877796 9.374109789418414 0
endloop
endfacet
facet normal 0 0 -1
outer loop
vertex 21.52172796227686 9.097579060742403 0
vertex 21.43074704598401 8.797470179111624 0
vertex -3.323494429537086 8.797470179111624 0
endloop
endfacet
facet normal 0 0 -1
outer loop
vertex 21.52172796227686 9.097579060742403 0
vertex -3.323494429537086 8.797470179111624 0
vertex -3.323494429537086 9.097579060742403 0
endloop
endfacet
facet normal 0 0 -1
outer loop
vertex 27.799923755025933 9.097579060742403 0
vertex 27.799923755025933 8.797470179111624 0
vertex 24.56920423168043 8.797470179111624 0
endloop
endfacet
facet normal 0 0 -1
outer loop
vertex 27.799923755025933 9.097579060742403 0
vertex 24.56920423168043 8.797470179111624 0
vertex 24.47822331538758 9.097579060742403 0
endloop
endfacet
facet normal 0 0 -1
outer loop
vertex 7.236698967214582 8.61012637682973 0
vertex 21.43074704598401 8.797470179111624 0
vertex 21.399992933434316 8.485315936732215 0
endloop
endfacet
facet normal 0 0 -1
outer loop
vertex 7.236698967214582 8.61012637682973 0
vertex 21.399992933434316 8.485315936732215 0
vertex 0 8.485315936732215 0
endloop
endfacet
facet normal 0 0 -1
outer loop
vertex 7.236698967214582 8.61012637682973 0
vertex 0 8.485315936732215 0
vertex -3.323494429537086 8.485315936732215 0
endloop
endfacet
facet normal 0 0 -0.9999999999999999
outer loop
vertex 7.236698967214582 8.61012637682973 0
vertex -3.323494429537086 8.485315936732215 0
vertex -3.323494429537086 8.797470179111624 0
endloop
endfacet
facet normal 0 0 -1
outer loop
vertex 7.236698967214582 8.61012637682973 0
vertex -3.323494429537086 8.797470179111624 0
vertex 21.43074704598401 8.797470179111624 0
endloop
endfacet
facet normal 0 0 -0.9999999999999999
outer loop
vertex 27.799923755025933 8.797470179111624 0
vertex 27.799923755025933 8.485315936732215 0
vertex 24.599958344230124 8.485315936732215 0
endloop
endfacet
facet normal 0 0 -1
outer loop
vertex 27.799923755025933 8.797470179111624 0
vertex 24.599958344230124 8.485315936732215 0
vertex 24.56920423168043 8.797470179111624 0
endloop
endfacet
facet normal 0 0 -1
outer loop
vertex 21.399992933434316 8.485315936732215 0
vertex 21.43074704598401 8.173161694352807 0
vertex 0 8.173161694352807 0
endloop
endfacet
facet normal 0 0 -1
outer loop
vertex 21.399992933434316 8.485315936732215 0
vertex 0 8.173161694352807 0
vertex 0 8.485315936732215 0
endloop
endfacet
facet normal 0 0 -1
outer loop
vertex 27.799923755025933 8.485315936732215 0
vertex 27.799923755025933 8.173161694352807 0
vertex 24.56920423168043 8.173161694352807 0
endloop
endfacet
facet normal 0 0 -0.9999999999999999
outer loop
vertex 27.799923755025933 8.485315936732215 0
vertex 24.56920423168043 8.173161694352807 0
vertex 24.599958344230124 8.485315936732215 0
endloop
endfacet
facet normal 0 0 -0.9999999999999999
outer loop
vertex 21.43074704598401 8.173161694352807 0
vertex 21.52172796227686 7.87305281272203 0
vertex 0 7.87305281272203 0
endloop
endfacet
facet normal 0 0 -1
outer loop
vertex 21.43074704598401 8.173161694352807 0
vertex 0 7.87305281272203 0
vertex 0 8.173161694352807 0
endloop
endfacet
facet normal 0 0 -1
outer loop
vertex 27.799923755025933 8.173161694352807 0
vertex 27.799923755025933 7.87305281272203 0
vertex 24.47822331538758 7.87305281272203 0
endloop
endfacet
facet normal 0 0 -1
outer loop
vertex 27.799923755025933 8.173161694352807 0
vertex 24.47822331538758 7.87305281272203 0
vertex 24.56920423168043 8.173161694352807 0
endloop
endfacet
facet normal 0 0 -0.9999999999999999
outer loop
vertex 21.52172796227686 7.87305281272203 0
vertex 21.669603986786647 7.596265799774771 0
vertex 0 7.596265799774771 0
endloop
endfacet
facet normal 0 0 -1
outer loop
vertex 21.52172796227686 7.87305281272203 0
vertex 0 7.596265799774771 0
vertex 0 7.87305281272203 0
endloop
endfacet
facet normal 0 0 -1
outer loop
vertex 27.799923755025933 7.87305281272203 0
vertex 27.799923755025933 7.596265799774771 0
vertex 24.330347290877796 7.596265799774771 0
endloop
endfacet
facet normal 0 0 -0.9999999999999999
outer loop
vertex 27.799923755025933 7.87305281272203 0
vertex 24.330347290877796 7.596265799774771 0
vertex 24.47822331538758 7.87305281272203 0
endloop
endfacet
facet normal 0 0 -1
outer loop
vertex 21.669603986786647 7.596265799774771 0
vertex 21.868736865545923 7.3538208791746715 0
vertex 0 7.3538208791746715 0
endloop
endfacet
facet normal 0 0 -1
outer loop
vertex 21.669603986786647 7.596265799774771 0
vertex 0 7.3538208791746715 0
vertex 0 7.596265799774771 0
endloop
endfacet
facet normal 0 0 -1
outer loop
vertex 27.799923755025933 7.596265799774771 0
vertex 27.799923755025933 7.3538208791746715 0
vertex 24.131470696389766 7.3538208791746715 0
endloop
endfacet
facet normal 0 0 -1
outer loop
vertex 27.799923755025933 7.596265799774771 0
vertex 24.131470696389766 7.3538208791746715 0
vertex 24.330347290877796 7.596265799774771 0
endloop
endfacet
facet normal 0 0 -1
outer loop
vertex 21.868736865545923 7.3538208791746715 0
vertex 22.111181786146023 7.154944284686641 0
vertex 0 7.154944284686641 0
endloop
endfacet
facet normal 0 0 -1
outer loop
vertex 21.868736865545923 7.3538208791746715 0
vertex 0 7.154944284686641 0
vertex 0 7.3538208791746715 0
endloop
endfacet
facet normal 0 0 -1
outer loop
vertex 26.275032341103536 7.243618642538263 0
vertex 27.799923755025933 7.3538208791746715 0
vertex 27.799923755025933 7.200050316426195 0
endloop
endfacet
facet normal 0 0 -1
outer loop
vertex 26.275032341103536 7.243618642538263 0
vertex 27.799923755025933 7.200050316426195 0
vertex 27.754817723286383 7.154944284686641 0
endloop
endfacet
facet normal 0 0 -1
outer loop
vertex 26.275032341103536 7.243618642538263 0
vertex 27.754817723286383 7.154944284686641 0
vertex 23.889025775789666 7.154944284686641 0
endloop
endfacet
facet normal 0 0 -0.9999999999999999
outer loop
vertex 26.275032341103536 7.243618642538263 0
vertex 23.889025775789666 7.154944284686641 0
vertex 24.131470696389766 7.3538208791746715 0
endloop
endfacet
facet normal 0 0 -1
outer loop
vertex 26.275032341103536 7.243618642538263 0
vertex 24.131470696389766 7.3538208791746715 0
vertex 27.799923755025933 7.3538208791746715 0
endloop
endfacet
facet normal 0 0 -1
outer loop
vertex 22.111181786146023 7.154944284686641 0
vertex 22.387712514822034 7.0070682601768555 0
vertex 0 7.0070682601768555 0
endloop
endfacet
facet normal 0 0 -0.9999999999999999
outer loop
vertex 22.111181786146023 7.154944284686641 0
vertex 0 7.0070682601768555 0
vertex 0 7.154944284686641 0
endloop
endfacet
facet normal 0 0 -1
outer loop
vertex 27.754817723286383 7.154944284686641 0
vertex 27.607197983047843 7.0070682601768555 0
vertex 23.612238762842406 7.0070682601768555 0
endloop
endfacet
facet normal 0 0 -1
outer loop
vertex 27.754817723286383 7.154944284686641 0
vertex 23.612238762842406 7.0070682601768555 0
vertex 23.889025775789666 7.154944284686641 0
endloop
endfacet
facet normal 0 0 -1
outer loop
vertex 22.387712514822034 7.0070682601768555 0
vertex 22.68782139645281 6.916087343884007 0
vertex 0 6.916087343884007 0
endloop
endfacet
facet normal 0 0 -1
outer loop
vertex 22.387712514822034 7.0070682601768555 0
vertex 0 6.916087343884007 0
vertex 0 7.0070682601768555 0
endloop
endfacet
facet normal 0 0 -1
outer loop
vertex 27.607197983047843 7.0070682601768555 0
vertex 27.515960782483745 6.916087343884007 0
vertex 23.31212988121163 6.916087343884007 0
endloop
endfacet
facet normal 0 0 -1
outer loop
vertex 27.607197983047843 7.0070682601768555 0
vertex 23.31212988121163 6.916087343884007 0
vertex 23.612238762842406 7.0070682601768555 0
endloop
endfacet
facet normal 0 0 -1
outer loop
vertex 22.68782139645281 6.916087343884007 0
vertex 22.999975638832222 6.885333231334311 0
vertex 0 6.885333231334311 0
endloop
endfacet
facet normal 0 0 -1
outer loop
vertex 22.68782139645281 6.916087343884007 0
vertex 0 6.885333231334311 0
vertex 0 6.916087343884007 0
endloop
endfacet
facet normal 0 0 -1
outer loop
vertex 27.515960782483745 6.916087343884007 0
vertex 27.48520666993405 6.885333231334311 0
vertex 22.999975638832222 6.885333231334311 0
endloop
endfacet
facet normal 0 0 -1
outer loop
vertex 27.515960782483745 6.916087343884007 0
vertex 22.999975638832222 6.885333231334311 0
vertex 23.31212988121163 6.916087343884007 0
endloop
endfacet
facet normal 0 0 -1
outer loop
vertex 14.456995741069326 4.611066608284334 0
vertex 22.999975638832222 6.885333231334311 0
vertex 27.48520666993405 6.885333231334311 0
endloop
endfacet
facet normal 0 0 -0.9999999999999999
outer loop
vertex 14.456995741069326 4.611066608284334 0
vertex 27.48520666993405 6.885333231334311 0
vertex 21.800052680851604 1.1999229579806165 0
endloop
endfacet
facet normal 0 0 -1
outer loop
vertex 14.456995741069326 4.611066608284334 0
vertex 21.800052680851604 1.1999229579806165 0
vertex 0 1.1999229579806165 0
endloop
endfacet
facet normal 0 0 -0.9999999999999999
outer loop
vertex 14.456995741069326 4.611066608284334 0
vertex 0 1.1999229579806165 0
vertex 0 6.885333231334311 0
endloop
endfacet
facet normal 0 0 -0.9999999999999999
outer loop
vertex 14.456995741069326 4.611066608284334 0
vertex 0 6.885333231334311 0
vertex 22.999975638832222 6.885333231334311 0
endloop
endfacet
facet normal 0 0.7068045342601411 -0.7074088989752
outer loop
vertex 21.800052680851604 37.28526091816575 0
vertex 2.0000424528151926 37.28526091816575 0
vertex 2.0000424528151926 38.485183876146365 1.1988978208956267
endloop
endfacet
facet normal 0 0.7068045342601412 -0.7074088989752002
outer loop
vertex 21.800052680851604 37.28526091816575 0
vertex 2.0000424528151926 38.485183876146365 1.1988978208956267
vertex 22.999975638832222 38.485183876146365 1.1988978208956267
endloop
endfacet
facet normal 0 0.7067440693929048 -0.707469307021836
outer loop
vertex 2.0000424528151926 37.48516264973877 0.19990173157302027
vertex 0 38.485183876146365 1.1988978208956267
vertex 2.0000424528151926 38.485183876146365 1.1988978208956267
endloop
endfacet
facet normal 0 1 0
outer loop
vertex -1.0838261831055163 38.485183876146365 4.2691833904402205
vertex 6.9998923005819265 38.485183876146365 4.699997250407204
vertex 6.9998923005819265 38.485183876146365 3.95010947273713
endloop
endfacet
facet normal 0 1 0
outer loop
vertex -1.0838261831055163 38.485183876146365 4.2691833904402205
vertex 6.9998923005819265 38.485183876146365 3.95010947273713
vertex -1.687375641893289 38.485183876146365 3.95010947273713
endloop
endfacet
facet normal 0 1 0
outer loop
vertex -1.0838261831055163 38.485183876146365 4.2691833904402205
vertex -1.687375641893289 38.485183876146365 3.95010947273713
vertex -3.0126216085139146 38.485183876146365 3.95010947273713
endloop
endfacet
facet normal 0 0.9999999999999999 0
outer loop
vertex -1.0838261831055163 38.485183876146365 4.2691833904402205
vertex -3.0126216085139146 38.485183876146365 3.95010947273713
vertex -4.062361983543519 38.485183876146365 3.95010947273713
endloop
endfacet
facet normal 0 1 0
outer loop
vertex -1.0838261831055163 38.485183876146365 4.2691833904402205
vertex -4.062361983543519 38.485183876146365 3.95010947273713
vertex -4.011617697836521 38.485183876146365 4.011617697836521
endloop
endfacet
facet normal 0 1 0
outer loop
vertex -1.0838261831055163 38.485183876146365 4.2691833904402205
vertex -4.011617697836521 38.485183876146365 4.011617697836521
vertex -3.6556388450737964 38.485183876146365 4.304038051329875
endloop
endfacet
facet normal 0 1 0
outer loop
vertex -1.0838261831055163 38.485183876146365 4.2691833904402205
vertex -3.6556388450737964 38.485183876146365 4.304038051329875
vertex -3.2494282751465695 38.485183876146365 4.521110829076475
endloop
endfacet
facet normal 0 0.9999999999999999 0
outer loop
vertex -1.0838261831055163 38.485183876146365 4.2691833904402205
vertex -3.2494282751465695 38.485183876146365 4.521110829076475
vertex -2.8083630443296874 38.485183876146365 4.65489121866765
endloop
endfacet
facet normal 0 1 0
outer loop
vertex -1.0838261831055163 38.485183876146365 4.2691833904402205
vertex -2.8083630443296874 38.485183876146365 4.65489121866765
vertex -2.3501267673392254 38.485183876146365 4.699997250407204
endloop
endfacet
facet normal 0 1 0
outer loop
vertex -1.0838261831055163 38.485183876146365 4.2691833904402205
vertex -2.3501267673392254 38.485183876146365 4.699997250407204
vertex 6.9998923005819265 38.485183876146365 4.699997250407204
endloop
endfacet
facet normal 0 1 0
outer loop
vertex -3.8514400283068575 38.485183876146365 3.7038202880683193
vertex -3.0126216085139146 38.485183876146365 3.95010947273713
vertex -3.4813655406255224 38.485183876146365 3.4813655406255224
endloop
endfacet
facet normal 0 1 0
outer loop
vertex -3.8514400283068575 38.485183876146365 3.7038202880683193
vertex -3.4813655406255224 38.485183876146365 3.4813655406255224
vertex -4.397069241792704 38.485183876146365 3.4813655406255224
endloop
endfacet
facet normal 0 1 0
outer loop
vertex -3.8514400283068575 38.485183876146365 3.7038202880683193
vertex -4.397069241792704 38.485183876146365 3.4813655406255224
vertex -4.304038051329875 38.485183876146365 3.6556388450737964
endloop
endfacet
facet normal 0 1 0
outer loop
vertex -3.8514400283068575 38.485183876146365 3.7038202880683193
vertex -4.304038051329875 38.485183876146365 3.6556388450737964
vertex -4.062361983543519 38.485183876146365 3.95010947273713
endloop
endfacet
facet normal 0 1 0
outer loop
vertex -3.8514400283068575 38.485183876146365 3.7038202880683193
vertex -4.062361983543519 38.485183876146365 3.95010947273713
vertex -3.0126216085139146 38.485183876146365 3.95010947273713
endloop
endfacet
facet normal 0 0.9999999999999999 0
outer loop
vertex 6.9998923005819265 38.485183876146365 3.95010947273713
vertex 6.9998923005819265 38.485183876146365 3.4813655406255224
vertex -1.2186317097816812 38.485183876146365 3.4813655406255224
endloop
endfacet
facet normal 0 1 0
outer loop
vertex 6.9998923005819265 38.485183876146365 3.95010947273713
vertex -1.2186317097816812 38.485183876146365 3.4813655406255224
vertex -1.687375641893289 38.485183876146365 3.95010947273713
endloop
endfacet
facet normal 0 1 0
outer loop
vertex -4.12079479738794 38.485183876146365 3.3381026329981913
vertex -3.4813655406255224 38.485183876146365 3.4813655406255224
vertex -3.680242135113553 38.485183876146365 3.2389206200254232
endloop
endfacet
facet normal 0 1 0
outer loop
vertex -4.12079479738794 38.485183876146365 3.3381026329981913
vertex -3.680242135113553 38.485183876146365 3.2389206200254232
vertex -4.524186240331445 38.485183876146365 3.2389206200254232
endloop
endfacet
facet normal 0 1 0
outer loop
vertex -4.12079479738794 38.485183876146365 3.3381026329981913
vertex -4.524186240331445 38.485183876146365 3.2389206200254232
vertex -4.521110829076475 38.485183876146365 3.2494282751465695
endloop
endfacet
facet normal 0 0.9999999999999999 0
outer loop
vertex -4.12079479738794 38.485183876146365 3.3381026329981913
vertex -4.521110829076475 38.485183876146365 3.2494282751465695
vertex -4.397069241792704 38.485183876146365 3.4813655406255224
endloop
endfacet
facet normal 0 1 0
outer loop
vertex -4.12079479738794 38.485183876146365 3.3381026329981913
vertex -4.397069241792704 38.485183876146365 3.4813655406255224
vertex -3.4813655406255224 38.485183876146365 3.4813655406255224
endloop
endfacet
facet normal 0 0.9999999999999999 0
outer loop
vertex 6.9998923005819265 38.485183876146365 3.4813655406255224
vertex 6.9998923005819265 38.485183876146365 3.2389206200254232
vertex -1.0197551152936508 38.485183876146365 3.2389206200254232
endloop
endfacet
facet normal 0 1 0
outer loop
vertex 6.9998923005819265 38.485183876146365 3.4813655406255224
vertex -1.0197551152936508 38.485183876146365 3.2389206200254232
vertex -1.2186317097816812 38.485183876146365 3.4813655406255224
endloop
endfacet
facet normal 0 1 0
outer loop
vertex -3.680242135113553 38.485183876146365 3.2389206200254232
vertex -3.8281181596233385 38.485183876146365 2.962389891349412
vertex -4.608247481300612 38.485183876146365 2.962389891349412
endloop
endfacet
facet normal 0 1 0
outer loop
vertex -3.680242135113553 38.485183876146365 3.2389206200254232
vertex -4.608247481300612 38.485183876146365 2.962389891349412
vertex -4.524186240331445 38.485183876146365 3.2389206200254232
endloop
endfacet
facet normal 0 1 0
outer loop
vertex 6.9998923005819265 38.485183876146365 3.2389206200254232
vertex 6.9998923005819265 38.485183876146365 2.962389891349412
vertex -0.8718790907838654 38.485183876146365 2.962389891349412
endloop
endfacet
facet normal 0 1 0
outer loop
vertex 6.9998923005819265 38.485183876146365 3.2389206200254232
vertex -0.8718790907838654 38.485183876146365 2.962389891349412
vertex -1.0197551152936508 38.485183876146365 3.2389206200254232
endloop
endfacet
facet normal 0 1 0
outer loop
vertex -4.336073585235808 38.485183876146365 2.811438455584657
vertex -3.8281181596233385 38.485183876146365 2.962389891349412
vertex -3.919355360187435 38.485183876146365 2.6620247254473868
endloop
endfacet
facet normal 0 1 0
outer loop
vertex -4.336073585235808 38.485183876146365 2.811438455584657
vertex -3.919355360187435 38.485183876146365 2.6620247254473868
vertex -4.669243137857508 38.485183876146365 2.6620247254473868
endloop
endfacet
facet normal 0 1 0
outer loop
vertex -4.336073585235808 38.485183876146365 2.811438455584657
vertex -4.669243137857508 38.485183876146365 2.6620247254473868
vertex -4.65489121866765 38.485183876146365 2.8083630443296874
endloop
endfacet
facet normal 0 0.9999999999999999 0
outer loop
vertex -4.336073585235808 38.485183876146365 2.811438455584657
vertex -4.65489121866765 38.485183876146365 2.8083630443296874
vertex -4.608247481300612 38.485183876146365 2.962389891349412
endloop
endfacet
facet normal 0 1 0
outer loop
vertex -4.336073585235808 38.485183876146365 2.811438455584657
vertex -4.608247481300612 38.485183876146365 2.962389891349412
vertex -3.8281181596233385 38.485183876146365 2.962389891349412
endloop
endfacet
facet normal 0 1 0
outer loop
vertex 6.9998923005819265 38.485183876146365 2.962389891349412
vertex 6.9998923005819265 38.485183876146365 2.6620247254473868
vertex -0.7806418902197689 38.485183876146365 2.6620247254473868
endloop
endfacet
facet normal 0 1 0
outer loop
vertex 6.9998923005819265 38.485183876146365 2.962389891349412
vertex -0.7806418902197689 38.485183876146365 2.6620247254473868
vertex -0.8718790907838654 38.485183876146365 2.962389891349412
endloop
endfacet
facet normal 0 0.9999999999999999 0
outer loop
vertex -3.919355360187435 38.485183876146365 2.6620247254473868
vertex -3.95010947273713 38.485183876146365 2.3501267673392254
vertex -4.699997250407204 38.485183876146365 2.3501267673392254
endloop
endfacet
facet normal 0 1 0
outer loop
vertex -3.919355360187435 38.485183876146365 2.6620247254473868
vertex -4.699997250407204 38.485183876146365 2.3501267673392254
vertex -4.669243137857508 38.485183876146365 2.6620247254473868
endloop
endfacet
facet normal 0 0.9999999999999999 0
outer loop
vertex 6.9998923005819265 38.485183876146365 2.6620247254473868
vertex 6.9998923005819265 38.485183876146365 2.3501267673392254
vertex -0.7498877776700735 38.485183876146365 2.3501267673392254
endloop
endfacet
facet normal 0 1 0
outer loop
vertex 6.9998923005819265 38.485183876146365 2.6620247254473868
vertex -0.7498877776700735 38.485183876146365 2.3501267673392254
vertex -0.7806418902197689 38.485183876146365 2.6620247254473868
endloop
endfacet
facet normal 0 0.9999999999999999 0
outer loop
vertex -3.95010947273713 38.485183876146365 2.3501267673392254
vertex -3.919355360187435 38.485183876146365 2.037972524959817
vertex -4.669243137857508 38.485183876146365 2.037972524959817
endloop
endfacet
facet normal 0 1 0
outer loop
vertex -3.95010947273713 38.485183876146365 2.3501267673392254
vertex -4.669243137857508 38.485183876146365 2.037972524959817
vertex -4.699997250407204 38.485183876146365 2.3501267673392254
endloop
endfacet
facet normal 0 1 0
outer loop
vertex 6.9998923005819265 38.485183876146365 2.3501267673392254
vertex 6.9998923005819265 38.485183876146365 2.037972524959817
vertex -0.7806418902197689 38.485183876146365 2.037972524959817
endloop
endfacet
facet normal 0 1 0
outer loop
vertex 6.9998923005819265 38.485183876146365 2.3501267673392254
vertex -0.7806418902197689 38.485183876146365 2.037972524959817
vertex -0.7498877776700735 38.485183876146365 2.3501267673392254
endloop
endfacet
facet normal 0 1 0
outer loop
vertex -4.336073585235808 38.485183876146365 1.8885587948225466
vertex -3.919355360187435 38.485183876146365 2.037972524959817
vertex -3.8281181596233385 38.485183876146365 1.7376073590577916
endloop
endfacet
facet normal 0 1 0
outer loop
vertex -4.336073585235808 38.485183876146365 1.8885587948225466
vertex -3.8281181596233385 38.485183876146365 1.7376073590577916
vertex -4.608247481300612 38.485183876146365 1.7376073590577916
endloop
endfacet
facet normal 0 0.9999999999999999 0
outer loop
vertex -4.336073585235808 38.485183876146365 1.8885587948225466
vertex -4.608247481300612 38.485183876146365 1.7376073590577916
vertex -4.65489121866765 38.485183876146365 1.8916342060775162
endloop
endfacet
facet normal 0 1 0
outer loop
vertex -4.336073585235808 38.485183876146365 1.8885587948225466
vertex -4.65489121866765 38.485183876146365 1.8916342060775162
vertex -4.669243137857508 38.485183876146365 2.037972524959817
endloop
endfacet
facet normal 0 1 0
outer loop
vertex -4.336073585235808 38.485183876146365 1.8885587948225466
vertex -4.669243137857508 38.485183876146365 2.037972524959817
vertex -3.919355360187435 38.485183876146365 2.037972524959817
endloop
endfacet
facet normal 0 1 0
outer loop
vertex 6.9998923005819265 38.485183876146365 2.037972524959817
vertex 6.9998923005819265 38.485183876146365 1.7376073590577916
vertex -0.8718790907838654 38.485183876146365 1.7376073590577916
endloop
endfacet
facet normal 0 1 0
outer loop
vertex 6.9998923005819265 38.485183876146365 2.037972524959817
vertex -0.8718790907838654 38.485183876146365 1.7376073590577916
vertex -0.7806418902197689 38.485183876146365 2.037972524959817
endloop
endfacet
facet normal 0 1 0
outer loop
vertex 6.9998923005819265 38.485183876146365 1.7376073590577916
vertex 6.9998923005819265 38.485183876146365 1.5999827053979045
vertex -0.9454326766318869 38.485183876146365 1.5999827053979045
endloop
endfacet
facet normal 0 1 0
outer loop
vertex 6.9998923005819265 38.485183876146365 1.7376073590577916
vertex -0.9454326766318869 38.485183876146365 1.5999827053979045
vertex -0.8718790907838654 38.485183876146365 1.7376073590577916
endloop
endfacet
facet normal 0 1 0
outer loop
vertex -3.8281181596233385 38.485183876146365 1.7376073590577916
vertex -3.680242135113553 38.485183876146365 1.4610766303817804
vertex -4.524186240331445 38.485183876146365 1.4610766303817804
endloop
endfacet
facet normal 0 1 0
outer loop
vertex -3.8281181596233385 38.485183876146365 1.7376073590577916
vertex -4.524186240331445 38.485183876146365 1.4610766303817804
vertex -4.608247481300612 38.485183876146365 1.7376073590577916
endloop
endfacet
facet normal 0 1 0
outer loop
vertex 10.207033670972665 38.485183876146365 1.5443690185372054
vertex 6.9998923005819265 38.485183876146365 1.5999827053979045
vertex 22.999975638832222 38.485183876146365 1.5999827053979045
endloop
endfacet
facet normal 0 1 0
outer loop
vertex 10.207033670972665 38.485183876146365 1.5443690185372054
vertex 22.999975638832222 38.485183876146365 1.5999827053979045
vertex 22.999975638832222 38.485183876146365 1.4610766303817804
endloop
endfacet
facet normal 0 1 0
outer loop
vertex 10.207033670972665 38.485183876146365 1.5443690185372054
vertex 22.999975638832222 38.485183876146365 1.4610766303817804
vertex -1.0197551152936508 38.485183876146365 1.4610766303817804
endloop
endfacet
facet normal 0 1 0
outer loop
vertex 10.207033670972665 38.485183876146365 1.5443690185372054
vertex -1.0197551152936508 38.485183876146365 1.4610766303817804
vertex -0.9454326766318869 38.485183876146365 1.5999827053979045
endloop
endfacet
facet normal 0 1 0
outer loop
vertex 10.207033670972665 38.485183876146365 1.5443690185372054
vertex -0.9454326766318869 38.485183876146365 1.5999827053979045
vertex 6.9998923005819265 38.485183876146365 1.5999827053979045
endloop
endfacet
facet normal 0 1 0
outer loop
vertex -4.12079479738794 38.485183876146365 1.3618946174090125
vertex -3.680242135113553 38.485183876146365 1.4610766303817804
vertex -3.4813655406255224 38.485183876146365 1.2186317097816812
endloop
endfacet
facet normal 0 1 0
outer loop
vertex -4.12079479738794 38.485183876146365 1.3618946174090125
vertex -3.4813655406255224 38.485183876146365 1.2186317097816812
vertex -4.397069241792704 38.485183876146365 1.2186317097816812
endloop
endfacet
facet normal 0 0.9999999999999999 0
outer loop
vertex -4.12079479738794 38.485183876146365 1.3618946174090125
vertex -4.397069241792704 38.485183876146365 1.2186317097816812
vertex -4.521110829076475 38.485183876146365 1.4505689752606343
endloop
endfacet
facet normal 0 1 0
outer loop
vertex -4.12079479738794 38.485183876146365 1.3618946174090125
vertex -4.521110829076475 38.485183876146365 1.4505689752606343
vertex -4.524186240331445 38.485183876146365 1.4610766303817804
endloop
endfacet
facet normal 0 1 0
outer loop
vertex -4.12079479738794 38.485183876146365 1.3618946174090125
vertex -4.524186240331445 38.485183876146365 1.4610766303817804
vertex -3.680242135113553 38.485183876146365 1.4610766303817804
endloop
endfacet
facet normal 0 1 0
outer loop
vertex 22.999975638832222 38.485183876146365 1.4610766303817804
vertex 22.999975638832222 38.485183876146365 1.2186317097816812
vertex -1.2186317097816812 38.485183876146365 1.2186317097816812
endloop
endfacet
facet normal 0 1 0
outer loop
vertex 22.999975638832222 38.485183876146365 1.4610766303817804
vertex -1.2186317097816812 38.485183876146365 1.2186317097816812
vertex -1.0197551152936508 38.485183876146365 1.4610766303817804
endloop
endfacet
facet normal 0 1 0
outer loop
vertex 7.589858692993584 38.485183876146365 1.2055612119480608
vertex 22.999975638832222 38.485183876146365 1.2186317097816812
vertex 22.999975638832222 38.485183876146365 1.1988978208956267
endloop
endfacet
facet normal 0 1 0
outer loop
vertex 7.589858692993584 38.485183876146365 1.2055612119480608
vertex 22.999975638832222 38.485183876146365 1.1988978208956267
vertex 2.0000424528151926 38.485183876146365 1.1988978208956267
endloop
endfacet
facet normal 0 1 0
outer loop
vertex 7.589858692993584 38.485183876146365 1.2055612119480608
vertex 2.0000424528151926 38.485183876146365 1.1988978208956267
vertex 0 38.485183876146365 1.1988978208956267
endloop
endfacet
facet normal 0 1 0
outer loop
vertex 7.589858692993584 38.485183876146365 1.2055612119480608
vertex 0 38.485183876146365 1.1988978208956267
vertex -1.2424661470076952 38.485183876146365 1.1988978208956267
endloop
endfacet
facet normal 0 0.9999999999999999 0
outer loop
vertex 7.589858692993584 38.485183876146365 1.2055612119480608
vertex -1.2424661470076952 38.485183876146365 1.1988978208956267
vertex -1.2186317097816812 38.485183876146365 1.2186317097816812
endloop
endfacet
facet normal 0 1 0
outer loop
vertex 7.589858692993584 38.485183876146365 1.2055612119480608
vertex -1.2186317097816812 38.485183876146365 1.2186317097816812
vertex 22.999975638832222 38.485183876146365 1.2186317097816812
endloop
endfacet
facet normal 0 1 0
outer loop
vertex -3.9408832389722215 38.485183876146365 1.1043289248053134
vertex -3.4813655406255224 38.485183876146365 1.2186317097816812
vertex -3.2389206200254232 38.485183876146365 1.0197551152936508
endloop
endfacet
facet normal 0 1 0
outer loop
vertex -3.9408832389722215 38.485183876146365 1.1043289248053134
vertex -3.2389206200254232 38.485183876146365 1.0197551152936508
vertex -4.283535309630079 38.485183876146365 1.0197551152936508
endloop
endfacet
facet normal 0 0.9999999999999999 0
outer loop
vertex -3.9408832389722215 38.485183876146365 1.1043289248053134
vertex -4.283535309630079 38.485183876146365 1.0197551152936508
vertex -4.304038051329875 38.485183876146365 1.0443584053334072
endloop
endfacet
facet normal 0 0.9999999999999999 0
outer loop
vertex -3.9408832389722215 38.485183876146365 1.1043289248053134
vertex -4.304038051329875 38.485183876146365 1.0443584053334072
vertex -4.397069241792704 38.485183876146365 1.2186317097816812
endloop
endfacet
facet normal 0 1 0
outer loop
vertex -3.9408832389722215 38.485183876146365 1.1043289248053134
vertex -4.397069241792704 38.485183876146365 1.2186317097816812
vertex -3.4813655406255224 38.485183876146365 1.2186317097816812
endloop
endfacet
facet normal 0 0.9999999999999999 0
outer loop
vertex 0 38.485183876146365 1.1988978208956267
vertex 0 38.485183876146365 1.0197551152936508
vertex -1.4610766303817804 38.485183876146365 1.0197551152936508
endloop
endfacet
facet normal 0 1 0
outer loop
vertex 0 38.485183876146365 1.1988978208956267
vertex -1.4610766303817804 38.485183876146365 1.0197551152936508
vertex -1.2424661470076952 38.485183876146365 1.1988978208956267
endloop
endfacet
facet normal 0 0.9999999999999999 0
outer loop
vertex -3.2389206200254232 38.485183876146365 1.0197551152936508
vertex -2.962389891349412 38.485183876146365 0.8718790907838654
vertex -4.1623128493300285 38.485183876146365 0.8718790907838654
endloop
endfacet
facet normal 0 1 0
outer loop
vertex -3.2389206200254232 38.485183876146365 1.0197551152936508
vertex -4.1623128493300285 38.485183876146365 0.8718790907838654
vertex -4.283535309630079 38.485183876146365 1.0197551152936508
endloop
endfacet
facet normal 0 1 0
outer loop
vertex 0 38.485183876146365 1.0197551152936508
vertex 0 38.485183876146365 0.8718790907838654
vertex -1.7376073590577916 38.485183876146365 0.8718790907838654
endloop
endfacet
facet normal 0 1 0
outer loop
vertex 0 38.485183876146365 1.0197551152936508
vertex -1.7376073590577916 38.485183876146365 0.8718790907838654
vertex -1.4610766303817804 38.485183876146365 1.0197551152936508
endloop
endfacet
facet normal 0 1 0
outer loop
vertex -2.962389891349412 38.485183876146365 0.8718790907838654
vertex -2.6620247254473868 38.485183876146365 0.7806418902197689
vertex -4.08747784212577 38.485183876146365 0.7806418902197689
endloop
endfacet
facet normal 0 1 0
outer loop
vertex -2.962389891349412 38.485183876146365 0.8718790907838654
vertex -4.08747784212577 38.485183876146365 0.7806418902197689
vertex -4.1623128493300285 38.485183876146365 0.8718790907838654
endloop
endfacet
facet normal 0 1 0
outer loop
vertex 0 38.485183876146365 0.8718790907838654
vertex 0 38.485183876146365 0.7806418902197689
vertex -2.037972524959817 38.485183876146365 0.7806418902197689
endloop
endfacet
facet normal 0 1 0
outer loop
vertex 0 38.485183876146365 0.8718790907838654
vertex -2.037972524959817 38.485183876146365 0.7806418902197689
vertex -1.7376073590577916 38.485183876146365 0.8718790907838654
endloop
endfacet
facet normal 0 1 0
outer loop
vertex -2.6620247254473868 38.485183876146365 0.7806418902197689
vertex -2.3501267673392254 38.485183876146365 0.7498877776700735
vertex -4.062361983543519 38.485183876146365 0.7498877776700735
endloop
endfacet
facet normal 0 1 0
outer loop
vertex -2.6620247254473868 38.485183876146365 0.7806418902197689
vertex -4.062361983543519 38.485183876146365 0.7498877776700735
vertex -4.08747784212577 38.485183876146365 0.7806418902197689
endloop
endfacet
facet normal 0 1 0
outer loop
vertex 0 38.485183876146365 0.7806418902197689
vertex 0 38.485183876146365 0.7498877776700735
vertex -2.3501267673392254 38.485183876146365 0.7498877776700735
endloop
endfacet
facet normal 0 1 0
outer loop
vertex 0 38.485183876146365 0.7806418902197689
vertex -2.3501267673392254 38.485183876146365 0.7498877776700735
vertex -2.037972524959817 38.485183876146365 0.7806418902197689
endloop
endfacet
facet normal 0 1 0
outer loop
vertex -2.2911813849523095 38.485183876146365 0.48975924235389967
vertex -2.3501267673392254 38.485183876146365 0.7498877776700735
vertex 0 38.485183876146365 0.7498877776700735
endloop
endfacet
facet normal 0 1 0
outer loop
vertex -2.2911813849523095 38.485183876146365 0.48975924235389967
vertex 0 38.485183876146365 0.7498877776700735
vertex 0 38.485183876146365 0
endloop
endfacet
facet normal 0 0.9999999999999999 0
outer loop
vertex -2.2911813849523095 38.485183876146365 0.48975924235389967
vertex 0 38.485183876146365 0
vertex -3.323494429537086 38.485183876146365 0
endloop
endfacet
facet normal 0 1 0
outer loop
vertex -2.2911813849523095 38.485183876146365 0.48975924235389967
vertex -3.323494429537086 38.485183876146365 0
vertex -4.011617697836521 38.485183876146365 0.6883795525706826
endloop
endfacet
facet normal 0 0.9999999999999999 0
outer loop
vertex -2.2911813849523095 38.485183876146365 0.48975924235389967
vertex -4.011617697836521 38.485183876146365 0.6883795525706826
vertex -4.062361983543519 38.485183876146365 0.7498877776700735
endloop
endfacet
facet normal 0 1 0
outer loop
vertex -2.2911813849523095 38.485183876146365 0.48975924235389967
vertex -4.062361983543519 38.485183876146365 0.7498877776700735
vertex -2.3501267673392254 38.485183876146365 0.7498877776700735
endloop
endfacet
facet normal 0 0 1
outer loop
vertex 6.9998923005819265 38.485183876146365 1.5999827053979045
vertex 6.9998923005819265 31.97043770103588 1.5999827053979045
vertex 22.999975638832222 31.97043770103588 1.5999827053979045
endloop
endfacet
facet normal 0 0 1
outer loop
vertex 6.9998923005819265 38.485183876146365 1.5999827053979045
vertex 22.999975638832222 31.97043770103588 1.5999827053979045
vertex 22.999975638832222 38.485183876146365 1.5999827053979045
endloop
endfacet
facet normal 0 0 1
outer loop
vertex 19.66674240698773 27.52800614323238 1.5999827053979045
vertex 6.9998923005819265 31.97043770103588 1.5999827053979045
vertex 6.9998923005819265 25.085360753972818 1.5999827053979045
endloop
endfacet
facet normal 0 0 1
outer loop
vertex 19.66674240698773 27.52800614323238 1.5999827053979045
vertex 6.9998923005819265 25.085360753972818 1.5999827053979045
vertex 22.999975638832222 25.085360753972818 1.5999827053979045
endloop
endfacet
facet normal 0 0 0.9999999999999999
outer loop
vertex 19.66674240698773 27.52800614323238 1.5999827053979045
vertex 22.999975638832222 25.085360753972818 1.5999827053979045
vertex 29.0001029972778 25.085360753972818 1.5999827053979045
endloop
endfacet
facet normal 0 0 1
outer loop
vertex 19.66674240698773 27.52800614323238 1.5999827053979045
vertex 29.0001029972778 25.085360753972818 1.5999827053979045
vertex 29.0001029972778 25.97056662686155 1.5999827053979045
endloop
endfacet
facet normal 0 0 1
outer loop
vertex 19.66674240698773 27.52800614323238 1.5999827053979045
vertex 29.0001029972778 25.97056662686155 1.5999827053979045
vertex 22.999975638832222 31.97043770103588 1.5999827053979045
endloop
endfacet
facet normal 0 0 1
outer loop
vertex 19.66674240698773 27.52800614323238 1.5999827053979045
vertex 22.999975638832222 31.97043770103588 1.5999827053979045
vertex 6.9998923005819265 31.97043770103588 1.5999827053979045
endloop
endfacet
facet normal 0 0 1
outer loop
vertex 22.999975638832222 25.085360753972818 1.5999827053979045
vertex 23.31212988121163 25.054606641423124 1.5999827053979045
vertex 29.0001029972778 25.054606641423124 1.5999827053979045
endloop
endfacet
facet normal 0 0 1
outer loop
vertex 22.999975638832222 25.085360753972818 1.5999827053979045
vertex 29.0001029972778 25.054606641423124 1.5999827053979045
vertex 29.0001029972778 25.085360753972818 1.5999827053979045
endloop
endfacet
facet normal 0 0 1
outer loop
vertex 6.9998923005819265 25.085360753972818 1.5999827053979045
vertex 6.9998923005819265 25.054606641423124 1.5999827053979045
vertex 22.68782139645281 25.054606641423124 1.5999827053979045
endloop
endfacet
facet normal 0 0 1
outer loop
vertex 6.9998923005819265 25.085360753972818 1.5999827053979045
vertex 22.68782139645281 25.054606641423124 1.5999827053979045
vertex 22.999975638832222 25.085360753972818 1.5999827053979045
endloop
endfacet
facet normal 0 0 1
outer loop
vertex 23.31212988121163 25.054606641423124 1.5999827053979045
vertex 23.612238762842406 24.963369440859026 1.5999827053979045
vertex 29.0001029972778 24.963369440859026 1.5999827053979045
endloop
endfacet
facet normal 0 0 1
outer loop
vertex 23.31212988121163 25.054606641423124 1.5999827053979045
vertex 29.0001029972778 24.963369440859026 1.5999827053979045
vertex 29.0001029972778 25.054606641423124 1.5999827053979045
endloop
endfacet
facet normal 0 0 0.9999999999999999
outer loop
vertex 6.9998923005819265 25.054606641423124 1.5999827053979045
vertex 6.9998923005819265 24.963369440859026 1.5999827053979045
vertex 22.387712514822034 24.963369440859026 1.5999827053979045
endloop
endfacet
facet normal 0 0 0.9999999999999999
outer loop
vertex 6.9998923005819265 25.054606641423124 1.5999827053979045
vertex 22.387712514822034 24.963369440859026 1.5999827053979045
vertex 22.68782139645281 25.054606641423124 1.5999827053979045
endloop
endfacet
facet normal 0 0 1
outer loop
vertex 23.612238762842406 24.963369440859026 1.5999827053979045
vertex 23.889025775789666 24.815749700620486 1.5999827053979045
vertex 29.0001029972778 24.815749700620486 1.5999827053979045
endloop
endfacet
facet normal 0 0 1
outer loop
vertex 23.612238762842406 24.963369440859026 1.5999827053979045
vertex 29.0001029972778 24.815749700620486 1.5999827053979045
vertex 29.0001029972778 24.963369440859026 1.5999827053979045
endloop
endfacet
facet normal 0 0 1
outer loop
vertex 6.9998923005819265 24.963369440859026 1.5999827053979045
vertex 6.9998923005819265 24.815749700620486 1.5999827053979045
vertex 22.111181786146023 24.815749700620486 1.5999827053979045
endloop
endfacet
facet normal 0 0 1
outer loop
vertex 6.9998923005819265 24.963369440859026 1.5999827053979045
vertex 22.111181786146023 24.815749700620486 1.5999827053979045
vertex 22.387712514822034 24.963369440859026 1.5999827053979045
endloop
endfacet
facet normal 0 0 1
outer loop
vertex 23.889025775789666 24.815749700620486 1.5999827053979045
vertex 24.131470696389766 24.61661682186121 1.5999827053979045
vertex 29.0001029972778 24.61661682186121 1.5999827053979045
endloop
endfacet
facet normal 0 0 1
outer loop
vertex 23.889025775789666 24.815749700620486 1.5999827053979045
vertex 29.0001029972778 24.61661682186121 1.5999827053979045
vertex 29.0001029972778 24.815749700620486 1.5999827053979045
endloop
endfacet
facet normal 0 0 1
outer loop
vertex 6.9998923005819265 24.815749700620486 1.5999827053979045
vertex 6.9998923005819265 24.61661682186121 1.5999827053979045
vertex 21.868736865545923 24.61661682186121 1.5999827053979045
endloop
endfacet
facet normal 0 0 1
outer loop
vertex 6.9998923005819265 24.815749700620486 1.5999827053979045
vertex 21.868736865545923 24.61661682186121 1.5999827053979045
vertex 22.111181786146023 24.815749700620486 1.5999827053979045
endloop
endfacet
facet normal 0 0 1
outer loop
vertex 24.131470696389766 24.61661682186121 1.5999827053979045
vertex 24.330347290877796 24.37417190126111 1.5999827053979045
vertex 29.0001029972778 24.37417190126111 1.5999827053979045
endloop
endfacet
facet normal 0 0 1
outer loop
vertex 24.131470696389766 24.61661682186121 1.5999827053979045
vertex 29.0001029972778 24.37417190126111 1.5999827053979045
vertex 29.0001029972778 24.61661682186121 1.5999827053979045
endloop
endfacet
facet normal 0 0 1
outer loop
vertex 6.9998923005819265 24.61661682186121 1.5999827053979045
vertex 6.9998923005819265 24.37417190126111 1.5999827053979045
vertex 21.669603986786647 24.37417190126111 1.5999827053979045
endloop
endfacet
facet normal 0 0 0.9999999999999999
outer loop
vertex 6.9998923005819265 24.61661682186121 1.5999827053979045
vertex 21.669603986786647 24.37417190126111 1.5999827053979045
vertex 21.868736865545923 24.61661682186121 1.5999827053979045
endloop
endfacet
facet normal 0 0 1
outer loop
vertex 24.330347290877796 24.37417190126111 1.5999827053979045
vertex 24.47822331538758 24.0976411725851 1.5999827053979045
vertex 29.0001029972778 24.0976411725851 1.5999827053979045
endloop
endfacet
facet normal 0 0 1
outer loop
vertex 24.330347290877796 24.37417190126111 1.5999827053979045
vertex 29.0001029972778 24.0976411725851 1.5999827053979045
vertex 29.0001029972778 24.37417190126111 1.5999827053979045
endloop
endfacet
facet normal 0 0 1
outer loop
vertex 6.9998923005819265 24.37417190126111 1.5999827053979045
vertex 6.9998923005819265 24.0976411725851 1.5999827053979045
vertex 21.52172796227686 24.0976411725851 1.5999827053979045
endloop
endfacet
facet normal 0 0 1
outer loop
vertex 6.9998923005819265 24.37417190126111 1.5999827053979045
vertex 21.52172796227686 24.0976411725851 1.5999827053979045
vertex 21.669603986786647 24.37417190126111 1.5999827053979045
endloop
endfacet
facet normal 0 0 1
outer loop
vertex 24.47822331538758 24.0976411725851 1.5999827053979045
vertex 24.56920423168043 23.797532290954322 1.5999827053979045
vertex 29.0001029972778 23.797532290954322 1.5999827053979045
endloop
endfacet
facet normal 0 0 0.9999999999999999
outer loop
vertex 24.47822331538758 24.0976411725851 1.5999827053979045
vertex 29.0001029972778 23.797532290954322 1.5999827053979045
vertex 29.0001029972778 24.0976411725851 1.5999827053979045
endloop
endfacet
facet normal 0 0 1
outer loop
vertex 6.9998923005819265 24.0976411725851 1.5999827053979045
vertex 6.9998923005819265 23.797532290954322 1.5999827053979045
vertex 21.43074704598401 23.797532290954322 1.5999827053979045
endloop
endfacet
facet normal 0 0 1
outer loop
vertex 6.9998923005819265 24.0976411725851 1.5999827053979045
vertex 21.43074704598401 23.797532290954322 1.5999827053979045
vertex 21.52172796227686 24.0976411725851 1.5999827053979045
endloop
endfacet
facet normal 0 0 1
outer loop
vertex 24.56920423168043 23.797532290954322 1.5999827053979045
vertex 24.599958344230124 23.485378048574912 1.5999827053979045
vertex 29.0001029972778 23.485378048574912 1.5999827053979045
endloop
endfacet
facet normal 0 0 1
outer loop
vertex 24.56920423168043 23.797532290954322 1.5999827053979045
vertex 29.0001029972778 23.485378048574912 1.5999827053979045
vertex 29.0001029972778 23.797532290954322 1.5999827053979045
endloop
endfacet
facet normal 0 0 1
outer loop
vertex 6.9998923005819265 23.797532290954322 1.5999827053979045
vertex 6.9998923005819265 23.485378048574912 1.5999827053979045
vertex 21.399992933434316 23.485378048574912 1.5999827053979045
endloop
endfacet
facet normal 0 0 1
outer loop
vertex 6.9998923005819265 23.797532290954322 1.5999827053979045
vertex 21.399992933434316 23.485378048574912 1.5999827053979045
vertex 21.43074704598401 23.797532290954322 1.5999827053979045
endloop
endfacet
facet normal 0 0 1
outer loop
vertex 24.599958344230124 23.485378048574912 1.5999827053979045
vertex 24.56920423168043 23.173223806195505 1.5999827053979045
vertex 29.0001029972778 23.173223806195505 1.5999827053979045
endloop
endfacet
facet normal 0 0 1
outer loop
vertex 24.599958344230124 23.485378048574912 1.5999827053979045
vertex 29.0001029972778 23.173223806195505 1.5999827053979045
vertex 29.0001029972778 23.485378048574912 1.5999827053979045
endloop
endfacet
facet normal 0 0 1
outer loop
vertex 6.9998923005819265 23.485378048574912 1.5999827053979045
vertex 6.9998923005819265 23.173223806195505 1.5999827053979045
vertex 21.43074704598401 23.173223806195505 1.5999827053979045
endloop
endfacet
facet normal 0 0 1
outer loop
vertex 6.9998923005819265 23.485378048574912 1.5999827053979045
vertex 21.43074704598401 23.173223806195505 1.5999827053979045
vertex 21.399992933434316 23.485378048574912 1.5999827053979045
endloop
endfacet
facet normal 0 0 0.9999999999999999
outer loop
vertex 24.56920423168043 23.173223806195505 1.5999827053979045
vertex 24.47822331538758 22.873114924564728 1.5999827053979045
vertex 29.0001029972778 22.873114924564728 1.5999827053979045
endloop
endfacet
facet normal 0 0 1
outer loop
vertex 24.56920423168043 23.173223806195505 1.5999827053979045
vertex 29.0001029972778 22.873114924564728 1.5999827053979045
vertex 29.0001029972778 23.173223806195505 1.5999827053979045
endloop
endfacet
facet normal 0 0 1
outer loop
vertex 6.9998923005819265 23.173223806195505 1.5999827053979045
vertex 6.9998923005819265 22.873114924564728 1.5999827053979045
vertex 21.52172796227686 22.873114924564728 1.5999827053979045
endloop
endfacet
facet normal 0 0 1
outer loop
vertex 6.9998923005819265 23.173223806195505 1.5999827053979045
vertex 21.52172796227686 22.873114924564728 1.5999827053979045
vertex 21.43074704598401 23.173223806195505 1.5999827053979045
endloop
endfacet
facet normal 0 0 1
outer loop
vertex 24.47822331538758 22.873114924564728 1.5999827053979045
vertex 24.330347290877796 22.59632791161747 1.5999827053979045
vertex 29.0001029972778 22.59632791161747 1.5999827053979045
endloop
endfacet
facet normal 0 0 1
outer loop
vertex 24.47822331538758 22.873114924564728 1.5999827053979045
vertex 29.0001029972778 22.59632791161747 1.5999827053979045
vertex 29.0001029972778 22.873114924564728 1.5999827053979045
endloop
endfacet
facet normal 0 0 1
outer loop
vertex 6.9998923005819265 22.873114924564728 1.5999827053979045
vertex 6.9998923005819265 22.59632791161747 1.5999827053979045
vertex 21.669603986786647 22.59632791161747 1.5999827053979045
endloop
endfacet
facet normal 0 0 1
outer loop
vertex 6.9998923005819265 22.873114924564728 1.5999827053979045
vertex 21.669603986786647 22.59632791161747 1.5999827053979045
vertex 21.52172796227686 22.873114924564728 1.5999827053979045
endloop
endfacet
facet normal 0 0 1
outer loop
vertex 24.330347290877796 22.59632791161747 1.5999827053979045
vertex 24.131470696389766 22.353882991017368 1.5999827053979045
vertex 29.0001029972778 22.353882991017368 1.5999827053979045
endloop
endfacet
facet normal 0 0 1
outer loop
vertex 24.330347290877796 22.59632791161747 1.5999827053979045
vertex 29.0001029972778 22.353882991017368 1.5999827053979045
vertex 29.0001029972778 22.59632791161747 1.5999827053979045
endloop
endfacet
facet normal 0 0 0.9999999999999999
outer loop
vertex 6.9998923005819265 22.59632791161747 1.5999827053979045
vertex 6.9998923005819265 22.353882991017368 1.5999827053979045
vertex 21.868736865545923 22.353882991017368 1.5999827053979045
endloop
endfacet
facet normal 0 0 1
outer loop
vertex 6.9998923005819265 22.59632791161747 1.5999827053979045
vertex 21.868736865545923 22.353882991017368 1.5999827053979045
vertex 21.669603986786647 22.59632791161747 1.5999827053979045
endloop
endfacet
facet normal 0 0 1
outer loop
vertex 24.131470696389766 22.353882991017368 1.5999827053979045
vertex 23.889025775789666 22.155006396529338 1.5999827053979045
vertex 29.0001029972778 22.155006396529338 1.5999827053979045
endloop
endfacet
facet normal 0 0 1
outer loop
vertex 24.131470696389766 22.353882991017368 1.5999827053979045
vertex 29.0001029972778 22.155006396529338 1.5999827053979045
vertex 29.0001029972778 22.353882991017368 1.5999827053979045
endloop
endfacet
facet normal 0 0 1
outer loop
vertex 6.9998923005819265 22.353882991017368 1.5999827053979045
vertex 6.9998923005819265 22.155006396529338 1.5999827053979045
vertex 22.111181786146023 22.155006396529338 1.5999827053979045
endloop
endfacet
facet normal 0 0 1
outer loop
vertex 6.9998923005819265 22.353882991017368 1.5999827053979045
vertex 22.111181786146023 22.155006396529338 1.5999827053979045
vertex 21.868736865545923 22.353882991017368 1.5999827053979045
endloop
endfacet
facet normal 0 0 1
outer loop
vertex 23.889025775789666 22.155006396529338 1.5999827053979045
vertex 23.612238762842406 22.007130372019553 1.5999827053979045
vertex 29.0001029972778 22.007130372019553 1.5999827053979045
endloop
endfacet
facet normal 0 0 1
outer loop
vertex 23.889025775789666 22.155006396529338 1.5999827053979045
vertex 29.0001029972778 22.007130372019553 1.5999827053979045
vertex 29.0001029972778 22.155006396529338 1.5999827053979045
endloop
endfacet
facet normal 0 0 1
outer loop
vertex 6.9998923005819265 22.155006396529338 1.5999827053979045
vertex 6.9998923005819265 22.007130372019553 1.5999827053979045
vertex 22.387712514822034 22.007130372019553 1.5999827053979045
endloop
endfacet
facet normal 0 0 1
outer loop
vertex 6.9998923005819265 22.155006396529338 1.5999827053979045
vertex 22.387712514822034 22.007130372019553 1.5999827053979045
vertex 22.111181786146023 22.155006396529338 1.5999827053979045
endloop
endfacet
facet normal 0 0 1
outer loop
vertex 23.612238762842406 22.007130372019553 1.5999827053979045
vertex 23.31212988121163 21.916149455726703 1.5999827053979045
vertex 29.0001029972778 21.916149455726703 1.5999827053979045
endloop
endfacet
facet normal 0 0 1
outer loop
vertex 23.612238762842406 22.007130372019553 1.5999827053979045
vertex 29.0001029972778 21.916149455726703 1.5999827053979045
vertex 29.0001029972778 22.007130372019553 1.5999827053979045
endloop
endfacet
facet normal 0 0 1
outer loop
vertex 6.9998923005819265 22.007130372019553 1.5999827053979045
vertex 6.9998923005819265 21.916149455726703 1.5999827053979045
vertex 22.68782139645281 21.916149455726703 1.5999827053979045
endloop
endfacet
facet normal 0 0 1
outer loop
vertex 6.9998923005819265 22.007130372019553 1.5999827053979045
vertex 22.68782139645281 21.916149455726703 1.5999827053979045
vertex 22.387712514822034 22.007130372019553 1.5999827053979045
endloop
endfacet
facet normal 0 0 1
outer loop
vertex 23.31212988121163 21.916149455726703 1.5999827053979045
vertex 22.999975638832222 21.88539534317701 1.5999827053979045
vertex 29.0001029972778 21.88539534317701 1.5999827053979045
endloop
endfacet
facet normal 0 0 1
outer loop
vertex 23.31212988121163 21.916149455726703 1.5999827053979045
vertex 29.0001029972778 21.88539534317701 1.5999827053979045
vertex 29.0001029972778 21.916149455726703 1.5999827053979045
endloop
endfacet
facet normal 0 0 1
outer loop
vertex 6.9998923005819265 21.916149455726703 1.5999827053979045
vertex 6.9998923005819265 21.88539534317701 1.5999827053979045
vertex 22.999975638832222 21.88539534317701 1.5999827053979045
endloop
endfacet
facet normal 0 0 1
outer loop
vertex 6.9998923005819265 21.916149455726703 1.5999827053979045
vertex 22.999975638832222 21.88539534317701 1.5999827053979045
vertex 22.68782139645281 21.916149455726703 1.5999827053979045
endloop
endfacet
facet normal 0 0 1
outer loop
vertex 19.66674240698773 15.985475134789189 1.5999827053979045
vertex 22.999975638832222 21.88539534317701 1.5999827053979045
vertex 6.9998923005819265 21.88539534317701 1.5999827053979045
endloop
endfacet
facet normal 0 0 1
outer loop
vertex 19.66674240698773 15.985475134789189 1.5999827053979045
vertex 6.9998923005819265 21.88539534317701 1.5999827053979045
vertex 6.9998923005819265 10.085298642130121 1.5999827053979045
endloop
endfacet
facet normal 0 0 1
outer loop
vertex 19.66674240698773 15.985475134789189 1.5999827053979045
vertex 6.9998923005819265 10.085298642130121 1.5999827053979045
vertex 22.999975638832222 10.085298642130121 1.5999827053979045
endloop
endfacet
facet normal 0 0 1
outer loop
vertex 19.66674240698773 15.985475134789189 1.5999827053979045
vertex 22.999975638832222 10.085298642130121 1.5999827053979045
vertex 29.0001029972778 10.085298642130121 1.5999827053979045
endloop
endfacet
facet normal 0 0 1
outer loop
vertex 19.66674240698773 15.985475134789189 1.5999827053979045
vertex 29.0001029972778 10.085298642130121 1.5999827053979045
vertex 29.0001029972778 21.88539534317701 1.5999827053979045
endloop
endfacet
facet normal 0 0 1
outer loop
vertex 19.66674240698773 15.985475134789189 1.5999827053979045
vertex 29.0001029972778 21.88539534317701 1.5999827053979045
vertex 22.999975638832222 21.88539534317701 1.5999827053979045
endloop
endfacet
facet normal 0 0 1
outer loop
vertex 22.999975638832222 10.085298642130121 1.5999827053979045
vertex 23.31212988121163 10.054544529580426 1.5999827053979045
vertex 29.0001029972778 10.054544529580426 1.5999827053979045
endloop
endfacet
facet normal 0 0 0.9999999999999999
outer loop
vertex 22.999975638832222 10.085298642130121 1.5999827053979045
vertex 29.0001029972778 10.054544529580426 1.5999827053979045
vertex 29.0001029972778 10.085298642130121 1.5999827053979045
endloop
endfacet
facet normal 0 0 1
outer loop
vertex 6.9998923005819265 10.085298642130121 1.5999827053979045
vertex 6.9998923005819265 10.054544529580426 1.5999827053979045
vertex 22.68782139645281 10.054544529580426 1.5999827053979045
endloop
endfacet
facet normal 0 0 1
outer loop
vertex 6.9998923005819265 10.085298642130121 1.5999827053979045
vertex 22.68782139645281 10.054544529580426 1.5999827053979045
vertex 22.999975638832222 10.085298642130121 1.5999827053979045
endloop
endfacet
facet normal 0 0 1
outer loop
vertex 23.31212988121163 10.054544529580426 1.5999827053979045
vertex 23.612238762842406 9.963563613287576 1.5999827053979045
vertex 29.0001029972778 9.963563613287576 1.5999827053979045
endloop
endfacet
facet normal 0 0 1
outer loop
vertex 23.31212988121163 10.054544529580426 1.5999827053979045
vertex 29.0001029972778 9.963563613287576 1.5999827053979045
vertex 29.0001029972778 10.054544529580426 1.5999827053979045
endloop
endfacet
facet normal 0 0 1
outer loop
vertex 6.9998923005819265 10.054544529580426 1.5999827053979045
vertex 6.9998923005819265 9.963563613287576 1.5999827053979045
vertex 22.387712514822034 9.963563613287576 1.5999827053979045
endloop
endfacet
facet normal 0 0 1
outer loop
vertex 6.9998923005819265 10.054544529580426 1.5999827053979045
vertex 22.387712514822034 9.963563613287576 1.5999827053979045
vertex 22.68782139645281 10.054544529580426 1.5999827053979045
endloop
endfacet
facet normal 0 0 1
outer loop
vertex 23.612238762842406 9.963563613287576 1.5999827053979045
vertex 23.889025775789666 9.815687588777791 1.5999827053979045
vertex 29.0001029972778 9.815687588777791 1.5999827053979045
endloop
endfacet
facet normal 0 0 1
outer loop
vertex 23.612238762842406 9.963563613287576 1.5999827053979045
vertex 29.0001029972778 9.815687588777791 1.5999827053979045
vertex 29.0001029972778 9.963563613287576 1.5999827053979045
endloop
endfacet
facet normal 0 0 1
outer loop
vertex 6.9998923005819265 9.963563613287576 1.5999827053979045
vertex 6.9998923005819265 9.815687588777791 1.5999827053979045
vertex 22.111181786146023 9.815687588777791 1.5999827053979045
endloop
endfacet
facet normal 0 0 1
outer loop
vertex 6.9998923005819265 9.963563613287576 1.5999827053979045
vertex 22.111181786146023 9.815687588777791 1.5999827053979045
vertex 22.387712514822034 9.963563613287576 1.5999827053979045
endloop
endfacet
facet normal 0 0 1
outer loop
vertex 23.889025775789666 9.815687588777791 1.5999827053979045
vertex 24.131470696389766 9.616554710018512 1.5999827053979045
vertex 29.0001029972778 9.616554710018512 1.5999827053979045
endloop
endfacet
facet normal 0 0 1
outer loop
vertex 23.889025775789666 9.815687588777791 1.5999827053979045
vertex 29.0001029972778 9.616554710018512 1.5999827053979045
vertex 29.0001029972778 9.815687588777791 1.5999827053979045
endloop
endfacet
facet normal 0 0 1
outer loop
vertex 6.9998923005819265 9.815687588777791 1.5999827053979045
vertex 6.9998923005819265 9.616554710018512 1.5999827053979045
vertex 21.868736865545923 9.616554710018512 1.5999827053979045
endloop
endfacet
facet normal 0 0 1
outer loop
vertex 6.9998923005819265 9.815687588777791 1.5999827053979045
vertex 21.868736865545923 9.616554710018512 1.5999827053979045
vertex 22.111181786146023 9.815687588777791 1.5999827053979045
endloop
endfacet
facet normal 0 0 1
outer loop
vertex 24.131470696389766 9.616554710018512 1.5999827053979045
vertex 24.330347290877796 9.374109789418414 1.5999827053979045
vertex 29.0001029972778 9.374109789418414 1.5999827053979045
endloop
endfacet
facet normal 0 0 1
outer loop
vertex 24.131470696389766 9.616554710018512 1.5999827053979045
vertex 29.0001029972778 9.374109789418414 1.5999827053979045
vertex 29.0001029972778 9.616554710018512 1.5999827053979045
endloop
endfacet
facet normal 0 0 1
outer loop
vertex 6.9998923005819265 9.616554710018512 1.5999827053979045
vertex 6.9998923005819265 9.374109789418414 1.5999827053979045
vertex 21.669603986786647 9.374109789418414 1.5999827053979045
endloop
endfacet
facet normal 0 0 0.9999999999999999
outer loop
vertex 6.9998923005819265 9.616554710018512 1.5999827053979045
vertex 21.669603986786647 9.374109789418414 1.5999827053979045
vertex 21.868736865545923 9.616554710018512 1.5999827053979045
endloop
endfacet
facet normal 0 0 1
outer loop
vertex 24.330347290877796 9.374109789418414 1.5999827053979045
vertex 24.47822331538758 9.097579060742403 1.5999827053979045
vertex 29.0001029972778 9.097579060742403 1.5999827053979045
endloop
endfacet
facet normal 0 0 1
outer loop
vertex 24.330347290877796 9.374109789418414 1.5999827053979045
vertex 29.0001029972778 9.097579060742403 1.5999827053979045
vertex 29.0001029972778 9.374109789418414 1.5999827053979045
endloop
endfacet
facet normal 0 0 1
outer loop
vertex 6.9998923005819265 9.374109789418414 1.5999827053979045
vertex 6.9998923005819265 9.097579060742403 1.5999827053979045
vertex 21.52172796227686 9.097579060742403 1.5999827053979045
endloop
endfacet
facet normal 0 0 1
outer loop
vertex 6.9998923005819265 9.374109789418414 1.5999827053979045
vertex 21.52172796227686 9.097579060742403 1.5999827053979045
vertex 21.669603986786647 9.374109789418414 1.5999827053979045
endloop
endfacet
facet normal 0 0 1
outer loop
vertex 24.47822331538758 9.097579060742403 1.5999827053979045
vertex 24.56920423168043 8.797470179111624 1.5999827053979045
vertex 29.0001029972778 8.797470179111624 1.5999827053979045
endloop
endfacet
facet normal 0 0 1
outer loop
vertex 24.47822331538758 9.097579060742403 1.5999827053979045
vertex 29.0001029972778 8.797470179111624 1.5999827053979045
vertex 29.0001029972778 9.097579060742403 1.5999827053979045
endloop
endfacet
facet normal 0 0 1
outer loop
vertex 6.9998923005819265 9.097579060742403 1.5999827053979045
vertex 6.9998923005819265 8.797470179111624 1.5999827053979045
vertex 21.43074704598401 8.797470179111624 1.5999827053979045
endloop
endfacet
facet normal 0 0 1
outer loop
vertex 6.9998923005819265 9.097579060742403 1.5999827053979045
vertex 21.43074704598401 8.797470179111624 1.5999827053979045
vertex 21.52172796227686 9.097579060742403 1.5999827053979045
endloop
endfacet
facet normal 0 0 1
outer loop
vertex 24.56920423168043 8.797470179111624 1.5999827053979045
vertex 24.599958344230124 8.485315936732215 1.5999827053979045
vertex 29.0001029972778 8.485315936732215 1.5999827053979045
endloop
endfacet
facet normal 0 0 1
outer loop
vertex 24.56920423168043 8.797470179111624 1.5999827053979045
vertex 29.0001029972778 8.485315936732215 1.5999827053979045
vertex 29.0001029972778 8.797470179111624 1.5999827053979045
endloop
endfacet
facet normal 0 0 1
outer loop
vertex 6.9998923005819265 8.797470179111624 1.5999827053979045
vertex 6.9998923005819265 8.485315936732215 1.5999827053979045
vertex 21.399992933434316 8.485315936732215 1.5999827053979045
endloop
endfacet
facet normal 0 0 1
outer loop
vertex 6.9998923005819265 8.797470179111624 1.5999827053979045
vertex 21.399992933434316 8.485315936732215 1.5999827053979045
vertex 21.43074704598401 8.797470179111624 1.5999827053979045
endloop
endfacet
facet normal 0 0 1
outer loop
vertex 24.599958344230124 8.485315936732215 1.5999827053979045
vertex 24.56920423168043 8.173161694352807 1.5999827053979045
vertex 29.0001029972778 8.173161694352807 1.5999827053979045
endloop
endfacet
facet normal 0 0 1
outer loop
vertex 24.599958344230124 8.485315936732215 1.5999827053979045
vertex 29.0001029972778 8.173161694352807 1.5999827053979045
vertex 29.0001029972778 8.485315936732215 1.5999827053979045
endloop
endfacet
facet normal 0 0 1
outer loop
vertex 6.9998923005819265 8.485315936732215 1.5999827053979045
vertex 6.9998923005819265 8.173161694352807 1.5999827053979045
vertex 21.43074704598401 8.173161694352807 1.5999827053979045
endloop
endfacet
facet normal 0 0 1
outer loop
vertex 6.9998923005819265 8.485315936732215 1.5999827053979045
vertex 21.43074704598401 8.173161694352807 1.5999827053979045
vertex 21.399992933434316 8.485315936732215 1.5999827053979045
endloop
endfacet
facet normal 0 0 0.9999999999999999
outer loop
vertex 24.56920423168043 8.173161694352807 1.5999827053979045
vertex 24.47822331538758 7.87305281272203 1.5999827053979045
vertex 29.0001029972778 7.87305281272203 1.5999827053979045
endloop
endfacet
facet normal 0 0 1
outer loop
vertex 24.56920423168043 8.173161694352807 1.5999827053979045
vertex 29.0001029972778 7.87305281272203 1.5999827053979045
vertex 29.0001029972778 8.173161694352807 1.5999827053979045
endloop
endfacet
facet normal 0 0 1
outer loop
vertex 6.9998923005819265 8.173161694352807 1.5999827053979045
vertex 6.9998923005819265 7.87305281272203 1.5999827053979045
vertex 21.52172796227686 7.87305281272203 1.5999827053979045
endloop
endfacet
facet normal 0 0 1
outer loop
vertex 6.9998923005819265 8.173161694352807 1.5999827053979045
vertex 21.52172796227686 7.87305281272203 1.5999827053979045
vertex 21.43074704598401 8.173161694352807 1.5999827053979045
endloop
endfacet
facet normal 0 0 1
outer loop
vertex 24.47822331538758 7.87305281272203 1.5999827053979045
vertex 24.330347290877796 7.596265799774771 1.5999827053979045
vertex 29.0001029972778 7.596265799774771 1.5999827053979045
endloop
endfacet
facet normal 0 0 1
outer loop
vertex 24.47822331538758 7.87305281272203 1.5999827053979045
vertex 29.0001029972778 7.596265799774771 1.5999827053979045
vertex 29.0001029972778 7.87305281272203 1.5999827053979045
endloop
endfacet
facet normal 0 0 1
outer loop
vertex 6.9998923005819265 7.87305281272203 1.5999827053979045
vertex 6.9998923005819265 7.596265799774771 1.5999827053979045
vertex 21.669603986786647 7.596265799774771 1.5999827053979045
endloop
endfacet
facet normal 0 0 1
outer loop
vertex 6.9998923005819265 7.87305281272203 1.5999827053979045
vertex 21.669603986786647 7.596265799774771 1.5999827053979045
vertex 21.52172796227686 7.87305281272203 1.5999827053979045
endloop
endfacet
facet normal 0 0 1
outer loop
vertex 24.330347290877796 7.596265799774771 1.5999827053979045
vertex 24.131470696389766 7.3538208791746715 1.5999827053979045
vertex 29.0001029972778 7.3538208791746715 1.5999827053979045
endloop
endfacet
facet normal 0 0 1
outer loop
vertex 24.330347290877796 7.596265799774771 1.5999827053979045
vertex 29.0001029972778 7.3538208791746715 1.5999827053979045
vertex 29.0001029972778 7.596265799774771 1.5999827053979045
endloop
endfacet
facet normal 0 0 1
outer loop
vertex 6.9998923005819265 7.596265799774771 1.5999827053979045
vertex 6.9998923005819265 7.3538208791746715 1.5999827053979045
vertex 21.868736865545923 7.3538208791746715 1.5999827053979045
endloop
endfacet
facet normal 0 0 1
outer loop
vertex 6.9998923005819265 7.596265799774771 1.5999827053979045
vertex 21.868736865545923 7.3538208791746715 1.5999827053979045
vertex 21.669603986786647 7.596265799774771 1.5999827053979045
endloop
endfacet
facet normal 0 0 1
outer loop
vertex 24.131470696389766 7.3538208791746715 1.5999827053979045
vertex 23.889025775789666 7.154944284686641 1.5999827053979045
vertex 29.0001029972778 7.154944284686641 1.5999827053979045
endloop
endfacet
facet normal 0 0 1
outer loop
vertex 24.131470696389766 7.3538208791746715 1.5999827053979045
vertex 29.0001029972778 7.154944284686641 1.5999827053979045
vertex 29.0001029972778 7.3538208791746715 1.5999827053979045
endloop
endfacet
facet normal 0 0 1
outer loop
vertex 6.9998923005819265 7.3538208791746715 1.5999827053979045
vertex 6.9998923005819265 7.154944284686641 1.5999827053979045
vertex 22.111181786146023 7.154944284686641 1.5999827053979045
endloop
endfacet
facet normal 0 0 1
outer loop
vertex 6.9998923005819265 7.3538208791746715 1.5999827053979045
vertex 22.111181786146023 7.154944284686641 1.5999827053979045
vertex 21.868736865545923 7.3538208791746715 1.5999827053979045
endloop
endfacet
facet normal 0 0 1
outer loop
vertex 23.889025775789666 7.154944284686641 1.5999827053979045
vertex 23.612238762842406 7.0070682601768555 1.5999827053979045
vertex 29.0001029972778 7.0070682601768555 1.5999827053979045
endloop
endfacet
facet normal 0 0 1
outer loop
vertex 23.889025775789666 7.154944284686641 1.5999827053979045
vertex 29.0001029972778 7.0070682601768555 1.5999827053979045
vertex 29.0001029972778 7.154944284686641 1.5999827053979045
endloop
endfacet
facet normal 0 0 1
outer loop
vertex 6.9998923005819265 7.154944284686641 1.5999827053979045
vertex 6.9998923005819265 7.0070682601768555 1.5999827053979045
vertex 22.387712514822034 7.0070682601768555 1.5999827053979045
endloop
endfacet
facet normal 0 0 1
outer loop
vertex 6.9998923005819265 7.154944284686641 1.5999827053979045
vertex 22.387712514822034 7.0070682601768555 1.5999827053979045
vertex 22.111181786146023 7.154944284686641 1.5999827053979045
endloop
endfacet
facet normal 0 0 1
outer loop
vertex 23.612238762842406 7.0070682601768555 1.5999827053979045
vertex 23.31212988121163 6.916087343884007 1.5999827053979045
vertex 29.0001029972778 6.916087343884007 1.5999827053979045
endloop
endfacet
facet normal 0 0 0.9999999999999999
outer loop
vertex 23.612238762842406 7.0070682601768555 1.5999827053979045
vertex 29.0001029972778 6.916087343884007 1.5999827053979045
vertex 29.0001029972778 7.0070682601768555 1.5999827053979045
endloop
endfacet
facet normal 0 0 1
outer loop
vertex 6.9998923005819265 7.0070682601768555 1.5999827053979045
vertex 6.9998923005819265 6.916087343884007 1.5999827053979045
vertex 22.68782139645281 6.916087343884007 1.5999827053979045
endloop
endfacet
facet normal 0 0 1
outer loop
vertex 6.9998923005819265 7.0070682601768555 1.5999827053979045
vertex 22.68782139645281 6.916087343884007 1.5999827053979045
vertex 22.387712514822034 7.0070682601768555 1.5999827053979045
endloop
endfacet
facet normal 0 0 1
outer loop
vertex 23.31212988121163 6.916087343884007 1.5999827053979045
vertex 22.999975638832222 6.885333231334311 1.5999827053979045
vertex 29.0001029972778 6.885333231334311 1.5999827053979045
endloop
endfacet
facet normal 0 0 1
outer loop
vertex 23.31212988121163 6.916087343884007 1.5999827053979045
vertex 29.0001029972778 6.885333231334311 1.5999827053979045
vertex 29.0001029972778 6.916087343884007 1.5999827053979045
endloop
endfacet
facet normal 0 0 1
outer loop
vertex 6.9998923005819265 6.916087343884007 1.5999827053979045
vertex 6.9998923005819265 6.885333231334311 1.5999827053979045
vertex 22.999975638832222 6.885333231334311 1.5999827053979045
endloop
endfacet
facet normal 0 0 1
outer loop
vertex 6.9998923005819265 6.916087343884007 1.5999827053979045
vertex 22.999975638832222 6.885333231334311 1.5999827053979045
vertex 22.68782139645281 6.916087343884007 1.5999827053979045
endloop
endfacet
facet normal 0 0 1
outer loop
vertex 19.66674240698773 4.442687842074752 1.5999827053979045
vertex 22.999975638832222 6.885333231334311 1.5999827053979045
vertex 6.9998923005819265 6.885333231334311 1.5999827053979045
endloop
endfacet
facet normal 0 0 1
outer loop
vertex 19.66674240698773 4.442687842074752 1.5999827053979045
vertex 6.9998923005819265 6.885333231334311 1.5999827053979045
vertex 6.9998923005819265 0 1.5999827053979045
endloop
endfacet
facet normal 0 0 1
outer loop
vertex 19.66674240698773 4.442687842074752 1.5999827053979045
vertex 6.9998923005819265 0 1.5999827053979045
vertex 22.999975638832222 0 1.5999827053979045
endloop
endfacet
facet normal 0 0 1
outer loop
vertex 19.66674240698773 4.442687842074752 1.5999827053979045
vertex 22.999975638832222 0 1.5999827053979045
vertex 29.0001029972778 6.000127358445578 1.5999827053979045
endloop
endfacet
facet normal 0 0 1
outer loop
vertex 19.66674240698773 4.442687842074752 1.5999827053979045
vertex 29.0001029972778 6.000127358445578 1.5999827053979045
vertex 29.0001029972778 6.885333231334311 1.5999827053979045
endloop
endfacet
facet normal 0 0 1
outer loop
vertex 19.66674240698773 4.442687842074752 1.5999827053979045
vertex 29.0001029972778 6.885333231334311 1.5999827053979045
vertex 22.999975638832222 6.885333231334311 1.5999827053979045
endloop
endfacet
facet normal 0.7068045342601411 0 -0.7074088989752
outer loop
vertex 22.999975638832222 31.97043770103588 1.1988978208956267
vertex 21.800052680851604 30.770514743055266 0
vertex 21.800052680851604 37.28526091816575 0
endloop
endfacet
facet normal 0.7068045342601412 0 -0.7074088989752001
outer loop
vertex 22.999975638832222 31.97043770103588 1.1988978208956267
vertex 21.800052680851604 37.28526091816575 0
vertex 22.999975638832222 38.485183876146365 1.1988978208956267
endloop
endfacet
facet normal 1 0 0
outer loop
vertex 22.999975638832222 36.31368724586662 1.3795782321250873
vertex 22.999975638832222 31.97043770103588 1.1988978208956267
vertex 22.999975638832222 38.485183876146365 1.1988978208956267
endloop
endfacet
facet normal 1 0 0
outer loop
vertex 22.999975638832222 36.31368724586662 1.3795782321250873
vertex 22.999975638832222 38.485183876146365 1.1988978208956267
vertex 22.999975638832222 38.485183876146365 1.2186317097816812
endloop
endfacet
facet normal 1 0 0
outer loop
vertex 22.999975638832222 36.31368724586662 1.3795782321250873
vertex 22.999975638832222 38.485183876146365 1.2186317097816812
vertex 22.999975638832222 38.485183876146365 1.4610766303817804
endloop
endfacet
facet normal 1 0 0
outer loop
vertex 22.999975638832222 36.31368724586662 1.3795782321250873
vertex 22.999975638832222 38.485183876146365 1.4610766303817804
vertex 22.999975638832222 38.485183876146365 1.5999827053979045
endloop
endfacet
facet normal 0.9999999999999999 0 0
outer loop
vertex 22.999975638832222 36.31368724586662 1.3795782321250873
vertex 22.999975638832222 38.485183876146365 1.5999827053979045
vertex 22.999975638832222 31.97043770103588 1.5999827053979045
endloop
endfacet
facet normal 1 0 0
outer loop
vertex 22.999975638832222 36.31368724586662 1.3795782321250873
vertex 22.999975638832222 31.97043770103588 1.5999827053979045
vertex 22.999975638832222 31.97043770103588 1.1988978208956267
endloop
endfacet
facet normal 0 -1 0
outer loop
vertex 0 0 4.699997250407204
vertex 0 0 1.5999827053979045
vertex 6.9998923005819265 0 1.5999827053979045
endloop
endfacet
facet normal 0 -1 0
outer loop
vertex 0 0 4.699997250407204
vertex 6.9998923005819265 0 1.5999827053979045
vertex 6.9998923005819265 0 4.699997250407204
endloop
endfacet
facet normal 0 -1 0
outer loop
vertex 10.599917458795025 0 1.4395487515969936
vertex 6.9998923005819265 0 1.5999827053979045
vertex 0 0 1.5999827053979045
endloop
endfacet
facet normal 0 -1 0
outer loop
vertex 10.599917458795025 0 1.4395487515969936
vertex 0 0 1.5999827053979045
vertex 0 0 1.1988978208956267
endloop
endfacet
facet normal 0 -0.9999999999999999 0
outer loop
vertex 10.599917458795025 0 1.4395487515969936
vertex 0 0 1.1988978208956267
vertex 22.999975638832222 0 1.1988978208956267
endloop
endfacet
facet normal 0 -1 0
outer loop
vertex 10.599917458795025 0 1.4395487515969936
vertex 22.999975638832222 0 1.1988978208956267
vertex 22.999975638832222 0 1.5999827053979045
endloop
endfacet
facet normal 0 -1 0
outer loop
vertex 10.599917458795025 0 1.4395487515969936
vertex 22.999975638832222 0 1.5999827053979045
vertex 6.9998923005819265 0 1.5999827053979045
endloop
endfacet
facet normal 0 -0.7068045342601418 -0.7074088989751995
outer loop
vertex 0 0 1.1988978208956267
vertex 0 1.1999229579806165 0
vertex 21.800052680851604 1.1999229579806165 0
endloop
endfacet
facet normal 0 -0.7068045342601417 -0.7074088989751995
outer loop
vertex 0 0 1.1988978208956267
vertex 21.800052680851604 1.1999229579806165 0
vertex 22.999975638832222 0 1.1988978208956267
endloop
endfacet
facet normal 0.7071067811865476 -0.7071067811865476 0
outer loop
vertex 22.999975638832222 0 1.1988978208956267
vertex 29.0001029972778 6.000127358445578 1.1988978208956267
vertex 29.0001029972778 6.000127358445578 1.5999827053979045
endloop
endfacet
facet normal 0.7071067811865476 -0.7071067811865476 0
outer loop
vertex 22.999975638832222 0 1.1988978208956267
vertex 29.0001029972778 6.000127358445578 1.5999827053979045
vertex 22.999975638832222 0 1.5999827053979045
endloop
endfacet
facet normal 1 0 0
outer loop
vertex 29.0001029972778 15.98521885051794 1.5789673951556127
vertex 29.0001029972778 25.97056662686155 1.1988978208956267
vertex 29.0001029972778 25.97056662686155 1.5999827053979045
endloop
endfacet
facet normal 1 0 0
outer loop
vertex 29.0001029972778 15.98521885051794 1.5789673951556127
vertex 29.0001029972778 25.97056662686155 1.5999827053979045
vertex 29.0001029972778 25.085360753972818 1.5999827053979045
endloop
endfacet
facet normal 1 0 0
outer loop
vertex 29.0001029972778 15.98521885051794 1.5789673951556127
vertex 29.0001029972778 25.085360753972818 1.5999827053979045
vertex 29.0001029972778 25.054606641423124 1.5999827053979045
endloop
endfacet
facet normal 1 0 0
outer loop
vertex 29.0001029972778 15.98521885051794 1.5789673951556127
vertex 29.0001029972778 25.054606641423124 1.5999827053979045
vertex 29.0001029972778 24.963369440859026 1.5999827053979045
endloop
endfacet
facet normal 1 0 0
outer loop
vertex 29.0001029972778 15.98521885051794 1.5789673951556127
vertex 29.0001029972778 24.963369440859026 1.5999827053979045
vertex 29.0001029972778 24.815749700620486 1.5999827053979045
endloop
endfacet
facet normal 1 0 0
outer loop
vertex 29.0001029972778 15.98521885051794 1.5789673951556127
vertex 29.0001029972778 24.815749700620486 1.5999827053979045
vertex 29.0001029972778 24.61661682186121 1.5999827053979045
endloop
endfacet
facet normal 1 0 0
outer loop
vertex 29.0001029972778 15.98521885051794 1.5789673951556127
vertex 29.0001029972778 24.61661682186121 1.5999827053979045
vertex 29.0001029972778 24.37417190126111 1.5999827053979045
endloop
endfacet
facet normal 1 0 0
outer loop
vertex 29.0001029972778 15.98521885051794 1.5789673951556127
vertex 29.0001029972778 24.37417190126111 1.5999827053979045
vertex 29.0001029972778 24.0976411725851 1.5999827053979045
endloop
endfacet
facet normal 1 0 0
outer loop
vertex 29.0001029972778 15.98521885051794 1.5789673951556127
vertex 29.0001029972778 24.0976411725851 1.5999827053979045
vertex 29.0001029972778 23.797532290954322 1.5999827053979045
endloop
endfacet
facet normal 1 0 0
outer loop
vertex 29.0001029972778 15.98521885051794 1.5789673951556127
vertex 29.0001029972778 23.797532290954322 1.5999827053979045
vertex 29.0001029972778 23.485378048574912 1.5999827053979045
endloop
endfacet
facet normal 1 0 0
outer loop
vertex 29.0001029972778 15.98521885051794 1.5789673951556127
vertex 29.0001029972778 23.485378048574912 1.5999827053979045
vertex 29.0001029972778 23.173223806195505 1.5999827053979045
endloop
endfacet
facet normal 1 0 0
outer loop
vertex 29.0001029972778 15.98521885051794 1.5789673951556127
vertex 29.0001029972778 23.173223806195505 1.5999827053979045
vertex 29.0001029972778 22.873114924564728 1.5999827053979045
endloop
endfacet
facet normal 1 0 0
outer loop
vertex 29.0001029972778 15.98521885051794 1.5789673951556127
vertex 29.0001029972778 22.873114924564728 1.5999827053979045
vertex 29.0001029972778 22.59632791161747 1.5999827053979045
endloop
endfacet
facet normal 0.9999999999999999 0 0
outer loop
vertex 29.0001029972778 15.98521885051794 1.5789673951556127
vertex 29.0001029972778 22.59632791161747 1.5999827053979045
vertex 29.0001029972778 22.353882991017368 1.5999827053979045
endloop
endfacet
facet normal 1 0 0
outer loop
vertex 29.0001029972778 15.98521885051794 1.5789673951556127
vertex 29.0001029972778 22.353882991017368 1.5999827053979045
vertex 29.0001029972778 22.155006396529338 1.5999827053979045
endloop
endfacet
facet normal 1 0 0
outer loop
vertex 29.0001029972778 15.98521885051794 1.5789673951556127
vertex 29.0001029972778 22.155006396529338 1.5999827053979045
vertex 29.0001029972778 22.007130372019553 1.5999827053979045
endloop
endfacet
facet normal 1 0 0
outer loop
vertex 29.0001029972778 15.98521885051794 1.5789673951556127
vertex 29.0001029972778 22.007130372019553 1.5999827053979045
vertex 29.0001029972778 21.916149455726703 1.5999827053979045
endloop
endfacet
facet normal 1 0 0
outer loop
vertex 29.0001029972778 15.98521885051794 1.5789673951556127
vertex 29.0001029972778 21.916149455726703 1.5999827053979045
vertex 29.0001029972778 21.88539534317701 1.5999827053979045
endloop
endfacet
facet normal 1 0 0
outer loop
vertex 29.0001029972778 15.98521885051794 1.5789673951556127
vertex 29.0001029972778 21.88539534317701 1.5999827053979045
vertex 29.0001029972778 10.085298642130121 1.5999827053979045
endloop
endfacet
facet normal 1 0 0
outer loop
vertex 29.0001029972778 15.98521885051794 1.5789673951556127
vertex 29.0001029972778 10.085298642130121 1.5999827053979045
vertex 29.0001029972778 10.054544529580426 1.5999827053979045
endloop
endfacet
facet normal 1 0 0
outer loop
vertex 29.0001029972778 15.98521885051794 1.5789673951556127
vertex 29.0001029972778 10.054544529580426 1.5999827053979045
vertex 29.0001029972778 9.963563613287576 1.5999827053979045
endloop
endfacet
facet normal 1 0 0
outer loop
vertex 29.0001029972778 15.98521885051794 1.5789673951556127
vertex 29.0001029972778 9.963563613287576 1.5999827053979045
vertex 29.0001029972778 9.815687588777791 1.5999827053979045
endloop
endfacet
facet normal 1 0 0
outer loop
vertex 29.0001029972778 15.98521885051794 1.5789673951556127
vertex 29.0001029972778 9.815687588777791 1.5999827053979045
vertex 29.0001029972778 9.616554710018512 1.5999827053979045
endloop
endfacet
facet normal 1 0 0
outer loop
vertex 29.0001029972778 15.98521885051794 1.5789673951556127
vertex 29.0001029972778 9.616554710018512 1.5999827053979045
vertex 29.0001029972778 9.374109789418414 1.5999827053979045
endloop
endfacet
facet normal 1 0 0
outer loop
vertex 29.0001029972778 15.98521885051794 1.5789673951556127
vertex 29.0001029972778 9.374109789418414 1.5999827053979045
vertex 29.0001029972778 9.097579060742403 1.5999827053979045
endloop
endfacet
facet normal 1 0 0
outer loop
vertex 29.0001029972778 15.98521885051794 1.5789673951556127
vertex 29.0001029972778 9.097579060742403 1.5999827053979045
vertex 29.0001029972778 8.797470179111624 1.5999827053979045
endloop
endfacet
facet normal 1 0 0
outer loop
vertex 29.0001029972778 15.98521885051794 1.5789673951556127
vertex 29.0001029972778 8.797470179111624 1.5999827053979045
vertex 29.0001029972778 8.485315936732215 1.5999827053979045
endloop
endfacet
facet normal 0.9999999999999999 0 0
outer loop
vertex 29.0001029972778 15.98521885051794 1.5789673951556127
vertex 29.0001029972778 8.485315936732215 1.5999827053979045
vertex 29.0001029972778 8.173161694352807 1.5999827053979045
endloop
endfacet
facet normal 1 0 0
outer loop
vertex 29.0001029972778 15.98521885051794 1.5789673951556127
vertex 29.0001029972778 8.173161694352807 1.5999827053979045
vertex 29.0001029972778 7.87305281272203 1.5999827053979045
endloop
endfacet
facet normal 1 0 0
outer loop
vertex 29.0001029972778 15.98521885051794 1.5789673951556127
vertex 29.0001029972778 7.87305281272203 1.5999827053979045
vertex 29.0001029972778 7.596265799774771 1.5999827053979045
endloop
endfacet
facet normal 1 0 0
outer loop
vertex 29.0001029972778 15.98521885051794 1.5789673951556127
vertex 29.0001029972778 7.596265799774771 1.5999827053979045
vertex 29.0001029972778 7.3538208791746715 1.5999827053979045
endloop
endfacet
facet normal 1 0 0
outer loop
vertex 29.0001029972778 15.98521885051794 1.5789673951556127
vertex 29.0001029972778 7.3538208791746715 1.5999827053979045
vertex 29.0001029972778 7.154944284686641 1.5999827053979045
endloop
endfacet
facet normal 1 0 0
outer loop
vertex 29.0001029972778 15.98521885051794 1.5789673951556127
vertex 29.0001029972778 7.154944284686641 1.5999827053979045
vertex 29.0001029972778 7.0070682601768555 1.5999827053979045
endloop
endfacet
facet normal 0.9999999999999999 0 0
outer loop
vertex 29.0001029972778 15.98521885051794 1.5789673951556127
vertex 29.0001029972778 7.0070682601768555 1.5999827053979045
vertex 29.0001029972778 6.916087343884007 1.5999827053979045
endloop
endfacet
facet normal 1 0 0
outer loop
vertex 29.0001029972778 15.98521885051794 1.5789673951556127
vertex 29.0001029972778 6.916087343884007 1.5999827053979045
vertex 29.0001029972778 6.885333231334311 1.5999827053979045
endloop
endfacet
facet normal 1 0 0
outer loop
vertex 29.0001029972778 15.98521885051794 1.5789673951556127
vertex 29.0001029972778 6.885333231334311 1.5999827053979045
vertex 29.0001029972778 6.000127358445578 1.5999827053979045
endloop
endfacet
facet normal 1 0 0
outer loop
vertex 29.0001029972778 15.98521885051794 1.5789673951556127
vertex 29.0001029972778 6.000127358445578 1.5999827053979045
vertex 29.0001029972778 6.000127358445578 1.1988978208956267
endloop
endfacet
facet normal 1 0 0
outer loop
vertex 29.0001029972778 15.98521885051794 1.5789673951556127
vertex 29.0001029972778 6.000127358445578 1.1988978208956267
vertex 29.0001029972778 25.97056662686155 1.1988978208956267
endloop
endfacet
facet normal 0.7067020032327519 0 -0.7075113275607786
outer loop
vertex 27.879884447655144 15.98521885051794 0.07996069262920812
vertex 29.0001029972778 25.97056662686155 1.1988978208956267
vertex 29.0001029972778 6.000127358445578 1.1988978208956267
endloop
endfacet
facet normal 0.7067324022432387 0.000006813227918915442 -0.7074809619863144
outer loop
vertex 27.879884447655144 15.98521885051794 0.07996069262920812
vertex 29.0001029972778 6.000127358445578 1.1988978208956267
vertex 27.799923755025933 7.200050316426195 0
endloop
endfacet
facet normal 0.7071067811865347 0 -0.7071067811865602
outer loop
vertex 27.879884447655144 15.98521885051794 0.07996069262920812
vertex 27.799923755025933 7.200050316426195 0
vertex 27.799923755025933 7.3538208791746715 0
endloop
endfacet
facet normal 0.7071067811865374 0 -0.7071067811865576
outer loop
vertex 27.879884447655144 15.98521885051794 0.07996069262920812
vertex 27.799923755025933 7.3538208791746715 0
vertex 27.799923755025933 7.596265799774771 0
endloop
endfacet
facet normal 0.7071067811865368 0 -0.7071067811865581
outer loop
vertex 27.879884447655144 15.98521885051794 0.07996069262920812
vertex 27.799923755025933 7.596265799774771 0
vertex 27.799923755025933 7.87305281272203 0
endloop
endfacet
facet normal 0.7071067811865361 0 -0.707106781186559
outer loop
vertex 27.879884447655144 15.98521885051794 0.07996069262920812
vertex 27.799923755025933 7.87305281272203 0
vertex 27.799923755025933 8.173161694352807 0
endloop
endfacet
facet normal 0.707106781186535 0 -0.7071067811865601
outer loop
vertex 27.879884447655144 15.98521885051794 0.07996069262920812
vertex 27.799923755025933 8.173161694352807 0
vertex 27.799923755025933 8.485315936732215 0
endloop
endfacet
facet normal 0.7071067811865367 0 -0.7071067811865587
outer loop
vertex 27.879884447655144 15.98521885051794 0.07996069262920812
vertex 27.799923755025933 8.485315936732215 0
vertex 27.799923755025933 8.797470179111624 0
endloop
endfacet
facet normal 0.7071067811865361 0 -0.707106781186559
outer loop
vertex 27.879884447655144 15.98521885051794 0.07996069262920812
vertex 27.799923755025933 8.797470179111624 0
vertex 27.799923755025933 9.097579060742403 0
endloop
endfacet
facet normal 0.707106781186537 0 -0.7071067811865583
outer loop
vertex 27.879884447655144 15.98521885051794 0.07996069262920812
vertex 27.799923755025933 9.097579060742403 0
vertex 27.799923755025933 9.374109789418414 0
endloop
endfacet
facet normal 0.7071067811865374 0 -0.7071067811865577
outer loop
vertex 27.879884447655144 15.98521885051794 0.07996069262920812
vertex 27.799923755025933 9.374109789418414 0
vertex 27.799923755025933 9.616554710018512 0
endloop
endfacet
facet normal 0.7071067811865338 0 -0.707106781186561
outer loop
vertex 27.879884447655144 15.98521885051794 0.07996069262920812
vertex 27.799923755025933 9.616554710018512 0
vertex 27.799923755025933 9.815687588777791 0
endloop
endfacet
facet normal 0.7071067811865358 0 -0.707106781186559
outer loop
vertex 27.879884447655144 15.98521885051794 0.07996069262920812
vertex 27.799923755025933 9.815687588777791 0
vertex 27.799923755025933 9.963563613287576 0
endloop
endfacet
facet normal 0.7071067811865368 0 -0.7071067811865583
outer loop
vertex 27.879884447655144 15.98521885051794 0.07996069262920812
vertex 27.799923755025933 9.963563613287576 0
vertex 27.799923755025933 10.054544529580426 0
endloop
endfacet
facet normal 0.7071067811865396 0 -0.7071067811865555
outer loop
vertex 27.879884447655144 15.98521885051794 0.07996069262920812
vertex 27.799923755025933 10.054544529580426 0
vertex 27.799923755025933 10.085298642130121 0
endloop
endfacet
facet normal 0.7071067811865361 0 -0.7071067811865589
outer loop
vertex 27.879884447655144 15.98521885051794 0.07996069262920812
vertex 27.799923755025933 10.085298642130121 0
vertex 27.799923755025933 21.88539534317701 0
endloop
endfacet
facet normal 0.7071067811865316 0 -0.7071067811865636
outer loop
vertex 27.879884447655144 15.98521885051794 0.07996069262920812
vertex 27.799923755025933 21.88539534317701 0
vertex 27.799923755025933 21.916149455726703 0
endloop
endfacet
facet normal 0.707106781186534 0 -0.707106781186561
outer loop
vertex 27.879884447655144 15.98521885051794 0.07996069262920812
vertex 27.799923755025933 21.916149455726703 0
vertex 27.799923755025933 22.007130372019553 0
endloop
endfacet
facet normal 0.7071067811865376 0 -0.7071067811865575
outer loop
vertex 27.879884447655144 15.98521885051794 0.07996069262920812
vertex 27.799923755025933 22.007130372019553 0
vertex 27.799923755025933 22.155006396529338 0
endloop
endfacet
facet normal 0.707106781186534 0 -0.7071067811865611
outer loop
vertex 27.879884447655144 15.98521885051794 0.07996069262920812
vertex 27.799923755025933 22.155006396529338 0
vertex 27.799923755025933 22.353882991017368 0
endloop
endfacet
facet normal 0.7071067811865374 0 -0.7071067811865576
outer loop
vertex 27.879884447655144 15.98521885051794 0.07996069262920812
vertex 27.799923755025933 22.353882991017368 0
vertex 27.799923755025933 22.59632791161747 0
endloop
endfacet
facet normal 0.707106781186535 0 -0.7071067811865599
outer loop
vertex 27.879884447655144 15.98521885051794 0.07996069262920812
vertex 27.799923755025933 22.59632791161747 0
vertex 27.799923755025933 22.873114924564728 0
endloop
endfacet
facet normal 0.7071067811865377 0 -0.7071067811865573
outer loop
vertex 27.879884447655144 15.98521885051794 0.07996069262920812
vertex 27.799923755025933 22.873114924564728 0
vertex 27.799923755025933 23.173223806195505 0
endloop
endfacet
facet normal 0.7071067811865365 0 -0.7071067811865586
outer loop
vertex 27.879884447655144 15.98521885051794 0.07996069262920812
vertex 27.799923755025933 23.173223806195505 0
vertex 27.799923755025933 23.485378048574912 0
endloop
endfacet
facet normal 0.7071067811865349 0 -0.7071067811865601
outer loop
vertex 27.879884447655144 15.98521885051794 0.07996069262920812
vertex 27.799923755025933 23.485378048574912 0
vertex 27.799923755025933 23.797532290954322 0
endloop
endfacet
facet normal 0.7071067811865361 0 -0.707106781186559
outer loop
vertex 27.879884447655144 15.98521885051794 0.07996069262920812
vertex 27.799923755025933 23.797532290954322 0
vertex 27.799923755025933 24.0976411725851 0
endloop
endfacet
facet normal 0.707106781186537 0 -0.7071067811865583
outer loop
vertex 27.879884447655144 15.98521885051794 0.07996069262920812
vertex 27.799923755025933 24.0976411725851 0
vertex 27.799923755025933 24.37417190126111 0
endloop
endfacet
facet normal 0.7071067811865354 0 -0.7071067811865597
outer loop
vertex 27.879884447655144 15.98521885051794 0.07996069262920812
vertex 27.799923755025933 24.37417190126111 0
vertex 27.799923755025933 24.61661682186121 0
endloop
endfacet
facet normal 0.7071067811865379 0 -0.707106781186557
outer loop
vertex 27.879884447655144 15.98521885051794 0.07996069262920812
vertex 27.799923755025933 24.61661682186121 0
vertex 27.799923755025933 24.770643668880936 0
endloop
endfacet
facet normal 0.7067324021446766 -0.00000681303095984276 -0.7074809620847742
outer loop
vertex 27.879884447655144 15.98521885051794 0.07996069262920812
vertex 27.799923755025933 24.770643668880936 0
vertex 29.0001029972778 25.97056662686155 1.1988978208956267
endloop
endfacet
facet normal 0.40808068445903023 -0.4080622891883641 -0.8166733270493174
outer loop
vertex 26.336540566202927 5.050850417744979 0.3426520706578566
vertex 21.800052680851604 1.1999229579806165 0
vertex 27.48520666993405 6.885333231334311 0
endloop
endfacet
facet normal 0.40804480223523504 -0.40804480223521356 -0.8166999931049549
outer loop
vertex 26.336540566202927 5.050850417744979 0.3426520706578566
vertex 27.48520666993405 6.885333231334311 0
vertex 27.515960782483745 6.916087343884007 0
endloop
endfacet
facet normal 0.4080448022351774 -0.40804480223518375 -0.8166999931049986
outer loop
vertex 26.336540566202927 5.050850417744979 0.3426520706578566
vertex 27.515960782483745 6.916087343884007 0
vertex 27.754817723286383 7.154944284686641 0
endloop
endfacet
facet normal 0.4080448022352654 -0.40804480223523315 -0.81669999310493
outer loop
vertex 26.336540566202927 5.050850417744979 0.3426520706578566
vertex 27.754817723286383 7.154944284686641 0
vertex 27.799923755025933 7.200050316426195 0
endloop
endfacet
facet normal 0.40797004528960035 -0.4080031705545385 -0.8167581373722858
outer loop
vertex 26.336540566202927 5.050850417744979 0.3426520706578566
vertex 27.799923755025933 7.200050316426195 0
vertex 29.0001029972778 6.000127358445578 1.1988978208956267
endloop
endfacet
facet normal 0.40796332174068195 -0.40796332174068195 -0.8167814005158404
outer loop
vertex 26.336540566202927 5.050850417744979 0.3426520706578566
vertex 29.0001029972778 6.000127358445578 1.1988978208956267
vertex 22.999975638832222 0 1.1988978208956267
endloop
endfacet
facet normal 0.4080317087320231 -0.407999631815933 -0.8167291014205927
outer loop
vertex 26.336540566202927 5.050850417744979 0.3426520706578566
vertex 22.999975638832222 0 1.1988978208956267
vertex 21.800052680851604 1.1999229579806165 0
endloop
endfacet
facet normal 0.7070916793278056 0.7071218827227622 0
outer loop
vertex 22.999975638832222 31.97043770103588 1.1988978208956267
vertex 22.999975638832222 31.97043770103588 1.5999827053979045
vertex 29.0001029972778 25.97056662686155 1.5999827053979045
endloop
endfacet
facet normal 0.7070916793278056 0.7071218827227622 0
outer loop
vertex 22.999975638832222 31.97043770103588 1.1988978208956267
vertex 29.0001029972778 25.97056662686155 1.5999827053979045
vertex 29.0001029972778 25.97056662686155 1.1988978208956267
endloop
endfacet
facet normal 0.4079397804313916 0.40795720556404014 -0.8167962132441405
outer loop
vertex 26.495436814376355 26.675092088520824 0.2998525973595304
vertex 22.999975638832222 31.97043770103588 1.1988978208956267
vertex 29.0001029972778 25.97056662686155 1.1988978208956267
endloop
endfacet
facet normal 0.407945848315578 0.4080273698441039 -0.8167581345173041
outer loop
vertex 26.495436814376355 26.675092088520824 0.2998525973595304
vertex 29.0001029972778 25.97056662686155 1.1988978208956267
vertex 27.799923755025933 24.770643668880936 0
endloop
endfacet
facet normal 0.4081320052598151 0.4081320052598134 -0.8166128412933547
outer loop
vertex 26.495436814376355 26.675092088520824 0.2998525973595304
vertex 27.799923755025933 24.770643668880936 0
vertex 27.754817723286383 24.815749700620486 0
endloop
endfacet
facet normal 0.4081320052598135 0.408132005259814 -0.8166128412933552
outer loop
vertex 26.495436814376355 26.675092088520824 0.2998525973595304
vertex 27.754817723286383 24.815749700620486 0
vertex 27.607197983047843 24.963369440859026 0
endloop
endfacet
facet normal 0.4081320052598137 0.4081320052598137 -0.8166128412933553
outer loop
vertex 26.495436814376355 26.675092088520824 0.2998525973595304
vertex 27.607197983047843 24.963369440859026 0
vertex 27.515960782483745 25.054606641423124 0
endloop
endfacet
facet normal 0.4081320052598131 0.4081320052598131 -0.816612841293356
outer loop
vertex 26.495436814376355 26.675092088520824 0.2998525973595304
vertex 27.515960782483745 25.054606641423124 0
vertex 27.48520666993405 25.085360753972818 0
endloop
endfacet
facet normal 0.40813200525981386 0.4081320052598139 -0.8166128412933553
outer loop
vertex 26.495436814376355 26.675092088520824 0.2998525973595304
vertex 27.48520666993405 25.085360753972818 0
vertex 21.800052680851604 30.770514743055266 0
endloop
endfacet
facet normal 0.4080275756460417 0.4080037649961624 -0.8167291015149208
outer loop
vertex 26.495436814376355 26.675092088520824 0.2998525973595304
vertex 21.800052680851604 30.770514743055266 0
vertex 22.999975638832222 31.97043770103588 1.1988978208956267
endloop
endfacet
facet normal -0.4712239360718735 -0.8820136065123546 0
outer loop
vertex 23.889025775789666 9.815687588777791 0
vertex 23.889025775789666 9.815687588777791 1.5999827053979045
vertex 23.612238762842406 9.963563613287576 1.5999827053979045
endloop
endfacet
facet normal -0.4712239360718735 -0.8820136065123546 0
outer loop
vertex 23.889025775789666 9.815687588777791 0
vertex 23.612238762842406 9.963563613287576 1.5999827053979045
vertex 23.612238762842406 9.963563613287576 0
endloop
endfacet
facet normal -0.29012080357504644 -0.9569900309475378 0
outer loop
vertex 23.612238762842406 9.963563613287576 0
vertex 23.612238762842406 9.963563613287576 1.5999827053979045
vertex 23.31212988121163 10.054544529580426 1.5999827053979045
endloop
endfacet
facet normal -0.29012080357504644 -0.9569900309475378 0
outer loop
vertex 23.612238762842406 9.963563613287576 0
vertex 23.31212988121163 10.054544529580426 1.5999827053979045
vertex 23.31212988121163 10.054544529580426 0
endloop
endfacet
facet normal -0.09804746204702437 -0.9951817397772819 0
outer loop
vertex 23.31212988121163 10.054544529580426 0
vertex 23.31212988121163 10.054544529580426 1.5999827053979045
vertex 22.999975638832222 10.085298642130121 1.5999827053979045
endloop
endfacet
facet normal -0.09804746204702437 -0.9951817397772819 0
outer loop
vertex 23.31212988121163 10.054544529580426 0
vertex 22.999975638832222 10.085298642130121 1.5999827053979045
vertex 22.999975638832222 10.085298642130121 0
endloop
endfacet
facet normal 0.09804746204702325 -0.9951817397772817 0
outer loop
vertex 22.68782139645281 10.054544529580426 1.5999827053979045
vertex 22.68782139645281 10.054544529580426 0
vertex 22.999975638832222 10.085298642130121 0
endloop
endfacet
facet normal 0.09804746204702325 -0.9951817397772817 0
outer loop
vertex 22.68782139645281 10.054544529580426 1.5999827053979045
vertex 22.999975638832222 10.085298642130121 0
vertex 22.999975638832222 10.085298642130121 1.5999827053979045
endloop
endfacet
facet normal 0.29012080357504644 -0.9569900309475378 0
outer loop
vertex 22.387712514822034 9.963563613287576 1.5999827053979045
vertex 22.387712514822034 9.963563613287576 0
vertex 22.68782139645281 10.054544529580426 0
endloop
endfacet
facet normal 0.29012080357504644 -0.9569900309475378 0
outer loop
vertex 22.387712514822034 9.963563613287576 1.5999827053979045
vertex 22.68782139645281 10.054544529580426 0
vertex 22.68782139645281 10.054544529580426 1.5999827053979045
endloop
endfacet
facet normal 0.47156357885314976 -0.8818320651344049 0
outer loop
vertex 22.111181786146023 9.815687588777791 1.5999827053979045
vertex 22.111181786146023 9.815687588777791 0
vertex 22.387712514822034 9.963563613287576 0
endloop
endfacet
facet normal 0.47156357885314976 -0.8818320651344049 0
outer loop
vertex 22.111181786146023 9.815687588777791 1.5999827053979045
vertex 22.387712514822034 9.963563613287576 0
vertex 22.387712514822034 9.963563613287576 1.5999827053979045
endloop
endfacet
facet normal 0.6347045830541969 -0.7727548720325211 0
outer loop
vertex 21.868736865545923 9.616554710018512 1.5999827053979045
vertex 21.868736865545923 9.616554710018512 0
vertex 22.111181786146023 9.815687588777791 0
endloop
endfacet
facet normal 0.6347045830541969 -0.7727548720325211 0
outer loop
vertex 21.868736865545923 9.616554710018512 1.5999827053979045
vertex 22.111181786146023 9.815687588777791 0
vertex 22.111181786146023 9.815687588777791 1.5999827053979045
endloop
endfacet
facet normal 0.6342164121550588 0.7731555746117109 0
outer loop
vertex 22.111181786146023 7.154944284686641 1.5999827053979045
vertex 22.111181786146023 7.154944284686641 0
vertex 21.868736865545923 7.3538208791746715 0
endloop
endfacet
facet normal 0.6342164121550588 0.7731555746117109 0
outer loop
vertex 22.111181786146023 7.154944284686641 1.5999827053979045
vertex 21.868736865545923 7.3538208791746715 0
vertex 21.868736865545923 7.3538208791746715 1.5999827053979045
endloop
endfacet
facet normal 0.4715635788531519 0.8818320651344038 0
outer loop
vertex 22.387712514822034 7.0070682601768555 1.5999827053979045
vertex 22.387712514822034 7.0070682601768555 0
vertex 22.111181786146023 7.154944284686641 0
endloop
endfacet
facet normal 0.4715635788531519 0.8818320651344038 0
outer loop
vertex 22.387712514822034 7.0070682601768555 1.5999827053979045
vertex 22.111181786146023 7.154944284686641 0
vertex 22.111181786146023 7.154944284686641 1.5999827053979045
endloop
endfacet
facet normal 0.2901208035750437 0.9569900309475384 0
outer loop
vertex 22.68782139645281 6.916087343884007 1.5999827053979045
vertex 22.68782139645281 6.916087343884007 0
vertex 22.387712514822034 7.0070682601768555 0
endloop
endfacet
facet normal 0.2901208035750437 0.9569900309475384 0
outer loop
vertex 22.68782139645281 6.916087343884007 1.5999827053979045
vertex 22.387712514822034 7.0070682601768555 0
vertex 22.387712514822034 7.0070682601768555 1.5999827053979045
endloop
endfacet
facet normal 0.09804746204702325 0.9951817397772817 0
outer loop
vertex 22.999975638832222 6.885333231334311 1.5999827053979045
vertex 22.999975638832222 6.885333231334311 0
vertex 22.68782139645281 6.916087343884007 0
endloop
endfacet
facet normal 0.09804746204702325 0.9951817397772817 0
outer loop
vertex 22.999975638832222 6.885333231334311 1.5999827053979045
vertex 22.68782139645281 6.916087343884007 0
vertex 22.68782139645281 6.916087343884007 1.5999827053979045
endloop
endfacet
facet normal -0.9569900309475384 -0.2901208035750449 0
outer loop
vertex 24.56920423168043 8.797470179111624 0
vertex 24.56920423168043 8.797470179111624 1.5999827053979045
vertex 24.47822331538758 9.097579060742403 1.5999827053979045
endloop
endfacet
facet normal -0.9569900309475384 -0.2901208035750449 0
outer loop
vertex 24.56920423168043 8.797470179111624 0
vertex 24.47822331538758 9.097579060742403 1.5999827053979045
vertex 24.47822331538758 9.097579060742403 0
endloop
endfacet
facet normal -0.8818320651344049 -0.47156357885314976 0
outer loop
vertex 24.47822331538758 9.097579060742403 0
vertex 24.47822331538758 9.097579060742403 1.5999827053979045
vertex 24.330347290877796 9.374109789418414 1.5999827053979045
endloop
endfacet
facet normal -0.8818320651344049 -0.47156357885314976 0
outer loop
vertex 24.47822331538758 9.097579060742403 0
vertex 24.330347290877796 9.374109789418414 1.5999827053979045
vertex 24.330347290877796 9.374109789418414 0
endloop
endfacet
facet normal -0.7731555746117085 -0.6342164121550614 0
outer loop
vertex 24.330347290877796 9.374109789418414 0
vertex 24.330347290877796 9.374109789418414 1.5999827053979045
vertex 24.131470696389766 9.616554710018512 1.5999827053979045
endloop
endfacet
facet normal -0.7731555746117085 -0.6342164121550614 0
outer loop
vertex 24.330347290877796 9.374109789418414 0
vertex 24.131470696389766 9.616554710018512 1.5999827053979045
vertex 24.131470696389766 9.616554710018512 0
endloop
endfacet
facet normal -0.6347045830541969 -0.7727548720325211 0
outer loop
vertex 24.131470696389766 9.616554710018512 0
vertex 24.131470696389766 9.616554710018512 1.5999827053979045
vertex 23.889025775789666 9.815687588777791 1.5999827053979045
endloop
endfacet
facet normal -0.6347045830541969 -0.7727548720325211 0
outer loop
vertex 24.131470696389766 9.616554710018512 0
vertex 23.889025775789666 9.815687588777791 1.5999827053979045
vertex 23.889025775789666 9.815687588777791 0
endloop
endfacet
facet normal 0.7727548720325244 -0.6347045830541928 0
outer loop
vertex 21.669603986786647 9.374109789418414 1.5999827053979045
vertex 21.669603986786647 9.374109789418414 0
vertex 21.868736865545923 9.616554710018512 0
endloop
endfacet
facet normal 0.7727548720325244 -0.6347045830541928 0
outer loop
vertex 21.669603986786647 9.374109789418414 1.5999827053979045
vertex 21.868736865545923 9.616554710018512 0
vertex 21.868736865545923 9.616554710018512 1.5999827053979045
endloop
endfacet
facet normal 0.8818320651344 -0.47156357885315847 0
outer loop
vertex 21.669603986786647 9.374109789418414 0
vertex 21.669603986786647 9.374109789418414 1.5999827053979045
vertex 21.52172796227686 9.097579060742403 1.5999827053979045
endloop
endfacet
facet normal 0.8818320651344 -0.47156357885315847 0
outer loop
vertex 21.669603986786647 9.374109789418414 0
vertex 21.52172796227686 9.097579060742403 1.5999827053979045
vertex 21.52172796227686 9.097579060742403 0
endloop
endfacet
facet normal 0.9569900309475384 -0.2901208035750449 0
outer loop
vertex 21.52172796227686 9.097579060742403 0
vertex 21.52172796227686 9.097579060742403 1.5999827053979045
vertex 21.43074704598401 8.797470179111624 1.5999827053979045
endloop
endfacet
facet normal 0.9569900309475384 -0.2901208035750449 0
outer loop
vertex 21.52172796227686 9.097579060742403 0
vertex 21.43074704598401 8.797470179111624 1.5999827053979045
vertex 21.43074704598401 8.797470179111624 0
endloop
endfacet
facet normal 0.9951817397772823 -0.0980474620470182 0
outer loop
vertex 21.43074704598401 8.797470179111624 0
vertex 21.43074704598401 8.797470179111624 1.5999827053979045
vertex 21.399992933434316 8.485315936732215 1.5999827053979045
endloop
endfacet
facet normal 0.9951817397772823 -0.0980474620470182 0
outer loop
vertex 21.43074704598401 8.797470179111624 0
vertex 21.399992933434316 8.485315936732215 1.5999827053979045
vertex 21.399992933434316 8.485315936732215 0
endloop
endfacet
facet normal 0.9951817397772823 0.0980474620470182 0
outer loop
vertex 21.399992933434316 8.485315936732215 0
vertex 21.399992933434316 8.485315936732215 1.5999827053979045
vertex 21.43074704598401 8.173161694352807 1.5999827053979045
endloop
endfacet
facet normal 0.9951817397772823 0.0980474620470182 0
outer loop
vertex 21.399992933434316 8.485315936732215 0
vertex 21.43074704598401 8.173161694352807 1.5999827053979045
vertex 21.43074704598401 8.173161694352807 0
endloop
endfacet
facet normal 0.9569900309475378 0.29012080357504644 0
outer loop
vertex 21.43074704598401 8.173161694352807 0
vertex 21.43074704598401 8.173161694352807 1.5999827053979045
vertex 21.52172796227686 7.87305281272203 1.5999827053979045
endloop
endfacet
facet normal 0.9569900309475378 0.29012080357504644 0
outer loop
vertex 21.43074704598401 8.173161694352807 0
vertex 21.52172796227686 7.87305281272203 1.5999827053979045
vertex 21.52172796227686 7.87305281272203 0
endloop
endfacet
facet normal 0.8820136065123494 0.4712239360718836 0
outer loop
vertex 21.52172796227686 7.87305281272203 0
vertex 21.52172796227686 7.87305281272203 1.5999827053979045
vertex 21.669603986786647 7.596265799774771 1.5999827053979045
endloop
endfacet
facet normal 0.8820136065123494 0.4712239360718836 0
outer loop
vertex 21.52172796227686 7.87305281272203 0
vertex 21.669603986786647 7.596265799774771 1.5999827053979045
vertex 21.669603986786647 7.596265799774771 0
endloop
endfacet
facet normal 0.7727548720325256 0.6347045830541914 0
outer loop
vertex 21.868736865545923 7.3538208791746715 1.5999827053979045
vertex 21.868736865545923 7.3538208791746715 0
vertex 21.669603986786647 7.596265799774771 0
endloop
endfacet
facet normal 0.7727548720325256 0.6347045830541914 0
outer loop
vertex 21.868736865545923 7.3538208791746715 1.5999827053979045
vertex 21.669603986786647 7.596265799774771 0
vertex 21.669603986786647 7.596265799774771 1.5999827053979045
endloop
endfacet
facet normal -0.09804746204702437 0.9951817397772819 0
outer loop
vertex 22.999975638832222 6.885333231334311 0
vertex 22.999975638832222 6.885333231334311 1.5999827053979045
vertex 23.31212988121163 6.916087343884007 1.5999827053979045
endloop
endfacet
facet normal -0.09804746204702437 0.9951817397772819 0
outer loop
vertex 22.999975638832222 6.885333231334311 0
vertex 23.31212988121163 6.916087343884007 1.5999827053979045
vertex 23.31212988121163 6.916087343884007 0
endloop
endfacet
facet normal -0.2901208035750437 0.9569900309475384 0
outer loop
vertex 23.31212988121163 6.916087343884007 0
vertex 23.31212988121163 6.916087343884007 1.5999827053979045
vertex 23.612238762842406 7.0070682601768555 1.5999827053979045
endloop
endfacet
facet normal -0.2901208035750437 0.9569900309475384 0
outer loop
vertex 23.31212988121163 6.916087343884007 0
vertex 23.612238762842406 7.0070682601768555 1.5999827053979045
vertex 23.612238762842406 7.0070682601768555 0
endloop
endfacet
facet normal -0.47122393607187574 0.8820136065123534 0
outer loop
vertex 23.612238762842406 7.0070682601768555 0
vertex 23.612238762842406 7.0070682601768555 1.5999827053979045
vertex 23.889025775789666 7.154944284686641 1.5999827053979045
endloop
endfacet
facet normal -0.47122393607187574 0.8820136065123534 0
outer loop
vertex 23.612238762842406 7.0070682601768555 0
vertex 23.889025775789666 7.154944284686641 1.5999827053979045
vertex 23.889025775789666 7.154944284686641 0
endloop
endfacet
facet normal -0.6342164121550588 0.7731555746117109 0
outer loop
vertex 23.889025775789666 7.154944284686641 0
vertex 23.889025775789666 7.154944284686641 1.5999827053979045
vertex 24.131470696389766 7.3538208791746715 1.5999827053979045
endloop
endfacet
facet normal -0.6342164121550588 0.7731555746117109 0
outer loop
vertex 23.889025775789666 7.154944284686641 0
vertex 24.131470696389766 7.3538208791746715 1.5999827053979045
vertex 24.131470696389766 7.3538208791746715 0
endloop
endfacet
facet normal -0.7731555746117097 0.63421641215506 0
outer loop
vertex 24.131470696389766 7.3538208791746715 0
vertex 24.131470696389766 7.3538208791746715 1.5999827053979045
vertex 24.330347290877796 7.596265799774771 1.5999827053979045
endloop
endfacet
facet normal -0.7731555746117097 0.63421641215506 0
outer loop
vertex 24.131470696389766 7.3538208791746715 0
vertex 24.330347290877796 7.596265799774771 1.5999827053979045
vertex 24.330347290877796 7.596265799774771 0
endloop
endfacet
facet normal -0.882013606512354 0.4712239360718748 0
outer loop
vertex 24.330347290877796 7.596265799774771 0
vertex 24.330347290877796 7.596265799774771 1.5999827053979045
vertex 24.47822331538758 7.87305281272203 1.5999827053979045
endloop
endfacet
facet normal -0.882013606512354 0.4712239360718748 0
outer loop
vertex 24.330347290877796 7.596265799774771 0
vertex 24.47822331538758 7.87305281272203 1.5999827053979045
vertex 24.47822331538758 7.87305281272203 0
endloop
endfacet
facet normal -0.9569900309475378 0.29012080357504644 0
outer loop
vertex 24.47822331538758 7.87305281272203 0
vertex 24.47822331538758 7.87305281272203 1.5999827053979045
vertex 24.56920423168043 8.173161694352807 1.5999827053979045
endloop
endfacet
facet normal -0.9569900309475378 0.29012080357504644 0
outer loop
vertex 24.47822331538758 7.87305281272203 0
vertex 24.56920423168043 8.173161694352807 1.5999827053979045
vertex 24.56920423168043 8.173161694352807 0
endloop
endfacet
facet normal -0.9951817397772823 -0.0980474620470182 0
outer loop
vertex 24.599958344230124 8.485315936732215 0
vertex 24.599958344230124 8.485315936732215 1.5999827053979045
vertex 24.56920423168043 8.797470179111624 1.5999827053979045
endloop
endfacet
facet normal -0.9951817397772823 -0.0980474620470182 0
outer loop
vertex 24.599958344230124 8.485315936732215 0
vertex 24.56920423168043 8.797470179111624 1.5999827053979045
vertex 24.56920423168043 8.797470179111624 0
endloop
endfacet
facet normal -0.9951817397772823 0.0980474620470182 0
outer loop
vertex 24.56920423168043 8.173161694352807 0
vertex 24.56920423168043 8.173161694352807 1.5999827053979045
vertex 24.599958344230124 8.485315936732215 1.5999827053979045
endloop
endfacet
facet normal -0.9951817397772823 0.0980474620470182 0
outer loop
vertex 24.56920423168043 8.173161694352807 0
vertex 24.599958344230124 8.485315936732215 1.5999827053979045
vertex 24.599958344230124 8.485315936732215 0
endloop
endfacet
facet normal -0.9951817397772824 -0.09804746204701766 0
outer loop
vertex 24.599958344230124 23.485378048574912 0
vertex 24.599958344230124 23.485378048574912 1.5999827053979045
vertex 24.56920423168043 23.797532290954322 1.5999827053979045
endloop
endfacet
facet normal -0.9951817397772824 -0.09804746204701766 0
outer loop
vertex 24.599958344230124 23.485378048574912 0
vertex 24.56920423168043 23.797532290954322 1.5999827053979045
vertex 24.56920423168043 23.797532290954322 0
endloop
endfacet
facet normal -0.9569900309475378 -0.29012080357504644 0
outer loop
vertex 24.56920423168043 23.797532290954322 0
vertex 24.56920423168043 23.797532290954322 1.5999827053979045
vertex 24.47822331538758 24.0976411725851 1.5999827053979045
endloop
endfacet
facet normal -0.9569900309475378 -0.29012080357504644 0
outer loop
vertex 24.56920423168043 23.797532290954322 0
vertex 24.47822331538758 24.0976411725851 1.5999827053979045
vertex 24.47822331538758 24.0976411725851 0
endloop
endfacet
facet normal -0.8818320651344049 -0.47156357885314976 0
outer loop
vertex 24.47822331538758 24.0976411725851 0
vertex 24.47822331538758 24.0976411725851 1.5999827053979045
vertex 24.330347290877796 24.37417190126111 1.5999827053979045
endloop
endfacet
facet normal -0.8818320651344049 -0.47156357885314976 0
outer loop
vertex 24.47822331538758 24.0976411725851 0
vertex 24.330347290877796 24.37417190126111 1.5999827053979045
vertex 24.330347290877796 24.37417190126111 0
endloop
endfacet
facet normal -0.7731555746117109 -0.6342164121550588 0
outer loop
vertex 24.330347290877796 24.37417190126111 0
vertex 24.330347290877796 24.37417190126111 1.5999827053979045
vertex 24.131470696389766 24.61661682186121 1.5999827053979045
endloop
endfacet
facet normal -0.7731555746117109 -0.6342164121550588 0
outer loop
vertex 24.330347290877796 24.37417190126111 0
vertex 24.131470696389766 24.61661682186121 1.5999827053979045
vertex 24.131470696389766 24.61661682186121 0
endloop
endfacet
facet normal -0.6347045830541901 -0.7727548720325268 0
outer loop
vertex 24.131470696389766 24.61661682186121 0
vertex 24.131470696389766 24.61661682186121 1.5999827053979045
vertex 23.889025775789666 24.815749700620486 1.5999827053979045
endloop
endfacet
facet normal -0.6347045830541901 -0.7727548720325268 0
outer loop
vertex 24.131470696389766 24.61661682186121 0
vertex 23.889025775789666 24.815749700620486 1.5999827053979045
vertex 23.889025775789666 24.815749700620486 0
endloop
endfacet
facet normal -0.47058823529411997 -0.8823529411764693 0
outer loop
vertex 23.889025775789666 24.815749700620486 0
vertex 23.889025775789666 24.815749700620486 1.5999827053979045
vertex 23.612238762842406 24.963369440859026 1.5999827053979045
endloop
endfacet
facet normal -0.47058823529411997 -0.8823529411764693 0
outer loop
vertex 23.889025775789666 24.815749700620486 0
vertex 23.612238762842406 24.963369440859026 1.5999827053979045
vertex 23.612238762842406 24.963369440859026 0
endloop
endfacet
facet normal -0.29086899164437413 -0.9567628910549284 0
outer loop
vertex 23.612238762842406 24.963369440859026 0
vertex 23.612238762842406 24.963369440859026 1.5999827053979045
vertex 23.31212988121163 25.054606641423124 1.5999827053979045
endloop
endfacet
facet normal -0.29086899164437413 -0.9567628910549284 0
outer loop
vertex 23.612238762842406 24.963369440859026 0
vertex 23.31212988121163 25.054606641423124 1.5999827053979045
vertex 23.31212988121163 25.054606641423124 0
endloop
endfacet
facet normal -0.09804746204701877 -0.9951817397772823 0
outer loop
vertex 23.31212988121163 25.054606641423124 0
vertex 23.31212988121163 25.054606641423124 1.5999827053979045
vertex 22.999975638832222 25.085360753972818 1.5999827053979045
endloop
endfacet
facet normal -0.09804746204701877 -0.9951817397772823 0
outer loop
vertex 23.31212988121163 25.054606641423124 0
vertex 22.999975638832222 25.085360753972818 1.5999827053979045
vertex 22.999975638832222 25.085360753972818 0
endloop
endfacet
facet normal 0.09804746204701766 -0.9951817397772824 0
outer loop
vertex 22.999975638832222 25.085360753972818 0
vertex 22.999975638832222 25.085360753972818 1.5999827053979045
vertex 22.68782139645281 25.054606641423124 1.5999827053979045
endloop
endfacet
facet normal 0.09804746204701766 -0.9951817397772824 0
outer loop
vertex 22.999975638832222 25.085360753972818 0
vertex 22.68782139645281 25.054606641423124 1.5999827053979045
vertex 22.68782139645281 25.054606641423124 0
endloop
endfacet
facet normal 0.29086899164437413 -0.9567628910549284 0
outer loop
vertex 22.68782139645281 25.054606641423124 0
vertex 22.68782139645281 25.054606641423124 1.5999827053979045
vertex 22.387712514822034 24.963369440859026 1.5999827053979045
endloop
endfacet
facet normal 0.29086899164437413 -0.9567628910549284 0
outer loop
vertex 22.68782139645281 25.054606641423124 0
vertex 22.387712514822034 24.963369440859026 1.5999827053979045
vertex 22.387712514822034 24.963369440859026 0
endloop
endfacet
facet normal 0.47092768120290845 -0.882171819475578 0
outer loop
vertex 22.387712514822034 24.963369440859026 0
vertex 22.387712514822034 24.963369440859026 1.5999827053979045
vertex 22.111181786146023 24.815749700620486 1.5999827053979045
endloop
endfacet
facet normal 0.47092768120290845 -0.882171819475578 0
outer loop
vertex 22.387712514822034 24.963369440859026 0
vertex 22.111181786146023 24.815749700620486 1.5999827053979045
vertex 22.111181786146023 24.815749700620486 0
endloop
endfacet
facet normal 0.6347045830541901 -0.7727548720325268 0
outer loop
vertex 22.111181786146023 24.815749700620486 0
vertex 22.111181786146023 24.815749700620486 1.5999827053979045
vertex 21.868736865545923 24.61661682186121 1.5999827053979045
endloop
endfacet
facet normal 0.6347045830541901 -0.7727548720325268 0
outer loop
vertex 22.111181786146023 24.815749700620486 0
vertex 21.868736865545923 24.61661682186121 1.5999827053979045
vertex 21.868736865545923 24.61661682186121 0
endloop
endfacet
facet normal 0.7727548720325268 -0.6347045830541901 0
outer loop
vertex 21.868736865545923 24.61661682186121 0
vertex 21.868736865545923 24.61661682186121 1.5999827053979045
vertex 21.669603986786647 24.37417190126111 1.5999827053979045
endloop
endfacet
facet normal 0.7727548720325268 -0.6347045830541901 0
outer loop
vertex 21.868736865545923 24.61661682186121 0
vertex 21.669603986786647 24.37417190126111 1.5999827053979045
vertex 21.669603986786647 24.37417190126111 0
endloop
endfacet
facet normal 0.8818320651344 -0.47156357885315847 0
outer loop
vertex 21.669603986786647 24.37417190126111 0
vertex 21.669603986786647 24.37417190126111 1.5999827053979045
vertex 21.52172796227686 24.0976411725851 1.5999827053979045
endloop
endfacet
facet normal 0.8818320651344 -0.47156357885315847 0
outer loop
vertex 21.669603986786647 24.37417190126111 0
vertex 21.52172796227686 24.0976411725851 1.5999827053979045
vertex 21.52172796227686 24.0976411725851 0
endloop
endfacet
facet normal 0.9569900309475378 -0.29012080357504644 0
outer loop
vertex 21.52172796227686 24.0976411725851 0
vertex 21.52172796227686 24.0976411725851 1.5999827053979045
vertex 21.43074704598401 23.797532290954322 1.5999827053979045
endloop
endfacet
facet normal 0.9569900309475378 -0.29012080357504644 0
outer loop
vertex 21.52172796227686 24.0976411725851 0
vertex 21.43074704598401 23.797532290954322 1.5999827053979045
vertex 21.43074704598401 23.797532290954322 0
endloop
endfacet
facet normal 0.9951817397772824 -0.09804746204701766 0
outer loop
vertex 21.43074704598401 23.797532290954322 0
vertex 21.43074704598401 23.797532290954322 1.5999827053979045
vertex 21.399992933434316 23.485378048574912 1.5999827053979045
endloop
endfacet
facet normal 0.9951817397772824 -0.09804746204701766 0
outer loop
vertex 21.43074704598401 23.797532290954322 0
vertex 21.399992933434316 23.485378048574912 1.5999827053979045
vertex 21.399992933434316 23.485378048574912 0
endloop
endfacet
facet normal 0.9951817397772823 0.09804746204701877 0
outer loop
vertex 21.399992933434316 23.485378048574912 0
vertex 21.399992933434316 23.485378048574912 1.5999827053979045
vertex 21.43074704598401 23.173223806195505 1.5999827053979045
endloop
endfacet
facet normal 0.9951817397772823 0.09804746204701877 0
outer loop
vertex 21.399992933434316 23.485378048574912 0
vertex 21.43074704598401 23.173223806195505 1.5999827053979045
vertex 21.43074704598401 23.173223806195505 0
endloop
endfacet
facet normal 0.9569900309475378 0.29012080357504644 0
outer loop
vertex 21.43074704598401 23.173223806195505 0
vertex 21.43074704598401 23.173223806195505 1.5999827053979045
vertex 21.52172796227686 22.873114924564728 1.5999827053979045
endloop
endfacet
facet normal 0.9569900309475378 0.29012080357504644 0
outer loop
vertex 21.43074704598401 23.173223806195505 0
vertex 21.52172796227686 22.873114924564728 1.5999827053979045
vertex 21.52172796227686 22.873114924564728 0
endloop
endfacet
facet normal 0.8820136065123498 0.47122393607188234 0
outer loop
vertex 21.52172796227686 22.873114924564728 0
vertex 21.52172796227686 22.873114924564728 1.5999827053979045
vertex 21.669603986786647 22.59632791161747 1.5999827053979045
endloop
endfacet
facet normal 0.8820136065123498 0.47122393607188234 0
outer loop
vertex 21.52172796227686 22.873114924564728 0
vertex 21.669603986786647 22.59632791161747 1.5999827053979045
vertex 21.669603986786647 22.59632791161747 0
endloop
endfacet
facet normal 0.7727548720325268 0.6347045830541901 0
outer loop
vertex 21.669603986786647 22.59632791161747 0
vertex 21.669603986786647 22.59632791161747 1.5999827053979045
vertex 21.868736865545923 22.353882991017368 1.5999827053979045
endloop
endfacet
facet normal 0.7727548720325268 0.6347045830541901 0
outer loop
vertex 21.669603986786647 22.59632791161747 0
vertex 21.868736865545923 22.353882991017368 1.5999827053979045
vertex 21.868736865545923 22.353882991017368 0
endloop
endfacet
facet normal 0.6342164121550588 0.7731555746117109 0
outer loop
vertex 21.868736865545923 22.353882991017368 0
vertex 21.868736865545923 22.353882991017368 1.5999827053979045
vertex 22.111181786146023 22.155006396529338 1.5999827053979045
endloop
endfacet
facet normal 0.6342164121550588 0.7731555746117109 0
outer loop
vertex 21.868736865545923 22.353882991017368 0
vertex 22.111181786146023 22.155006396529338 1.5999827053979045
vertex 22.111181786146023 22.155006396529338 0
endloop
endfacet
facet normal 0.47156357885314976 0.8818320651344049 0
outer loop
vertex 22.111181786146023 22.155006396529338 0
vertex 22.111181786146023 22.155006396529338 1.5999827053979045
vertex 22.387712514822034 22.007130372019553 1.5999827053979045
endloop
endfacet
facet normal 0.47156357885314976 0.8818320651344049 0
outer loop
vertex 22.111181786146023 22.155006396529338 0
vertex 22.387712514822034 22.007130372019553 1.5999827053979045
vertex 22.387712514822034 22.007130372019553 0
endloop
endfacet
facet normal 0.29012080357504644 0.9569900309475378 0
outer loop
vertex 22.387712514822034 22.007130372019553 0
vertex 22.387712514822034 22.007130372019553 1.5999827053979045
vertex 22.68782139645281 21.916149455726703 1.5999827053979045
endloop
endfacet
facet normal 0.29012080357504644 0.9569900309475378 0
outer loop
vertex 22.387712514822034 22.007130372019553 0
vertex 22.68782139645281 21.916149455726703 1.5999827053979045
vertex 22.68782139645281 21.916149455726703 0
endloop
endfacet
facet normal 0.09804746204701766 0.9951817397772824 0
outer loop
vertex 22.68782139645281 21.916149455726703 0
vertex 22.68782139645281 21.916149455726703 1.5999827053979045
vertex 22.999975638832222 21.88539534317701 1.5999827053979045
endloop
endfacet
facet normal 0.09804746204701766 0.9951817397772824 0
outer loop
vertex 22.68782139645281 21.916149455726703 0
vertex 22.999975638832222 21.88539534317701 1.5999827053979045
vertex 22.999975638832222 21.88539534317701 0
endloop
endfacet
facet normal -0.09804746204701877 0.9951817397772823 0
outer loop
vertex 22.999975638832222 21.88539534317701 0
vertex 22.999975638832222 21.88539534317701 1.5999827053979045
vertex 23.31212988121163 21.916149455726703 1.5999827053979045
endloop
endfacet
facet normal -0.09804746204701877 0.9951817397772823 0
outer loop
vertex 22.999975638832222 21.88539534317701 0
vertex 23.31212988121163 21.916149455726703 1.5999827053979045
vertex 23.31212988121163 21.916149455726703 0
endloop
endfacet
facet normal -0.29012080357504644 0.9569900309475378 0
outer loop
vertex 23.31212988121163 21.916149455726703 0
vertex 23.31212988121163 21.916149455726703 1.5999827053979045
vertex 23.612238762842406 22.007130372019553 1.5999827053979045
endloop
endfacet
facet normal -0.29012080357504644 0.9569900309475378 0
outer loop
vertex 23.31212988121163 21.916149455726703 0
vertex 23.612238762842406 22.007130372019553 1.5999827053979045
vertex 23.612238762842406 22.007130372019553 0
endloop
endfacet
facet normal -0.4712239360718735 0.8820136065123546 0
outer loop
vertex 23.612238762842406 22.007130372019553 0
vertex 23.612238762842406 22.007130372019553 1.5999827053979045
vertex 23.889025775789666 22.155006396529338 1.5999827053979045
endloop
endfacet
facet normal -0.4712239360718735 0.8820136065123546 0
outer loop
vertex 23.612238762842406 22.007130372019553 0
vertex 23.889025775789666 22.155006396529338 1.5999827053979045
vertex 23.889025775789666 22.155006396529338 0
endloop
endfacet
facet normal -0.6342164121550588 0.7731555746117109 0
outer loop
vertex 23.889025775789666 22.155006396529338 0
vertex 23.889025775789666 22.155006396529338 1.5999827053979045
vertex 24.131470696389766 22.353882991017368 1.5999827053979045
endloop
endfacet
facet normal -0.6342164121550588 0.7731555746117109 0
outer loop
vertex 23.889025775789666 22.155006396529338 0
vertex 24.131470696389766 22.353882991017368 1.5999827053979045
vertex 24.131470696389766 22.353882991017368 0
endloop
endfacet
facet normal -0.7731555746117109 0.6342164121550588 0
outer loop
vertex 24.131470696389766 22.353882991017368 0
vertex 24.131470696389766 22.353882991017368 1.5999827053979045
vertex 24.330347290877796 22.59632791161747 1.5999827053979045
endloop
endfacet
facet normal -0.7731555746117109 0.6342164121550588 0
outer loop
vertex 24.131470696389766 22.353882991017368 0
vertex 24.330347290877796 22.59632791161747 1.5999827053979045
vertex 24.330347290877796 22.59632791161747 0
endloop
endfacet
facet normal -0.8820136065123546 0.4712239360718735 0
outer loop
vertex 24.330347290877796 22.59632791161747 0
vertex 24.330347290877796 22.59632791161747 1.5999827053979045
vertex 24.47822331538758 22.873114924564728 1.5999827053979045
endloop
endfacet
facet normal -0.8820136065123546 0.4712239360718735 0
outer loop
vertex 24.330347290877796 22.59632791161747 0
vertex 24.47822331538758 22.873114924564728 1.5999827053979045
vertex 24.47822331538758 22.873114924564728 0
endloop
endfacet
facet normal -0.9569900309475378 0.29012080357504644 0
outer loop
vertex 24.47822331538758 22.873114924564728 0
vertex 24.47822331538758 22.873114924564728 1.5999827053979045
vertex 24.56920423168043 23.173223806195505 1.5999827053979045
endloop
endfacet
facet normal -0.9569900309475378 0.29012080357504644 0
outer loop
vertex 24.47822331538758 22.873114924564728 0
vertex 24.56920423168043 23.173223806195505 1.5999827053979045
vertex 24.56920423168043 23.173223806195505 0
endloop
endfacet
facet normal -0.9951817397772823 0.09804746204701877 0
outer loop
vertex 24.56920423168043 23.173223806195505 0
vertex 24.56920423168043 23.173223806195505 1.5999827053979045
vertex 24.599958344230124 23.485378048574912 1.5999827053979045
endloop
endfacet
facet normal -0.9951817397772823 0.09804746204701877 0
outer loop
vertex 24.56920423168043 23.173223806195505 0
vertex 24.599958344230124 23.485378048574912 1.5999827053979045
vertex 24.599958344230124 23.485378048574912 0
endloop
endfacet
facet normal 0 0 0.9999999999999999
outer loop
vertex 1.859854956442831 20.485314369352125 4.699997250407204
vertex -2.3501267673392254 38.485183876146365 4.699997250407204
vertex -2.3501267673392254 8.485315936732215 4.699997250407204
endloop
endfacet
facet normal 0 0 0.9999999999999999
outer loop
vertex 1.859854956442831 20.485314369352125 4.699997250407204
vertex -2.3501267673392254 8.485315936732215 4.699997250407204
vertex 0 8.485315936732215 4.699997250407204
endloop
endfacet
facet normal 0 0 1
outer loop
vertex 1.859854956442831 20.485314369352125 4.699997250407204
vertex 0 8.485315936732215 4.699997250407204
vertex 6.9998923005819265 8.485315936732215 4.699997250407204
endloop
endfacet
facet normal 0 0 1
outer loop
vertex 1.859854956442831 20.485314369352125 4.699997250407204
vertex 6.9998923005819265 8.485315936732215 4.699997250407204
vertex 6.9998923005819265 38.485183876146365 4.699997250407204
endloop
endfacet
facet normal 0 0 1
outer loop
vertex 1.859854956442831 20.485314369352125 4.699997250407204
vertex 6.9998923005819265 38.485183876146365 4.699997250407204
vertex -2.3501267673392254 38.485183876146365 4.699997250407204
endloop
endfacet
facet normal 0 0 1
outer loop
vertex 0 8.485315936732215 4.699997250407204
vertex 0 0 4.699997250407204
vertex 6.9998923005819265 0 4.699997250407204
endloop
endfacet
facet normal 0 0 1
outer loop
vertex 0 8.485315936732215 4.699997250407204
vertex 6.9998923005819265 0 4.699997250407204
vertex 6.9998923005819265 8.485315936732215 4.699997250407204
endloop
endfacet
facet normal -1 0 0
outer loop
vertex 0 6.997329457869452 1.4544132393293463
vertex 0 8.485315936732215 4.699997250407204
vertex 0 8.485315936732215 3.95010947273713
endloop
endfacet
facet normal -1 0 0
outer loop
vertex 0 6.997329457869452 1.4544132393293463
vertex 0 8.485315936732215 3.95010947273713
vertex 0 8.485315936732215 3.4813655406255224
endloop
endfacet
facet normal -1 0 0
outer loop
vertex 0 6.997329457869452 1.4544132393293463
vertex 0 8.485315936732215 3.4813655406255224
vertex 0 8.485315936732215 3.2389206200254232
endloop
endfacet
facet normal -1 0 0
outer loop
vertex 0 6.997329457869452 1.4544132393293463
vertex 0 8.485315936732215 3.2389206200254232
vertex 0 8.485315936732215 2.962389891349412
endloop
endfacet
facet normal -1 0 0
outer loop
vertex 0 6.997329457869452 1.4544132393293463
vertex 0 8.485315936732215 2.962389891349412
vertex 0 8.485315936732215 2.6620247254473868
endloop
endfacet
facet normal -1 0 0
outer loop
vertex 0 6.997329457869452 1.4544132393293463
vertex 0 8.485315936732215 2.6620247254473868
vertex 0 8.485315936732215 2.3501267673392254
endloop
endfacet
facet normal -0.9999999999999999 0 0
outer loop
vertex 0 6.997329457869452 1.4544132393293463
vertex 0 8.485315936732215 2.3501267673392254
vertex 0 8.485315936732215 2.037972524959817
endloop
endfacet
facet normal -1 0 0
outer loop
vertex 0 6.997329457869452 1.4544132393293463
vertex 0 8.485315936732215 2.037972524959817
vertex 0 8.485315936732215 1.7376073590577916
endloop
endfacet
facet normal -1 0 0
outer loop
vertex 0 6.997329457869452 1.4544132393293463
vertex 0 8.485315936732215 1.7376073590577916
vertex 0 8.485315936732215 1.4610766303817804
endloop
endfacet
facet normal -1 0 0
outer loop
vertex 0 6.997329457869452 1.4544132393293463
vertex 0 8.485315936732215 1.4610766303817804
vertex 0 8.485315936732215 1.2186317097816812
endloop
endfacet
facet normal -1 0 0
outer loop
vertex 0 6.997329457869452 1.4544132393293463
vertex 0 8.485315936732215 1.2186317097816812
vertex 0 8.485315936732215 1.0197551152936508
endloop
endfacet
facet normal -1 0 0
outer loop
vertex 0 6.997329457869452 1.4544132393293463
vertex 0 8.485315936732215 1.0197551152936508
vertex 0 8.485315936732215 0.8718790907838654
endloop
endfacet
facet normal -1 0 0
outer loop
vertex 0 6.997329457869452 1.4544132393293463
vertex 0 8.485315936732215 0.8718790907838654
vertex 0 8.485315936732215 0.7806418902197689
endloop
endfacet
facet normal -1 0 0
outer loop
vertex 0 6.997329457869452 1.4544132393293463
vertex 0 8.485315936732215 0.7806418902197689
vertex 0 8.485315936732215 0.7498877776700735
endloop
endfacet
facet normal -1 0 0
outer loop
vertex 0 6.997329457869452 1.4544132393293463
vertex 0 8.485315936732215 0.7498877776700735
vertex 0 8.485315936732215 0
endloop
endfacet
facet normal -0.9999999999999999 0 0
outer loop
vertex 0 6.997329457869452 1.4544132393293463
vertex 0 8.485315936732215 0
vertex 0 8.173161694352807 0
endloop
endfacet
facet normal -0.9999999999999999 0 0
outer loop
vertex 0 6.997329457869452 1.4544132393293463
vertex 0 8.173161694352807 0
vertex 0 7.87305281272203 0
endloop
endfacet
facet normal -1 0 0
outer loop
vertex 0 6.997329457869452 1.4544132393293463
vertex 0 7.87305281272203 0
vertex 0 7.596265799774771 0
endloop
endfacet
facet normal -1 0 0
outer loop
vertex 0 6.997329457869452 1.4544132393293463
vertex 0 7.596265799774771 0
vertex 0 7.3538208791746715 0
endloop
endfacet
facet normal -1 0 0
outer loop
vertex 0 6.997329457869452 1.4544132393293463
vertex 0 7.3538208791746715 0
vertex 0 7.154944284686641 0
endloop
endfacet
facet normal -1 0 0
outer loop
vertex 0 6.997329457869452 1.4544132393293463
vertex 0 7.154944284686641 0
vertex 0 7.0070682601768555 0
endloop
endfacet
facet normal -1 0 0
outer loop
vertex 0 6.997329457869452 1.4544132393293463
vertex 0 7.0070682601768555 0
vertex 0 6.916087343884007 0
endloop
endfacet
facet normal -1 0 0
outer loop
vertex 0 6.997329457869452 1.4544132393293463
vertex 0 6.916087343884007 0
vertex 0 6.885333231334311 0
endloop
endfacet
facet normal -1 0 0
outer loop
vertex 0 6.997329457869452 1.4544132393293463
vertex 0 6.885333231334311 0
vertex 0 1.1999229579806165 0
endloop
endfacet
facet normal -1 0 0
outer loop
vertex 0 6.997329457869452 1.4544132393293463
vertex 0 1.1999229579806165 0
vertex 0 0 1.1988978208956267
endloop
endfacet
facet normal -1 0 0
outer loop
vertex 0 6.997329457869452 1.4544132393293463
vertex 0 0 1.1988978208956267
vertex 0 0 1.5999827053979045
endloop
endfacet
facet normal -1 0 0
outer loop
vertex 0 6.997329457869452 1.4544132393293463
vertex 0 0 1.5999827053979045
vertex 0 0 4.699997250407204
endloop
endfacet
facet normal -0.9999999999999999 0 0
outer loop
vertex 0 6.997329457869452 1.4544132393293463
vertex 0 0 4.699997250407204
vertex 0 8.485315936732215 4.699997250407204
endloop
endfacet
facet normal -0.7072474849493939 0 -0.7069660494201664
outer loop
vertex -3.3678316084628968 20.58244610815491 0.044337178925810905
vertex -4.011617697836521 8.485315936732215 0.6883795525706826
vertex -4.011617697836521 38.485183876146365 0.6883795525706826
endloop
endfacet
facet normal -0.7072384216523385 6.520913571166126e-7 -0.7069751162086854
outer loop
vertex -3.3678316084628968 20.58244610815491 0.044337178925810905
vertex -4.011617697836521 38.485183876146365 0.6883795525706826
vertex -3.323494429537086 38.485183876146365 0
endloop
endfacet
facet normal -0.707106781186549 0 -0.707106781186546
outer loop
vertex -3.3678316084628968 20.58244610815491 0.044337178925810905
vertex -3.323494429537086 38.485183876146365 0
vertex -3.323494429537086 37.28526091816575 0
endloop
endfacet
facet normal -0.7071067811865492 0 -0.7071067811865458
outer loop
vertex -3.3678316084628968 20.58244610815491 0.044337178925810905
vertex -3.323494429537086 37.28526091816575 0
vertex -3.323494429537086 30.770514743055266 0
endloop
endfacet
facet normal -0.7071067811865495 0 -0.7071067811865457
outer loop
vertex -3.3678316084628968 20.58244610815491 0.044337178925810905
vertex -3.323494429537086 30.770514743055266 0
vertex -3.323494429537086 25.085360753972818 0
endloop
endfacet
facet normal -0.7071067811865475 0 -0.7071067811865475
outer loop
vertex -3.3678316084628968 20.58244610815491 0.044337178925810905
vertex -3.323494429537086 25.085360753972818 0
vertex -3.323494429537086 25.054606641423124 0
endloop
endfacet
facet normal -0.7071067811865499 0 -0.7071067811865451
outer loop
vertex -3.3678316084628968 20.58244610815491 0.044337178925810905
vertex -3.323494429537086 25.054606641423124 0
vertex -3.323494429537086 24.963369440859026 0
endloop
endfacet
facet normal -0.7071067811865505 0 -0.7071067811865445
outer loop
vertex -3.3678316084628968 20.58244610815491 0.044337178925810905
vertex -3.323494429537086 24.963369440859026 0
vertex -3.323494429537086 24.815749700620486 0
endloop
endfacet
facet normal -0.7071067811865487 0 -0.7071067811865465
outer loop
vertex -3.3678316084628968 20.58244610815491 0.044337178925810905
vertex -3.323494429537086 24.815749700620486 0
vertex -3.323494429537086 24.61661682186121 0
endloop
endfacet
facet normal -0.7071067811865483 0 -0.7071067811865466
outer loop
vertex -3.3678316084628968 20.58244610815491 0.044337178925810905
vertex -3.323494429537086 24.61661682186121 0
vertex -3.323494429537086 24.37417190126111 0
endloop
endfacet
facet normal -0.7071067811865499 0 -0.7071067811865451
outer loop
vertex -3.3678316084628968 20.58244610815491 0.044337178925810905
vertex -3.323494429537086 24.37417190126111 0
vertex -3.323494429537086 24.0976411725851 0
endloop
endfacet
facet normal -0.7071067811865489 0 -0.7071067811865459
outer loop
vertex -3.3678316084628968 20.58244610815491 0.044337178925810905
vertex -3.323494429537086 24.0976411725851 0
vertex -3.323494429537086 23.797532290954322 0
endloop
endfacet
facet normal -0.7071067811865497 0 -0.7071067811865455
outer loop
vertex -3.3678316084628968 20.58244610815491 0.044337178925810905
vertex -3.323494429537086 23.797532290954322 0
vertex -3.323494429537086 23.485378048574912 0
endloop
endfacet
facet normal -0.7071067811865489 0 -0.7071067811865461
outer loop
vertex -3.3678316084628968 20.58244610815491 0.044337178925810905
vertex -3.323494429537086 23.485378048574912 0
vertex -3.323494429537086 23.173223806195505 0
endloop
endfacet
facet normal -0.7071067811865495 0 -0.7071067811865458
outer loop
vertex -3.3678316084628968 20.58244610815491 0.044337178925810905
vertex -3.323494429537086 23.173223806195505 0
vertex -3.323494429537086 22.873114924564728 0
endloop
endfacet
facet normal -0.707106781186549 0 -0.7071067811865458
outer loop
vertex -3.3678316084628968 20.58244610815491 0.044337178925810905
vertex -3.323494429537086 22.873114924564728 0
vertex -3.323494429537086 22.59632791161747 0
endloop
endfacet
facet normal -0.7071067811865499 0 -0.7071067811865454
outer loop
vertex -3.3678316084628968 20.58244610815491 0.044337178925810905
vertex -3.323494429537086 22.59632791161747 0
vertex -3.323494429537086 22.353882991017368 0
endloop
endfacet
facet normal -0.7071067811865491 0 -0.7071067811865458
outer loop
vertex -3.3678316084628968 20.58244610815491 0.044337178925810905
vertex -3.323494429537086 22.353882991017368 0
vertex -3.323494429537086 22.155006396529338 0
endloop
endfacet
facet normal -0.707106781186549 0 -0.707106781186546
outer loop
vertex -3.3678316084628968 20.58244610815491 0.044337178925810905
vertex -3.323494429537086 22.155006396529338 0
vertex -3.323494429537086 22.007130372019553 0
endloop
endfacet
facet normal -0.7071067811865495 0 -0.7071067811865458
outer loop
vertex -3.3678316084628968 20.58244610815491 0.044337178925810905
vertex -3.323494429537086 22.007130372019553 0
vertex -3.323494429537086 21.916149455726703 0
endloop
endfacet
facet normal -0.7071067811865511 0 -0.7071067811865439
outer loop
vertex -3.3678316084628968 20.58244610815491 0.044337178925810905
vertex -3.323494429537086 21.916149455726703 0
vertex -3.323494429537086 21.88539534317701 0
endloop
endfacet
facet normal -0.7071067811865493 0 -0.7071067811865457
outer loop
vertex -3.3678316084628968 20.58244610815491 0.044337178925810905
vertex -3.323494429537086 21.88539534317701 0
vertex -3.323494429537086 10.085298642130121 0
endloop
endfacet
facet normal -0.7071067811865476 0 -0.7071067811865476
outer loop
vertex -3.3678316084628968 20.58244610815491 0.044337178925810905
vertex -3.323494429537086 10.085298642130121 0
vertex -3.323494429537086 10.054544529580426 0
endloop
endfacet
facet normal -0.7071067811865476 0 -0.7071067811865476
outer loop
vertex -3.3678316084628968 20.58244610815491 0.044337178925810905
vertex -3.323494429537086 10.054544529580426 0
vertex -3.323494429537086 9.963563613287576 0
endloop
endfacet
facet normal -0.7071067811865507 0 -0.7071067811865447
outer loop
vertex -3.3678316084628968 20.58244610815491 0.044337178925810905
vertex -3.323494429537086 9.963563613287576 0
vertex -3.323494429537086 9.815687588777791 0
endloop
endfacet
facet normal -0.7071067811865498 0 -0.7071067811865454
outer loop
vertex -3.3678316084628968 20.58244610815491 0.044337178925810905
vertex -3.323494429537086 9.815687588777791 0
vertex -3.323494429537086 9.616554710018512 0
endloop
endfacet
facet normal -0.7071067811865475 0 -0.7071067811865475
outer loop
vertex -3.3678316084628968 20.58244610815491 0.044337178925810905
vertex -3.323494429537086 9.616554710018512 0
vertex -3.323494429537086 9.374109789418414 0
endloop
endfacet
facet normal -0.7071067811865507 0 -0.7071067811865442
outer loop
vertex -3.3678316084628968 20.58244610815491 0.044337178925810905
vertex -3.323494429537086 9.374109789418414 0
vertex -3.323494429537086 9.097579060742403 0
endloop
endfacet
facet normal -0.7071067811865505 0 -0.7071067811865446
outer loop
vertex -3.3678316084628968 20.58244610815491 0.044337178925810905
vertex -3.323494429537086 9.097579060742403 0
vertex -3.323494429537086 8.797470179111624 0
endloop
endfacet
facet normal -0.7071067811865476 0 -0.7071067811865476
outer loop
vertex -3.3678316084628968 20.58244610815491 0.044337178925810905
vertex -3.323494429537086 8.797470179111624 0
vertex -3.323494429537086 8.485315936732215 0
endloop
endfacet
facet normal -0.7072384216521594 -9.650405014908149e-7 -0.7069751162085063
outer loop
vertex -3.3678316084628968 20.58244610815491 0.044337178925810905
vertex -3.323494429537086 8.485315936732215 0
vertex -4.011617697836521 8.485315936732215 0.6883795525706826
endloop
endfacet
facet normal -0.09796056615926438 0 0.9951902971179716
outer loop
vertex -2.8083630443296874 8.485315936732215 4.65489121866765
vertex -2.3501267673392254 8.485315936732215 4.699997250407204
vertex -2.3501267673392254 38.485183876146365 4.699997250407204
endloop
endfacet
facet normal -0.09796056615926438 0 0.9951902971179716
outer loop
vertex -2.8083630443296874 8.485315936732215 4.65489121866765
vertex -2.3501267673392254 38.485183876146365 4.699997250407204
vertex -2.8083630443296874 38.485183876146365 4.65489121866765
endloop
endfacet
facet normal -0.29025430788767714 0 0.9569495476526678
outer loop
vertex -2.8083630443296874 8.485315936732215 4.65489121866765
vertex -2.8083630443296874 38.485183876146365 4.65489121866765
vertex -3.2494282751465695 38.485183876146365 4.521110829076475
endloop
endfacet
facet normal -0.29025430788767714 0 0.9569495476526678
outer loop
vertex -2.8083630443296874 8.485315936732215 4.65489121866765
vertex -3.2494282751465695 38.485183876146365 4.521110829076475
vertex -3.2494282751465695 8.485315936732215 4.521110829076475
endloop
endfacet
facet normal -0.7727165094518484 0 -0.6347512867419421
outer loop
vertex -4.304038051329875 38.485183876146365 1.0443584053334072
vertex -4.011617697836521 38.485183876146365 0.6883795525706826
vertex -4.011617697836521 8.485315936732215 0.6883795525706826
endloop
endfacet
facet normal -0.7727165094518484 0 -0.6347512867419421
outer loop
vertex -4.304038051329875 38.485183876146365 1.0443584053334072
vertex -4.011617697836521 8.485315936732215 0.6883795525706826
vertex -4.304038051329875 8.485315936732215 1.0443584053334072
endloop
endfacet
facet normal -0.9569495476526678 0 0.29025430788767714
outer loop
vertex -4.65489121866765 8.485315936732215 2.8083630443296874
vertex -4.521110829076475 8.485315936732215 3.2494282751465695
vertex -4.521110829076475 38.485183876146365 3.2494282751465695
endloop
endfacet
facet normal -0.9569495476526678 0 0.29025430788767714
outer loop
vertex -4.65489121866765 8.485315936732215 2.8083630443296874
vertex -4.521110829076475 38.485183876146365 3.2494282751465695
vertex -4.65489121866765 38.485183876146365 2.8083630443296874
endloop
endfacet
facet normal -0.9569495476526678 0 -0.2902543078876773
outer loop
vertex -4.521110829076475 8.485315936732215 1.4505689752606343
vertex -4.65489121866765 8.485315936732215 1.8916342060775162
vertex -4.65489121866765 38.485183876146365 1.8916342060775162
endloop
endfacet
facet normal -0.9569495476526678 0 -0.2902543078876773
outer loop
vertex -4.521110829076475 8.485315936732215 1.4505689752606343
vertex -4.65489121866765 38.485183876146365 1.8916342060775162
vertex -4.521110829076475 38.485183876146365 1.4505689752606343
endloop
endfacet
facet normal -0.8819675617339432 0 -0.47131011027675096
outer loop
vertex -4.521110829076475 8.485315936732215 1.4505689752606343
vertex -4.521110829076475 38.485183876146365 1.4505689752606343
vertex -4.304038051329875 38.485183876146365 1.0443584053334072
endloop
endfacet
facet normal -0.8819675617339432 0 -0.47131011027675096
outer loop
vertex -4.521110829076475 8.485315936732215 1.4505689752606343
vertex -4.304038051329875 38.485183876146365 1.0443584053334072
vertex -4.304038051329875 8.485315936732215 1.0443584053334072
endloop
endfacet
facet normal -0.47131011027675124 0 0.8819675617339432
outer loop
vertex -3.6556388450737964 38.485183876146365 4.304038051329875
vertex -3.6556388450737964 8.485315936732215 4.304038051329875
vertex -3.2494282751465695 8.485315936732215 4.521110829076475
endloop
endfacet
facet normal -0.47131011027675124 0 0.8819675617339432
outer loop
vertex -3.6556388450737964 38.485183876146365 4.304038051329875
vertex -3.2494282751465695 8.485315936732215 4.521110829076475
vertex -3.2494282751465695 38.485183876146365 4.521110829076475
endloop
endfacet
facet normal -0.8819675617339432 0 0.47131011027675124
outer loop
vertex -4.304038051329875 38.485183876146365 3.6556388450737964
vertex -4.521110829076475 38.485183876146365 3.2494282751465695
vertex -4.521110829076475 8.485315936732215 3.2494282751465695
endloop
endfacet
facet normal -0.8819675617339432 0 0.47131011027675124
outer loop
vertex -4.304038051329875 38.485183876146365 3.6556388450737964
vertex -4.521110829076475 8.485315936732215 3.2494282751465695
vertex -4.304038051329875 8.485315936732215 3.6556388450737964
endloop
endfacet
facet normal -0.7727165094518487 0 0.6347512867419419
outer loop
vertex -4.011617697836521 8.485315936732215 4.011617697836521
vertex -4.011617697836521 38.485183876146365 4.011617697836521
vertex -4.304038051329875 38.485183876146365 3.6556388450737964
endloop
endfacet
facet normal -0.7727165094518487 0 0.6347512867419419
outer loop
vertex -4.011617697836521 8.485315936732215 4.011617697836521
vertex -4.304038051329875 38.485183876146365 3.6556388450737964
vertex -4.304038051329875 8.485315936732215 3.6556388450737964
endloop
endfacet
facet normal -0.6347512867419419 0 0.7727165094518487
outer loop
vertex -4.011617697836521 8.485315936732215 4.011617697836521
vertex -3.6556388450737964 8.485315936732215 4.304038051329875
vertex -3.6556388450737964 38.485183876146365 4.304038051329875
endloop
endfacet
facet normal -0.6347512867419419 0 0.7727165094518487
outer loop
vertex -4.011617697836521 8.485315936732215 4.011617697836521
vertex -3.6556388450737964 38.485183876146365 4.304038051329875
vertex -4.011617697836521 38.485183876146365 4.011617697836521
endloop
endfacet
facet normal -0.9951902971179716 0 0.09796056615926438
outer loop
vertex -4.699997250407204 8.485315936732215 2.3501267673392254
vertex -4.65489121866765 8.485315936732215 2.8083630443296874
vertex -4.65489121866765 38.485183876146365 2.8083630443296874
endloop
endfacet
facet normal -0.9951902971179716 0 0.09796056615926438
outer loop
vertex -4.699997250407204 8.485315936732215 2.3501267673392254
vertex -4.65489121866765 38.485183876146365 2.8083630443296874
vertex -4.699997250407204 38.485183876146365 2.3501267673392254
endloop
endfacet
facet normal -0.9951956339122585 0 -0.09790633402378943
outer loop
vertex -4.699997250407204 8.485315936732215 2.3501267673392254
vertex -4.699997250407204 38.485183876146365 2.3501267673392254
vertex -4.65489121866765 38.485183876146365 1.8916342060775162
endloop
endfacet
facet normal -0.9951956339122585 0 -0.09790633402378943
outer loop
vertex -4.699997250407204 8.485315936732215 2.3501267673392254
vertex -4.65489121866765 38.485183876146365 1.8916342060775162
vertex -4.65489121866765 8.485315936732215 1.8916342060775162
endloop
endfacet
facet normal 0 0 -1
outer loop
vertex -3.0126216085139146 38.485183876146365 3.95010947273713
vertex -1.687375641893289 38.485183876146365 3.95010947273713
vertex -1.687375641893289 8.485315936732215 3.95010947273713
endloop
endfacet
facet normal 0 0 -1
outer loop
vertex -3.0126216085139146 38.485183876146365 3.95010947273713
vertex -1.687375641893289 8.485315936732215 3.95010947273713
vertex -3.0126216085139146 8.485315936732215 3.95010947273713
endloop
endfacet
facet normal -0.9568319362168284 0 0.2906417826733713
outer loop
vertex -0.7806418902197689 38.485183876146365 2.037972524959817
vertex -0.8718790907838654 38.485183876146365 1.7376073590577916
vertex -0.8718790907838654 8.485315936732215 1.7376073590577916
endloop
endfacet
facet normal -0.9568319362168284 0 0.2906417826733713
outer loop
vertex -0.7806418902197689 38.485183876146365 2.037972524959817
vertex -0.8718790907838654 8.485315936732215 1.7376073590577916
vertex -0.7806418902197689 8.485315936732215 2.037972524959817
endloop
endfacet
facet normal -0.7071067811865475 0 -0.7071067811865475
outer loop
vertex -1.2186317097816812 8.485315936732215 3.4813655406255224
vertex -1.687375641893289 8.485315936732215 3.95010947273713
vertex -1.687375641893289 38.485183876146365 3.95010947273713
endloop
endfacet
facet normal -0.7071067811865475 0 -0.7071067811865475
outer loop
vertex -1.2186317097816812 8.485315936732215 3.4813655406255224
vertex -1.687375641893289 38.485183876146365 3.95010947273713
vertex -1.2186317097816812 38.485183876146365 3.4813655406255224
endloop
endfacet
facet normal 0.8818320651344036 0 -0.4715635788531519
outer loop
vertex -3.8281181596233385 8.485315936732215 2.962389891349412
vertex -3.8281181596233385 38.485183876146365 2.962389891349412
vertex -3.680242135113553 38.485183876146365 3.2389206200254232
endloop
endfacet
facet normal 0.8818320651344036 0 -0.4715635788531519
outer loop
vertex -3.8281181596233385 8.485315936732215 2.962389891349412
vertex -3.680242135113553 38.485183876146365 3.2389206200254232
vertex -3.680242135113553 8.485315936732215 3.2389206200254232
endloop
endfacet
facet normal -0.9568319362168284 0 -0.2906417826733713
outer loop
vertex -0.7806418902197689 8.485315936732215 2.6620247254473868
vertex -0.8718790907838654 8.485315936732215 2.962389891349412
vertex -0.8718790907838654 38.485183876146365 2.962389891349412
endloop
endfacet
facet normal -0.9568319362168284 0 -0.2906417826733713
outer loop
vertex -0.7806418902197689 8.485315936732215 2.6620247254473868
vertex -0.8718790907838654 38.485183876146365 2.962389891349412
vertex -0.7806418902197689 38.485183876146365 2.6620247254473868
endloop
endfacet
facet normal -0.9951738755188414 0 -0.09812725148912142
outer loop
vertex -0.7498877776700735 8.485315936732215 2.3501267673392254
vertex -0.7806418902197689 8.485315936732215 2.6620247254473868
vertex -0.7806418902197689 38.485183876146365 2.6620247254473868
endloop
endfacet
facet normal -0.9951738755188414 0 -0.09812725148912142
outer loop
vertex -0.7498877776700735 8.485315936732215 2.3501267673392254
vertex -0.7806418902197689 38.485183876146365 2.6620247254473868
vertex -0.7498877776700735 38.485183876146365 2.3501267673392254
endloop
endfacet
facet normal -0.995181739777282 0 0.09804746204702278
outer loop
vertex -0.7806418902197689 38.485183876146365 2.037972524959817
vertex -0.7806418902197689 8.485315936732215 2.037972524959817
vertex -0.7498877776700735 8.485315936732215 2.3501267673392254
endloop
endfacet
facet normal -0.995181739777282 0 0.09804746204702278
outer loop
vertex -0.7806418902197689 38.485183876146365 2.037972524959817
vertex -0.7498877776700735 8.485315936732215 2.3501267673392254
vertex -0.7498877776700735 38.485183876146365 2.3501267673392254
endloop
endfacet
facet normal -0.8818320651344036 0 -0.4715635788531519
outer loop
vertex -1.0197551152936508 38.485183876146365 3.2389206200254232
vertex -0.8718790907838654 38.485183876146365 2.962389891349412
vertex -0.8718790907838654 8.485315936732215 2.962389891349412
endloop
endfacet
facet normal -0.8818320651344036 0 -0.4715635788531519
outer loop
vertex -1.0197551152936508 38.485183876146365 3.2389206200254232
vertex -0.8718790907838654 8.485315936732215 2.962389891349412
vertex -1.0197551152936508 8.485315936732215 3.2389206200254232
endloop
endfacet
facet normal -0.7731555746117099 0 -0.6342164121550596
outer loop
vertex -1.2186317097816812 8.485315936732215 3.4813655406255224
vertex -1.2186317097816812 38.485183876146365 3.4813655406255224
vertex -1.0197551152936508 38.485183876146365 3.2389206200254232
endloop
endfacet
facet normal -0.7731555746117099 0 -0.6342164121550596
outer loop
vertex -1.2186317097816812 8.485315936732215 3.4813655406255224
vertex -1.0197551152936508 38.485183876146365 3.2389206200254232
vertex -1.0197551152936508 8.485315936732215 3.2389206200254232
endloop
endfacet
facet normal -0.8818320651344036 0 0.4715635788531519
outer loop
vertex -0.8718790907838654 8.485315936732215 1.7376073590577916
vertex -0.8718790907838654 38.485183876146365 1.7376073590577916
vertex -1.0197551152936508 38.485183876146365 1.4610766303817804
endloop
endfacet
facet normal -0.8818320651344036 0 0.4715635788531519
outer loop
vertex -0.8718790907838654 8.485315936732215 1.7376073590577916
vertex -1.0197551152936508 38.485183876146365 1.4610766303817804
vertex -1.0197551152936508 8.485315936732215 1.4610766303817804
endloop
endfacet
facet normal 0.9568319362168284 0 -0.2906417826733713
outer loop
vertex -3.919355360187435 38.485183876146365 2.6620247254473868
vertex -3.8281181596233385 38.485183876146365 2.962389891349412
vertex -3.8281181596233385 8.485315936732215 2.962389891349412
endloop
endfacet
facet normal 0.9568319362168284 0 -0.2906417826733713
outer loop
vertex -3.919355360187435 38.485183876146365 2.6620247254473868
vertex -3.8281181596233385 8.485315936732215 2.962389891349412
vertex -3.919355360187435 8.485315936732215 2.6620247254473868
endloop
endfacet
facet normal 0.9951738755188416 0 -0.09812725148912109
outer loop
vertex -3.919355360187435 38.485183876146365 2.6620247254473868
vertex -3.919355360187435 8.485315936732215 2.6620247254473868
vertex -3.95010947273713 8.485315936732215 2.3501267673392254
endloop
endfacet
facet normal 0.9951738755188416 0 -0.09812725148912109
outer loop
vertex -3.919355360187435 38.485183876146365 2.6620247254473868
vertex -3.95010947273713 8.485315936732215 2.3501267673392254
vertex -3.95010947273713 38.485183876146365 2.3501267673392254
endloop
endfacet
facet normal 0.7071067811865475 0 -0.7071067811865475
outer loop
vertex -3.4813655406255224 38.485183876146365 3.4813655406255224
vertex -3.0126216085139146 38.485183876146365 3.95010947273713
vertex -3.0126216085139146 8.485315936732215 3.95010947273713
endloop
endfacet
facet normal 0.7071067811865475 0 -0.7071067811865475
outer loop
vertex -3.4813655406255224 38.485183876146365 3.4813655406255224
vertex -3.0126216085139146 8.485315936732215 3.95010947273713
vertex -3.4813655406255224 8.485315936732215 3.4813655406255224
endloop
endfacet
facet normal 0.7731555746117096 0 -0.63421641215506
outer loop
vertex -3.680242135113553 8.485315936732215 3.2389206200254232
vertex -3.680242135113553 38.485183876146365 3.2389206200254232
vertex -3.4813655406255224 38.485183876146365 3.4813655406255224
endloop
endfacet
facet normal 0.7731555746117096 0 -0.63421641215506
outer loop
vertex -3.680242135113553 8.485315936732215 3.2389206200254232
vertex -3.4813655406255224 38.485183876146365 3.4813655406255224
vertex -3.4813655406255224 8.485315936732215 3.4813655406255224
endloop
endfacet
facet normal 0.09812725148912142 0 0.9951738755188414
outer loop
vertex -2.3501267673392254 8.485315936732215 0.7498877776700735
vertex -2.3501267673392254 38.485183876146365 0.7498877776700735
vertex -2.6620247254473868 38.485183876146365 0.7806418902197689
endloop
endfacet
facet normal 0.09812725148912142 0 0.9951738755188414
outer loop
vertex -2.3501267673392254 8.485315936732215 0.7498877776700735
vertex -2.6620247254473868 38.485183876146365 0.7806418902197689
vertex -2.6620247254473868 8.485315936732215 0.7806418902197689
endloop
endfacet
facet normal 0.2906417826733713 0 0.9568319362168284
outer loop
vertex -2.6620247254473868 38.485183876146365 0.7806418902197689
vertex -2.962389891349412 38.485183876146365 0.8718790907838654
vertex -2.962389891349412 8.485315936732215 0.8718790907838654
endloop
endfacet
facet normal 0.2906417826733713 0 0.9568319362168284
outer loop
vertex -2.6620247254473868 38.485183876146365 0.7806418902197689
vertex -2.962389891349412 8.485315936732215 0.8718790907838654
vertex -2.6620247254473868 8.485315936732215 0.7806418902197689
endloop
endfacet
facet normal 0.6342164121550596 0 0.7731555746117099
outer loop
vertex -3.4813655406255224 38.485183876146365 1.2186317097816812
vertex -3.4813655406255224 8.485315936732215 1.2186317097816812
vertex -3.2389206200254232 8.485315936732215 1.0197551152936508
endloop
endfacet
facet normal 0.6342164121550596 0 0.7731555746117099
outer loop
vertex -3.4813655406255224 38.485183876146365 1.2186317097816812
vertex -3.2389206200254232 8.485315936732215 1.0197551152936508
vertex -3.2389206200254232 38.485183876146365 1.0197551152936508
endloop
endfacet
facet normal 0.4715635788531519 0 0.8818320651344036
outer loop
vertex -3.2389206200254232 8.485315936732215 1.0197551152936508
vertex -2.962389891349412 8.485315936732215 0.8718790907838654
vertex -2.962389891349412 38.485183876146365 0.8718790907838654
endloop
endfacet
facet normal 0.4715635788531519 0 0.8818320651344036
outer loop
vertex -3.2389206200254232 8.485315936732215 1.0197551152936508
vertex -2.962389891349412 38.485183876146365 0.8718790907838654
vertex -3.2389206200254232 38.485183876146365 1.0197551152936508
endloop
endfacet
facet normal -0.7731555746117099 0 0.6342164121550596
outer loop
vertex -1.2186317097816812 8.485315936732215 1.2186317097816812
vertex -1.0197551152936508 8.485315936732215 1.4610766303817804
vertex -1.0197551152936508 38.485183876146365 1.4610766303817804
endloop
endfacet
facet normal -0.7731555746117099 0 0.6342164121550596
outer loop
vertex -1.2186317097816812 8.485315936732215 1.2186317097816812
vertex -1.0197551152936508 38.485183876146365 1.4610766303817804
vertex -1.2186317097816812 38.485183876146365 1.2186317097816812
endloop
endfacet
facet normal 0.995181739777282 0 0.09804746204702242
outer loop
vertex -3.919355360187435 38.485183876146365 2.037972524959817
vertex -3.95010947273713 38.485183876146365 2.3501267673392254
vertex -3.95010947273713 8.485315936732215 2.3501267673392254
endloop
endfacet
facet normal 0.995181739777282 0 0.09804746204702242
outer loop
vertex -3.919355360187435 38.485183876146365 2.037972524959817
vertex -3.95010947273713 8.485315936732215 2.3501267673392254
vertex -3.919355360187435 8.485315936732215 2.037972524959817
endloop
endfacet
facet normal 0.9568319362168284 0 0.2906417826733713
outer loop
vertex -3.8281181596233385 8.485315936732215 1.7376073590577916
vertex -3.8281181596233385 38.485183876146365 1.7376073590577916
vertex -3.919355360187435 38.485183876146365 2.037972524959817
endloop
endfacet
facet normal 0.9568319362168284 0 0.2906417826733713
outer loop
vertex -3.8281181596233385 8.485315936732215 1.7376073590577916
vertex -3.919355360187435 38.485183876146365 2.037972524959817
vertex -3.919355360187435 8.485315936732215 2.037972524959817
endloop
endfacet
facet normal 0.8818320651344036 0 0.4715635788531519
outer loop
vertex -3.680242135113553 38.485183876146365 1.4610766303817804
vertex -3.8281181596233385 38.485183876146365 1.7376073590577916
vertex -3.8281181596233385 8.485315936732215 1.7376073590577916
endloop
endfacet
facet normal 0.8818320651344036 0 0.4715635788531519
outer loop
vertex -3.680242135113553 38.485183876146365 1.4610766303817804
vertex -3.8281181596233385 8.485315936732215 1.7376073590577916
vertex -3.680242135113553 8.485315936732215 1.4610766303817804
endloop
endfacet
facet normal 0.7731555746117096 0 0.63421641215506
outer loop
vertex -3.4813655406255224 8.485315936732215 1.2186317097816812
vertex -3.4813655406255224 38.485183876146365 1.2186317097816812
vertex -3.680242135113553 38.485183876146365 1.4610766303817804
endloop
endfacet
facet normal 0.7731555746117096 0 0.63421641215506
outer loop
vertex -3.4813655406255224 8.485315936732215 1.2186317097816812
vertex -3.680242135113553 38.485183876146365 1.4610766303817804
vertex -3.680242135113553 8.485315936732215 1.4610766303817804
endloop
endfacet
facet normal -0.09804746204702278 0 0.995181739777282
outer loop
vertex -2.037972524959817 38.485183876146365 0.7806418902197689
vertex -2.3501267673392254 38.485183876146365 0.7498877776700735
vertex -2.3501267673392254 8.485315936732215 0.7498877776700735
endloop
endfacet
facet normal -0.09804746204702278 0 0.995181739777282
outer loop
vertex -2.037972524959817 38.485183876146365 0.7806418902197689
vertex -2.3501267673392254 8.485315936732215 0.7498877776700735
vertex -2.037972524959817 8.485315936732215 0.7806418902197689
endloop
endfacet
facet normal -0.2906417826733713 0 0.9568319362168284
outer loop
vertex -1.7376073590577916 8.485315936732215 0.8718790907838654
vertex -1.7376073590577916 38.485183876146365 0.8718790907838654
vertex -2.037972524959817 38.485183876146365 0.7806418902197689
endloop
endfacet
facet normal -0.2906417826733713 0 0.9568319362168284
outer loop
vertex -1.7376073590577916 8.485315936732215 0.8718790907838654
vertex -2.037972524959817 38.485183876146365 0.7806418902197689
vertex -2.037972524959817 8.485315936732215 0.7806418902197689
endloop
endfacet
facet normal -0.6342164121550596 0 0.7731555746117099
outer loop
vertex -1.4610766303817804 8.485315936732215 1.0197551152936508
vertex -1.2186317097816812 8.485315936732215 1.2186317097816812
vertex -1.2186317097816812 38.485183876146365 1.2186317097816812
endloop
endfacet
facet normal -0.6342164121550596 0 0.7731555746117099
outer loop
vertex -1.4610766303817804 8.485315936732215 1.0197551152936508
vertex -1.2186317097816812 38.485183876146365 1.2186317097816812
vertex -1.4610766303817804 38.485183876146365 1.0197551152936508
endloop
endfacet
facet normal -0.4715635788531519 0 0.8818320651344036
outer loop
vertex -1.7376073590577916 38.485183876146365 0.8718790907838654
vertex -1.7376073590577916 8.485315936732215 0.8718790907838654
vertex -1.4610766303817804 8.485315936732215 1.0197551152936508
endloop
endfacet
facet normal -0.4715635788531519 0 0.8818320651344036
outer loop
vertex -1.7376073590577916 38.485183876146365 0.8718790907838654
vertex -1.4610766303817804 8.485315936732215 1.0197551152936508
vertex -1.4610766303817804 38.485183876146365 1.0197551152936508
endloop
endfacet
facet normal 0 -1 0
outer loop
vertex -2.4836508726591533 8.485315936732215 4.2691833904402205
vertex -2.3501267673392254 8.485315936732215 4.699997250407204
vertex -2.8083630443296874 8.485315936732215 4.65489121866765
endloop
endfacet
facet normal 0 -0.9999999999999999 0
outer loop
vertex -2.4836508726591533 8.485315936732215 4.2691833904402205
vertex -2.8083630443296874 8.485315936732215 4.65489121866765
vertex -3.2494282751465695 8.485315936732215 4.521110829076475
endloop
endfacet
facet normal 0 -1 0
outer loop
vertex -2.4836508726591533 8.485315936732215 4.2691833904402205
vertex -3.2494282751465695 8.485315936732215 4.521110829076475
vertex -3.6556388450737964 8.485315936732215 4.304038051329875
endloop
endfacet
facet normal 0 -1 0
outer loop
vertex -2.4836508726591533 8.485315936732215 4.2691833904402205
vertex -3.6556388450737964 8.485315936732215 4.304038051329875
vertex -4.011617697836521 8.485315936732215 4.011617697836521
endloop
endfacet
facet normal 0 -1 0
outer loop
vertex -2.4836508726591533 8.485315936732215 4.2691833904402205
vertex -4.011617697836521 8.485315936732215 4.011617697836521
vertex -4.062361983543519 8.485315936732215 3.95010947273713
endloop
endfacet
facet normal 0 -0.9999999999999999 0
outer loop
vertex -2.4836508726591533 8.485315936732215 4.2691833904402205
vertex -4.062361983543519 8.485315936732215 3.95010947273713
vertex -3.0126216085139146 8.485315936732215 3.95010947273713
endloop
endfacet
facet normal 0 -1 0
outer loop
vertex -2.4836508726591533 8.485315936732215 4.2691833904402205
vertex -3.0126216085139146 8.485315936732215 3.95010947273713
vertex -1.687375641893289 8.485315936732215 3.95010947273713
endloop
endfacet
facet normal 0 -1 0
outer loop
vertex -2.4836508726591533 8.485315936732215 4.2691833904402205
vertex -1.687375641893289 8.485315936732215 3.95010947273713
vertex 0 8.485315936732215 3.95010947273713
endloop
endfacet
facet normal 0 -1 0
outer loop
vertex -2.4836508726591533 8.485315936732215 4.2691833904402205
vertex 0 8.485315936732215 3.95010947273713
vertex 0 8.485315936732215 4.699997250407204
endloop
endfacet
facet normal 0 -1 0
outer loop
vertex -2.4836508726591533 8.485315936732215 4.2691833904402205
vertex 0 8.485315936732215 4.699997250407204
vertex -2.3501267673392254 8.485315936732215 4.699997250407204
endloop
endfacet
facet normal 0 -1 0
outer loop
vertex -1.687375641893289 8.485315936732215 3.95010947273713
vertex -1.2186317097816812 8.485315936732215 3.4813655406255224
vertex 0 8.485315936732215 3.4813655406255224
endloop
endfacet
facet normal 0 -1 0
outer loop
vertex -1.687375641893289 8.485315936732215 3.95010947273713
vertex 0 8.485315936732215 3.4813655406255224
vertex 0 8.485315936732215 3.95010947273713
endloop
endfacet
facet normal 0 -1 0
outer loop
vertex -3.8514400283068575 8.485315936732215 3.7038202880683193
vertex -4.062361983543519 8.485315936732215 3.95010947273713
vertex -4.304038051329875 8.485315936732215 3.6556388450737964
endloop
endfacet
facet normal 0 -1 0
outer loop
vertex -3.8514400283068575 8.485315936732215 3.7038202880683193
vertex -4.304038051329875 8.485315936732215 3.6556388450737964
vertex -4.397069241792704 8.485315936732215 3.4813655406255224
endloop
endfacet
facet normal 0 -1 0
outer loop
vertex -3.8514400283068575 8.485315936732215 3.7038202880683193
vertex -4.397069241792704 8.485315936732215 3.4813655406255224
vertex -3.4813655406255224 8.485315936732215 3.4813655406255224
endloop
endfacet
facet normal 0 -1 0
outer loop
vertex -3.8514400283068575 8.485315936732215 3.7038202880683193
vertex -3.4813655406255224 8.485315936732215 3.4813655406255224
vertex -3.0126216085139146 8.485315936732215 3.95010947273713
endloop
endfacet
facet normal 0 -1 0
outer loop
vertex -3.8514400283068575 8.485315936732215 3.7038202880683193
vertex -3.0126216085139146 8.485315936732215 3.95010947273713
vertex -4.062361983543519 8.485315936732215 3.95010947273713
endloop
endfacet
facet normal 0 -1 0
outer loop
vertex -1.2186317097816812 8.485315936732215 3.4813655406255224
vertex -1.0197551152936508 8.485315936732215 3.2389206200254232
vertex 0 8.485315936732215 3.2389206200254232
endloop
endfacet
facet normal 0 -1 0
outer loop
vertex -1.2186317097816812 8.485315936732215 3.4813655406255224
vertex 0 8.485315936732215 3.2389206200254232
vertex 0 8.485315936732215 3.4813655406255224
endloop
endfacet
facet normal 0 -0.9999999999999999 0
outer loop
vertex -4.12079479738794 8.485315936732215 3.3381026329981913
vertex -4.397069241792704 8.485315936732215 3.4813655406255224
vertex -4.521110829076475 8.485315936732215 3.2494282751465695
endloop
endfacet
facet normal 0 -1 0
outer loop
vertex -4.12079479738794 8.485315936732215 3.3381026329981913
vertex -4.521110829076475 8.485315936732215 3.2494282751465695
vertex -4.524186240331445 8.485315936732215 3.2389206200254232
endloop
endfacet
facet normal 0 -1 0
outer loop
vertex -4.12079479738794 8.485315936732215 3.3381026329981913
vertex -4.524186240331445 8.485315936732215 3.2389206200254232
vertex -3.680242135113553 8.485315936732215 3.2389206200254232
endloop
endfacet
facet normal 0 -1 0
outer loop
vertex -4.12079479738794 8.485315936732215 3.3381026329981913
vertex -3.680242135113553 8.485315936732215 3.2389206200254232
vertex -3.4813655406255224 8.485315936732215 3.4813655406255224
endloop
endfacet
facet normal 0 -1 0
outer loop
vertex -4.12079479738794 8.485315936732215 3.3381026329981913
vertex -3.4813655406255224 8.485315936732215 3.4813655406255224
vertex -4.397069241792704 8.485315936732215 3.4813655406255224
endloop
endfacet
facet normal 0 -0.9999999999999999 0
outer loop
vertex -1.0197551152936508 8.485315936732215 3.2389206200254232
vertex -0.8718790907838654 8.485315936732215 2.962389891349412
vertex 0 8.485315936732215 2.962389891349412
endloop
endfacet
facet normal 0 -1 0
outer loop
vertex -1.0197551152936508 8.485315936732215 3.2389206200254232
vertex 0 8.485315936732215 2.962389891349412
vertex 0 8.485315936732215 3.2389206200254232
endloop
endfacet
facet normal 0 -1 0
outer loop
vertex -4.524186240331445 8.485315936732215 3.2389206200254232
vertex -4.608247481300612 8.485315936732215 2.962389891349412
vertex -3.8281181596233385 8.485315936732215 2.962389891349412
endloop
endfacet
facet normal 0 -1 0
outer loop
vertex -4.524186240331445 8.485315936732215 3.2389206200254232
vertex -3.8281181596233385 8.485315936732215 2.962389891349412
vertex -3.680242135113553 8.485315936732215 3.2389206200254232
endloop
endfacet
facet normal 0 -1 0
outer loop
vertex -0.8718790907838654 8.485315936732215 2.962389891349412
vertex -0.7806418902197689 8.485315936732215 2.6620247254473868
vertex 0 8.485315936732215 2.6620247254473868
endloop
endfacet
facet normal 0 -1 0
outer loop
vertex -0.8718790907838654 8.485315936732215 2.962389891349412
vertex 0 8.485315936732215 2.6620247254473868
vertex 0 8.485315936732215 2.962389891349412
endloop
endfacet
facet normal 0 -0.9999999999999999 0
outer loop
vertex -4.336073585235808 8.485315936732215 2.811438455584657
vertex -4.608247481300612 8.485315936732215 2.962389891349412
vertex -4.65489121866765 8.485315936732215 2.8083630443296874
endloop
endfacet
facet normal 0 -1 0
outer loop
vertex -4.336073585235808 8.485315936732215 2.811438455584657
vertex -4.65489121866765 8.485315936732215 2.8083630443296874
vertex -4.669243137857508 8.485315936732215 2.6620247254473868
endloop
endfacet
facet normal 0 -1 0
outer loop
vertex -4.336073585235808 8.485315936732215 2.811438455584657
vertex -4.669243137857508 8.485315936732215 2.6620247254473868
vertex -3.919355360187435 8.485315936732215 2.6620247254473868
endloop
endfacet
facet normal 0 -1 0
outer loop
vertex -4.336073585235808 8.485315936732215 2.811438455584657
vertex -3.919355360187435 8.485315936732215 2.6620247254473868
vertex -3.8281181596233385 8.485315936732215 2.962389891349412
endloop
endfacet
facet normal 0 -1 0
outer loop
vertex -4.336073585235808 8.485315936732215 2.811438455584657
vertex -3.8281181596233385 8.485315936732215 2.962389891349412
vertex -4.608247481300612 8.485315936732215 2.962389891349412
endloop
endfacet
facet normal 0 -1 0
outer loop
vertex -0.7806418902197689 8.485315936732215 2.6620247254473868
vertex -0.7498877776700735 8.485315936732215 2.3501267673392254
vertex 0 8.485315936732215 2.3501267673392254
endloop
endfacet
facet normal 0 -1 0
outer loop
vertex -0.7806418902197689 8.485315936732215 2.6620247254473868
vertex 0 8.485315936732215 2.3501267673392254
vertex 0 8.485315936732215 2.6620247254473868
endloop
endfacet
facet normal 0 -0.9999999999999999 0
outer loop
vertex -4.669243137857508 8.485315936732215 2.6620247254473868
vertex -4.699997250407204 8.485315936732215 2.3501267673392254
vertex -3.95010947273713 8.485315936732215 2.3501267673392254
endloop
endfacet
facet normal 0 -1 0
outer loop
vertex -4.669243137857508 8.485315936732215 2.6620247254473868
vertex -3.95010947273713 8.485315936732215 2.3501267673392254
vertex -3.919355360187435 8.485315936732215 2.6620247254473868
endloop
endfacet
facet normal 0 -1 0
outer loop
vertex -0.7498877776700735 8.485315936732215 2.3501267673392254
vertex -0.7806418902197689 8.485315936732215 2.037972524959817
vertex 0 8.485315936732215 2.037972524959817
endloop
endfacet
facet normal 0 -1 0
outer loop
vertex -0.7498877776700735 8.485315936732215 2.3501267673392254
vertex 0 8.485315936732215 2.037972524959817
vertex 0 8.485315936732215 2.3501267673392254
endloop
endfacet
facet normal 0 -0.9999999999999999 0
outer loop
vertex -4.699997250407204 8.485315936732215 2.3501267673392254
vertex -4.669243137857508 8.485315936732215 2.037972524959817
vertex -3.919355360187435 8.485315936732215 2.037972524959817
endloop
endfacet
facet normal 0 -1 0
outer loop
vertex -4.699997250407204 8.485315936732215 2.3501267673392254
vertex -3.919355360187435 8.485315936732215 2.037972524959817
vertex -3.95010947273713 8.485315936732215 2.3501267673392254
endloop
endfacet
facet normal 0 -1 0
outer loop
vertex -0.7806418902197689 8.485315936732215 2.037972524959817
vertex -0.8718790907838654 8.485315936732215 1.7376073590577916
vertex 0 8.485315936732215 1.7376073590577916
endloop
endfacet
facet normal 0 -1 0
outer loop
vertex -0.7806418902197689 8.485315936732215 2.037972524959817
vertex 0 8.485315936732215 1.7376073590577916
vertex 0 8.485315936732215 2.037972524959817
endloop
endfacet
facet normal 0 -1 0
outer loop
vertex -4.336073585235808 8.485315936732215 1.8885587948225466
vertex -4.669243137857508 8.485315936732215 2.037972524959817
vertex -4.65489121866765 8.485315936732215 1.8916342060775162
endloop
endfacet
facet normal 0 -0.9999999999999999 0
outer loop
vertex -4.336073585235808 8.485315936732215 1.8885587948225466
vertex -4.65489121866765 8.485315936732215 1.8916342060775162
vertex -4.608247481300612 8.485315936732215 1.7376073590577916
endloop
endfacet
facet normal 0 -1 0
outer loop
vertex -4.336073585235808 8.485315936732215 1.8885587948225466
vertex -4.608247481300612 8.485315936732215 1.7376073590577916
vertex -3.8281181596233385 8.485315936732215 1.7376073590577916
endloop
endfacet
facet normal 0 -1 0
outer loop
vertex -4.336073585235808 8.485315936732215 1.8885587948225466
vertex -3.8281181596233385 8.485315936732215 1.7376073590577916
vertex -3.919355360187435 8.485315936732215 2.037972524959817
endloop
endfacet
facet normal 0 -1 0
outer loop
vertex -4.336073585235808 8.485315936732215 1.8885587948225466
vertex -3.919355360187435 8.485315936732215 2.037972524959817
vertex -4.669243137857508 8.485315936732215 2.037972524959817
endloop
endfacet
facet normal 0 -1 0
outer loop
vertex -0.8718790907838654 8.485315936732215 1.7376073590577916
vertex -1.0197551152936508 8.485315936732215 1.4610766303817804
vertex 0 8.485315936732215 1.4610766303817804
endloop
endfacet
facet normal 0 -1 0
outer loop
vertex -0.8718790907838654 8.485315936732215 1.7376073590577916
vertex 0 8.485315936732215 1.4610766303817804
vertex 0 8.485315936732215 1.7376073590577916
endloop
endfacet
facet normal 0 -1 0
outer loop
vertex -4.608247481300612 8.485315936732215 1.7376073590577916
vertex -4.524186240331445 8.485315936732215 1.4610766303817804
vertex -3.680242135113553 8.485315936732215 1.4610766303817804
endloop
endfacet
facet normal 0 -1 0
outer loop
vertex -4.608247481300612 8.485315936732215 1.7376073590577916
vertex -3.680242135113553 8.485315936732215 1.4610766303817804
vertex -3.8281181596233385 8.485315936732215 1.7376073590577916
endloop
endfacet
facet normal 0 -1 0
outer loop
vertex -1.0197551152936508 8.485315936732215 1.4610766303817804
vertex -1.2186317097816812 8.485315936732215 1.2186317097816812
vertex 0 8.485315936732215 1.2186317097816812
endloop
endfacet
facet normal 0 -1 0
outer loop
vertex -1.0197551152936508 8.485315936732215 1.4610766303817804
vertex 0 8.485315936732215 1.2186317097816812
vertex 0 8.485315936732215 1.4610766303817804
endloop
endfacet
facet normal 0 -1 0
outer loop
vertex -4.12079479738794 8.485315936732215 1.3618946174090125
vertex -4.524186240331445 8.485315936732215 1.4610766303817804
vertex -4.521110829076475 8.485315936732215 1.4505689752606343
endloop
endfacet
facet normal 0 -0.9999999999999999 0
outer loop
vertex -4.12079479738794 8.485315936732215 1.3618946174090125
vertex -4.521110829076475 8.485315936732215 1.4505689752606343
vertex -4.397069241792704 8.485315936732215 1.2186317097816812
endloop
endfacet
facet normal 0 -1 0
outer loop
vertex -4.12079479738794 8.485315936732215 1.3618946174090125
vertex -4.397069241792704 8.485315936732215 1.2186317097816812
vertex -3.4813655406255224 8.485315936732215 1.2186317097816812
endloop
endfacet
facet normal 0 -1 0
outer loop
vertex -4.12079479738794 8.485315936732215 1.3618946174090125
vertex -3.4813655406255224 8.485315936732215 1.2186317097816812
vertex -3.680242135113553 8.485315936732215 1.4610766303817804
endloop
endfacet
facet normal 0 -1 0
outer loop
vertex -4.12079479738794 8.485315936732215 1.3618946174090125
vertex -3.680242135113553 8.485315936732215 1.4610766303817804
vertex -4.524186240331445 8.485315936732215 1.4610766303817804
endloop
endfacet
facet normal 0 -1 0
outer loop
vertex -1.2186317097816812 8.485315936732215 1.2186317097816812
vertex -1.4610766303817804 8.485315936732215 1.0197551152936508
vertex 0 8.485315936732215 1.0197551152936508
endloop
endfacet
facet normal 0 -1 0
outer loop
vertex -1.2186317097816812 8.485315936732215 1.2186317097816812
vertex 0 8.485315936732215 1.0197551152936508
vertex 0 8.485315936732215 1.2186317097816812
endloop
endfacet
facet normal 0 -0.9999999999999999 0
outer loop
vertex -3.9408832389722215 8.485315936732215 1.1043289248053134
vertex -4.397069241792704 8.485315936732215 1.2186317097816812
vertex -4.304038051329875 8.485315936732215 1.0443584053334072
endloop
endfacet
facet normal 0 -0.9999999999999999 0
outer loop
vertex -3.9408832389722215 8.485315936732215 1.1043289248053134
vertex -4.304038051329875 8.485315936732215 1.0443584053334072
vertex -4.283535309630079 8.485315936732215 1.0197551152936508
endloop
endfacet
facet normal 0 -1 0
outer loop
vertex -3.9408832389722215 8.485315936732215 1.1043289248053134
vertex -4.283535309630079 8.485315936732215 1.0197551152936508
vertex -3.2389206200254232 8.485315936732215 1.0197551152936508
endloop
endfacet
facet normal 0 -1 0
outer loop
vertex -3.9408832389722215 8.485315936732215 1.1043289248053134
vertex -3.2389206200254232 8.485315936732215 1.0197551152936508
vertex -3.4813655406255224 8.485315936732215 1.2186317097816812
endloop
endfacet
facet normal 0 -1 0
outer loop
vertex -3.9408832389722215 8.485315936732215 1.1043289248053134
vertex -3.4813655406255224 8.485315936732215 1.2186317097816812
vertex -4.397069241792704 8.485315936732215 1.2186317097816812
endloop
endfacet
facet normal 0 -1 0
outer loop
vertex -1.4610766303817804 8.485315936732215 1.0197551152936508
vertex -1.7376073590577916 8.485315936732215 0.8718790907838654
vertex 0 8.485315936732215 0.8718790907838654
endloop
endfacet
facet normal 0 -1 0
outer loop
vertex -1.4610766303817804 8.485315936732215 1.0197551152936508
vertex 0 8.485315936732215 0.8718790907838654
vertex 0 8.485315936732215 1.0197551152936508
endloop
endfacet
facet normal 0 -0.9999999999999999 0
outer loop
vertex -4.283535309630079 8.485315936732215 1.0197551152936508
vertex -4.1623128493300285 8.485315936732215 0.8718790907838654
vertex -2.962389891349412 8.485315936732215 0.8718790907838654
endloop
endfacet
facet normal 0 -1 0
outer loop
vertex -4.283535309630079 8.485315936732215 1.0197551152936508
vertex -2.962389891349412 8.485315936732215 0.8718790907838654
vertex -3.2389206200254232 8.485315936732215 1.0197551152936508
endloop
endfacet
facet normal 0 -1 0
outer loop
vertex -1.7376073590577916 8.485315936732215 0.8718790907838654
vertex -2.037972524959817 8.485315936732215 0.7806418902197689
vertex 0 8.485315936732215 0.7806418902197689
endloop
endfacet
facet normal 0 -1 0
outer loop
vertex -1.7376073590577916 8.485315936732215 0.8718790907838654
vertex 0 8.485315936732215 0.7806418902197689
vertex 0 8.485315936732215 0.8718790907838654
endloop
endfacet
facet normal 0 -1 0
outer loop
vertex -4.1623128493300285 8.485315936732215 0.8718790907838654
vertex -4.08747784212577 8.485315936732215 0.7806418902197689
vertex -2.6620247254473868 8.485315936732215 0.7806418902197689
endloop
endfacet
facet normal 0 -1 0
outer loop
vertex -4.1623128493300285 8.485315936732215 0.8718790907838654
vertex -2.6620247254473868 8.485315936732215 0.7806418902197689
vertex -2.962389891349412 8.485315936732215 0.8718790907838654
endloop
endfacet
facet normal 0 -1 0
outer loop
vertex -2.037972524959817 8.485315936732215 0.7806418902197689
vertex -2.3501267673392254 8.485315936732215 0.7498877776700735
vertex 0 8.485315936732215 0.7498877776700735
endloop
endfacet
facet normal 0 -1 0
outer loop
vertex -2.037972524959817 8.485315936732215 0.7806418902197689
vertex 0 8.485315936732215 0.7498877776700735
vertex 0 8.485315936732215 0.7806418902197689
endloop
endfacet
facet normal 0 -1 0
outer loop
vertex -4.08747784212577 8.485315936732215 0.7806418902197689
vertex -4.062361983543519 8.485315936732215 0.7498877776700735
vertex -2.3501267673392254 8.485315936732215 0.7498877776700735
endloop
endfacet
facet normal 0 -1 0
outer loop
vertex -4.08747784212577 8.485315936732215 0.7806418902197689
vertex -2.3501267673392254 8.485315936732215 0.7498877776700735
vertex -2.6620247254473868 8.485315936732215 0.7806418902197689
endloop
endfacet
facet normal 0 -1 0
outer loop
vertex -2.2911813849523095 8.485315936732215 0.48975924235389967
vertex -2.3501267673392254 8.485315936732215 0.7498877776700735
vertex -4.062361983543519 8.485315936732215 0.7498877776700735
endloop
endfacet
facet normal 0 -0.9999999999999999 0
outer loop
vertex -2.2911813849523095 8.485315936732215 0.48975924235389967
vertex -4.062361983543519 8.485315936732215 0.7498877776700735
vertex -4.011617697836521 8.485315936732215 0.6883795525706826
endloop
endfacet
facet normal 0 -1 0
outer loop
vertex -2.2911813849523095 8.485315936732215 0.48975924235389967
vertex -4.011617697836521 8.485315936732215 0.6883795525706826
vertex -3.323494429537086 8.485315936732215 0
endloop
endfacet
facet normal 0 -0.9999999999999999 0
outer loop
vertex -2.2911813849523095 8.485315936732215 0.48975924235389967
vertex -3.323494429537086 8.485315936732215 0
vertex 0 8.485315936732215 0
endloop
endfacet
facet normal 0 -1 0
outer loop
vertex -2.2911813849523095 8.485315936732215 0.48975924235389967
vertex 0 8.485315936732215 0
vertex 0 8.485315936732215 0.7498877776700735
endloop
endfacet
facet normal 0 -1 0
outer loop
vertex -2.2911813849523095 8.485315936732215 0.48975924235389967
vertex 0 8.485315936732215 0.7498877776700735
vertex -2.3501267673392254 8.485315936732215 0.7498877776700735
endloop
endfacet
facet normal 1 0 0
outer loop
vertex 2.0000424528151926 37.28526091816575 0
vertex 2.0000424528151926 37.48516264973877 0
vertex 2.0000424528151926 37.48516264973877 0.19990173157302027
endloop
endfacet
facet normal 0.44727471843496175 0.8943966269217062 0
outer loop
vertex 0.5000106132037981 38.23530671168009 0.6025243217027829
vertex 2.0000424528151926 37.48516264973877 0.19990173157302027
vertex 2.0000424528151926 37.48516264973877 0
endloop
endfacet
facet normal 0.447213587408818 0.8944271748176353 -0.0001902227083813507
outer loop
vertex 0.5000106132037981 38.23530671168009 0.6025243217027829
vertex 2.0000424528151926 37.48516264973877 0
vertex 0 38.485183876146365 0
endloop
endfacet
facet normal 0.44703018909818687 0.894518870698008 0
outer loop
vertex 0.5000106132037981 38.23530671168009 0.6025243217027829
vertex 0 38.485183876146365 0
vertex 0 38.485183876146365 0.7498877776700735
endloop
endfacet
facet normal 0.4470301890981866 0.8945188706980081 0
outer loop
vertex 0.5000106132037981 38.23530671168009 0.6025243217027829
vertex 0 38.485183876146365 0.7498877776700735
vertex 0 38.485183876146365 0.7806418902197689
endloop
endfacet
facet normal 0.44703018909818665 0.8945188706980078 0
outer loop
vertex 0.5000106132037981 38.23530671168009 0.6025243217027829
vertex 0 38.485183876146365 0.7806418902197689
vertex 0 38.485183876146365 0.8718790907838654
endloop
endfacet
facet normal 0.4470301890981869 0.8945188706980077 0
outer loop
vertex 0.5000106132037981 38.23530671168009 0.6025243217027829
vertex 0 38.485183876146365 0.8718790907838654
vertex 0 38.485183876146365 1.0197551152936508
endloop
endfacet
facet normal 0.4470301890981869 0.8945188706980078 0
outer loop
vertex 0.5000106132037981 38.23530671168009 0.6025243217027829
vertex 0 38.485183876146365 1.0197551152936508
vertex 0 38.485183876146365 1.1988978208956267
endloop
endfacet
facet normal 0.4473456836261315 0.8943610736292023 0.00033063255956402167
outer loop
vertex 0.5000106132037981 38.23530671168009 0.6025243217027829
vertex 0 38.485183876146365 1.1988978208956267
vertex 2.0000424528151926 37.48516264973877 0.19990173157302027
endloop
endfacet
facet normal 1 0 0
outer loop
vertex 6.9998923005819265 20.183411497822615 1.994147914576501
vertex 6.9998923005819265 8.485315936732215 4.699997250407204
vertex 6.9998923005819265 0 4.699997250407204
endloop
endfacet
facet normal 1 0 0
outer loop
vertex 6.9998923005819265 20.183411497822615 1.994147914576501
vertex 6.9998923005819265 0 4.699997250407204
vertex 6.9998923005819265 0 1.5999827053979045
endloop
endfacet
facet normal 1 0 0
outer loop
vertex 6.9998923005819265 20.183411497822615 1.994147914576501
vertex 6.9998923005819265 0 1.5999827053979045
vertex 6.9998923005819265 6.885333231334311 1.5999827053979045
endloop
endfacet
facet normal 1 0 0
outer loop
vertex 6.9998923005819265 20.183411497822615 1.994147914576501
vertex 6.9998923005819265 6.885333231334311 1.5999827053979045
vertex 6.9998923005819265 6.916087343884007 1.5999827053979045
endloop
endfacet
facet normal 1 0 0
outer loop
vertex 6.9998923005819265 20.183411497822615 1.994147914576501
vertex 6.9998923005819265 6.916087343884007 1.5999827053979045
vertex 6.9998923005819265 7.0070682601768555 1.5999827053979045
endloop
endfacet
facet normal 1 0 0
outer loop
vertex 6.9998923005819265 20.183411497822615 1.994147914576501
vertex 6.9998923005819265 7.0070682601768555 1.5999827053979045
vertex 6.9998923005819265 7.154944284686641 1.5999827053979045
endloop
endfacet
facet normal 1 0 0
outer loop
vertex 6.9998923005819265 20.183411497822615 1.994147914576501
vertex 6.9998923005819265 7.154944284686641 1.5999827053979045
vertex 6.9998923005819265 7.3538208791746715 1.5999827053979045
endloop
endfacet
facet normal 1 0 0
outer loop
vertex 6.9998923005819265 20.183411497822615 1.994147914576501
vertex 6.9998923005819265 7.3538208791746715 1.5999827053979045
vertex 6.9998923005819265 7.596265799774771 1.5999827053979045
endloop
endfacet
facet normal 1 0 0
outer loop
vertex 6.9998923005819265 20.183411497822615 1.994147914576501
vertex 6.9998923005819265 7.596265799774771 1.5999827053979045
vertex 6.9998923005819265 7.87305281272203 1.5999827053979045
endloop
endfacet
facet normal 1 0 0
outer loop
vertex 6.9998923005819265 20.183411497822615 1.994147914576501
vertex 6.9998923005819265 7.87305281272203 1.5999827053979045
vertex 6.9998923005819265 8.173161694352807 1.5999827053979045
endloop
endfacet
facet normal 0.9999999999999999 0 0
outer loop
vertex 6.9998923005819265 20.183411497822615 1.994147914576501
vertex 6.9998923005819265 8.173161694352807 1.5999827053979045
vertex 6.9998923005819265 8.485315936732215 1.5999827053979045
endloop
endfacet
facet normal 0.9999999999999999 0 0
outer loop
vertex 6.9998923005819265 20.183411497822615 1.994147914576501
vertex 6.9998923005819265 8.485315936732215 1.5999827053979045
vertex 6.9998923005819265 8.797470179111624 1.5999827053979045
endloop
endfacet
facet normal 1 0 0
outer loop
vertex 6.9998923005819265 20.183411497822615 1.994147914576501
vertex 6.9998923005819265 8.797470179111624 1.5999827053979045
vertex 6.9998923005819265 9.097579060742403 1.5999827053979045
endloop
endfacet
facet normal 1 0 0
outer loop
vertex 6.9998923005819265 20.183411497822615 1.994147914576501
vertex 6.9998923005819265 9.097579060742403 1.5999827053979045
vertex 6.9998923005819265 9.374109789418414 1.5999827053979045
endloop
endfacet
facet normal 1 0 0
outer loop
vertex 6.9998923005819265 20.183411497822615 1.994147914576501
vertex 6.9998923005819265 9.374109789418414 1.5999827053979045
vertex 6.9998923005819265 9.616554710018512 1.5999827053979045
endloop
endfacet
facet normal 1 0 0
outer loop
vertex 6.9998923005819265 20.183411497822615 1.994147914576501
vertex 6.9998923005819265 9.616554710018512 1.5999827053979045
vertex 6.9998923005819265 9.815687588777791 1.5999827053979045
endloop
endfacet
facet normal 1 0 0
outer loop
vertex 6.9998923005819265 20.183411497822615 1.994147914576501
vertex 6.9998923005819265 9.815687588777791 1.5999827053979045
vertex 6.9998923005819265 9.963563613287576 1.5999827053979045
endloop
endfacet
facet normal 0.9999999999999999 0 0
outer loop
vertex 6.9998923005819265 20.183411497822615 1.994147914576501
vertex 6.9998923005819265 9.963563613287576 1.5999827053979045
vertex 6.9998923005819265 10.054544529580426 1.5999827053979045
endloop
endfacet
facet normal 0.9999999999999999 0 0
outer loop
vertex 6.9998923005819265 20.183411497822615 1.994147914576501
vertex 6.9998923005819265 10.054544529580426 1.5999827053979045
vertex 6.9998923005819265 10.085298642130121 1.5999827053979045
endloop
endfacet
facet normal 1 0 0
outer loop
vertex 6.9998923005819265 20.183411497822615 1.994147914576501
vertex 6.9998923005819265 10.085298642130121 1.5999827053979045
vertex 6.9998923005819265 21.88539534317701 1.5999827053979045
endloop
endfacet
facet normal 1 0 0
outer loop
vertex 6.9998923005819265 20.183411497822615 1.994147914576501
vertex 6.9998923005819265 21.88539534317701 1.5999827053979045
vertex 6.9998923005819265 21.916149455726703 1.5999827053979045
endloop
endfacet
facet normal 1 0 0
outer loop
vertex 6.9998923005819265 20.183411497822615 1.994147914576501
vertex 6.9998923005819265 21.916149455726703 1.5999827053979045
vertex 6.9998923005819265 22.007130372019553 1.5999827053979045
endloop
endfacet
facet normal 1 0 0
outer loop
vertex 6.9998923005819265 20.183411497822615 1.994147914576501
vertex 6.9998923005819265 22.007130372019553 1.5999827053979045
vertex 6.9998923005819265 22.155006396529338 1.5999827053979045
endloop
endfacet
facet normal 1 0 0
outer loop
vertex 6.9998923005819265 20.183411497822615 1.994147914576501
vertex 6.9998923005819265 22.155006396529338 1.5999827053979045
vertex 6.9998923005819265 22.353882991017368 1.5999827053979045
endloop
endfacet
facet normal 1 0 0
outer loop
vertex 6.9998923005819265 20.183411497822615 1.994147914576501
vertex 6.9998923005819265 22.353882991017368 1.5999827053979045
vertex 6.9998923005819265 22.59632791161747 1.5999827053979045
endloop
endfacet
facet normal 1 0 0
outer loop
vertex 6.9998923005819265 20.183411497822615 1.994147914576501
vertex 6.9998923005819265 22.59632791161747 1.5999827053979045
vertex 6.9998923005819265 22.873114924564728 1.5999827053979045
endloop
endfacet
facet normal 1 0 0
outer loop
vertex 6.9998923005819265 20.183411497822615 1.994147914576501
vertex 6.9998923005819265 22.873114924564728 1.5999827053979045
vertex 6.9998923005819265 23.173223806195505 1.5999827053979045
endloop
endfacet
facet normal 0.9999999999999999 0 0
outer loop
vertex 6.9998923005819265 20.183411497822615 1.994147914576501
vertex 6.9998923005819265 23.173223806195505 1.5999827053979045
vertex 6.9998923005819265 23.485378048574912 1.5999827053979045
endloop
endfacet
facet normal 1 0 0
outer loop
vertex 6.9998923005819265 20.183411497822615 1.994147914576501
vertex 6.9998923005819265 23.485378048574912 1.5999827053979045
vertex 6.9998923005819265 23.797532290954322 1.5999827053979045
endloop
endfacet
facet normal 1 0 0
outer loop
vertex 6.9998923005819265 20.183411497822615 1.994147914576501
vertex 6.9998923005819265 23.797532290954322 1.5999827053979045
vertex 6.9998923005819265 24.0976411725851 1.5999827053979045
endloop
endfacet
facet normal 1 0 0
outer loop
vertex 6.9998923005819265 20.183411497822615 1.994147914576501
vertex 6.9998923005819265 24.0976411725851 1.5999827053979045
vertex 6.9998923005819265 24.37417190126111 1.5999827053979045
endloop
endfacet
facet normal 1 0 0
outer loop
vertex 6.9998923005819265 20.183411497822615 1.994147914576501
vertex 6.9998923005819265 24.37417190126111 1.5999827053979045
vertex 6.9998923005819265 24.61661682186121 1.5999827053979045
endloop
endfacet
facet normal 1 0 0
outer loop
vertex 6.9998923005819265 20.183411497822615 1.994147914576501
vertex 6.9998923005819265 24.61661682186121 1.5999827053979045
vertex 6.9998923005819265 24.815749700620486 1.5999827053979045
endloop
endfacet
facet normal 1 0 0
outer loop
vertex 6.9998923005819265 20.183411497822615 1.994147914576501
vertex 6.9998923005819265 24.815749700620486 1.5999827053979045
vertex 6.9998923005819265 24.963369440859026 1.5999827053979045
endloop
endfacet
facet normal 0.9999999999999999 0 0
outer loop
vertex 6.9998923005819265 20.183411497822615 1.994147914576501
vertex 6.9998923005819265 24.963369440859026 1.5999827053979045
vertex 6.9998923005819265 25.054606641423124 1.5999827053979045
endloop
endfacet
facet normal 0.9999999999999999 0 0
outer loop
vertex 6.9998923005819265 20.183411497822615 1.994147914576501
vertex 6.9998923005819265 25.054606641423124 1.5999827053979045
vertex 6.9998923005819265 25.085360753972818 1.5999827053979045
endloop
endfacet
facet normal 1 0 0
outer loop
vertex 6.9998923005819265 20.183411497822615 1.994147914576501
vertex 6.9998923005819265 25.085360753972818 1.5999827053979045
vertex 6.9998923005819265 31.97043770103588 1.5999827053979045
endloop
endfacet
facet normal 0.9999999999999999 0 0
outer loop
vertex 6.9998923005819265 20.183411497822615 1.994147914576501
vertex 6.9998923005819265 31.97043770103588 1.5999827053979045
vertex 6.9998923005819265 38.485183876146365 1.5999827053979045
endloop
endfacet
facet normal 1 0 0
outer loop
vertex 6.9998923005819265 20.183411497822615 1.994147914576501
vertex 6.9998923005819265 38.485183876146365 1.5999827053979045
vertex 6.9998923005819265 38.485183876146365 1.7376073590577916
endloop
endfacet
facet normal 1 0 0
outer loop
vertex 6.9998923005819265 20.183411497822615 1.994147914576501
vertex 6.9998923005819265 38.485183876146365 1.7376073590577916
vertex 6.9998923005819265 38.485183876146365 2.037972524959817
endloop
endfacet
facet normal 1 0 0
outer loop
vertex 6.9998923005819265 20.183411497822615 1.994147914576501
vertex 6.9998923005819265 38.485183876146365 2.037972524959817
vertex 6.9998923005819265 38.485183876146365 2.3501267673392254
endloop
endfacet
facet normal 1 0 0
outer loop
vertex 6.9998923005819265 20.183411497822615 1.994147914576501
vertex 6.9998923005819265 38.485183876146365 2.3501267673392254
vertex 6.9998923005819265 38.485183876146365 2.6620247254473868
endloop
endfacet
facet normal 1 0 0
outer loop
vertex 6.9998923005819265 20.183411497822615 1.994147914576501
vertex 6.9998923005819265 38.485183876146365 2.6620247254473868
vertex 6.9998923005819265 38.485183876146365 2.962389891349412
endloop
endfacet
facet normal 1 0 0
outer loop
vertex 6.9998923005819265 20.183411497822615 1.994147914576501
vertex 6.9998923005819265 38.485183876146365 2.962389891349412
vertex 6.9998923005819265 38.485183876146365 3.2389206200254232
endloop
endfacet
facet normal 1 0 0
outer loop
vertex 6.9998923005819265 20.183411497822615 1.994147914576501
vertex 6.9998923005819265 38.485183876146365 3.2389206200254232
vertex 6.9998923005819265 38.485183876146365 3.4813655406255224
endloop
endfacet
facet normal 1 0 0
outer loop
vertex 6.9998923005819265 20.183411497822615 1.994147914576501
vertex 6.9998923005819265 38.485183876146365 3.4813655406255224
vertex 6.9998923005819265 38.485183876146365 3.95010947273713
endloop
endfacet
facet normal 1 0 0
outer loop
vertex 6.9998923005819265 20.183411497822615 1.994147914576501
vertex 6.9998923005819265 38.485183876146365 3.95010947273713
vertex 6.9998923005819265 38.485183876146365 4.699997250407204
endloop
endfacet
facet normal 1 0 0
outer loop
vertex 6.9998923005819265 20.183411497822615 1.994147914576501
vertex 6.9998923005819265 38.485183876146365 4.699997250407204
vertex 6.9998923005819265 8.485315936732215 4.699997250407204
endloop
endfacet
endsolid JSCAD
